datetime,open,high,low,close
2021-01-01 00:00:00,1.1,1.1005149235108147,1.099583621917991,1.1
2021-01-01 04:00:00,1.1,1.1008291580032263,1.0998217338188865,1.1003388112202979
2021-01-01 08:00:00,1.1003388112202979,1.1005440409195748,1.0994394123168518,1.1002663641297932
2021-01-01 12:00:00,1.1002663641297932,1.1011564612321252,1.1005973481986753,1.1007416752702561
2021-01-01 16:00:00,1.1007416752702561,1.1022169613705,1.1019570468750994,1.1019754102036412
2021-01-01 20:00:00,1.1019754102036412,1.101966469199549,1.1018650709773739,1.1018720826999993
2021-01-02 00:00:00,1.1018720826999993,1.1020266811478028,1.1015782400936511,1.1016577780472852
2021-01-02 04:00:00,1.1016577780472852,1.1032072332927172,1.1027961874574548,1.103065529506683
2021-01-02 08:00:00,1.103065529506683,1.1046333565244408,1.1039175516099504,1.1039331865887563
2021-01-02 12:00:00,1.1039331865887563,1.1040207495358874,1.103355052096412,1.103517515600855
2021-01-02 16:00:00,1.103517515600855,1.1044277739751673,1.1038780945934408,1.1040580955196884
2021-01-02 20:00:00,1.1040580955196884,1.1036235207605904,1.1033276523232196,1.103597599271638
2021-01-03 00:00:00,1.103597599271638,1.1032406617401482,1.1026961641754893,1.1030436420381806
2021-01-03 04:00:00,1.1030436420381806,1.1033626669376038,1.1029892575237819,1.1032745768976406
2021-01-03 08:00:00,1.1032745768976406,1.101581630700727,1.1007267586184144,1.1010997103875717
2021-01-03 12:00:00,1.1010997103875717,1.0989798642984476,1.0987609884679848,1.098769338711605
2021-01-03 16:00:00,1.098769338711605,1.0981982110392694,1.0975910883131335,1.097819985891017
2021-01-03 20:00:00,1.097819985891017,1.0972913681932728,1.0960648009071268,1.0963359937428911
2021-01-04 00:00:00,1.0963359937428911,1.0967579509764287,1.096353591349885,1.096672702894628
2021-01-04 04:00:00,1.096672702894628,1.0954496852350397,1.0951055045951361,1.0953851275178692
2021-01-04 08:00:00,1.0953851275178692,1.0935965366313465,1.093082022191322,1.0931750409458196
2021-01-04 12:00:00,1.0931750409458196,1.0954271085300067,1.0950565512810144,1.0953178173037585
2021-01-04 16:00:00,1.0953178173037585,1.0952879419861736,1.094881496026137,1.0951130619826537
2021-01-04 20:00:00,1.0951130619826537,1.0962997796996496,1.0949685439875874,1.0952079957627778
2021-01-05 00:00:00,1.0952079957627778,1.0930222895377408,1.0923959950273012,1.0929020172321715
2021-01-05 04:00:00,1.0929020172321715,1.091925717840541,1.091365016283206,1.0917869469620038
2021-01-05 08:00:00,1.0917869469620038,1.0919410435330987,1.0916755602613915,1.0918901271625765
2021-01-05 12:00:00,1.0918901271625765,1.0904023430572516,1.089443589464357,1.0899351898873655
2021-01-05 16:00:00,1.0899351898873655,1.0911015565549915,1.089376420665561,1.0904444398922997
2021-01-05 20:00:00,1.0904444398922997,1.090283096435556,1.0888149101994422,1.0894265649143566
2021-01-06 00:00:00,1.0894265649143566,1.0890821501575476,1.0884130103663316,1.088826443504733
2021-01-06 04:00:00,1.088826443504733,1.0884228067758934,1.0875242667716913,1.0877119117896872
2021-01-06 08:00:00,1.0877119117896872,1.0911344054332972,1.0904366459096313,1.090949017696789
2021-01-06 12:00:00,1.090949017696789,1.0914017386843164,1.0911281571530285,1.091182411152306
2021-01-06 16:00:00,1.091182411152306,1.0895860091342142,1.0891636174152275,1.0891979284074491
2021-01-06 20:00:00,1.0891979284074491,1.091267613654972,1.0900755780788858,1.0906451490611646
2021-01-07 00:00:00,1.0906451490611646,1.0883727421683074,1.0880320264910557,1.088342557134753
2021-01-07 04:00:00,1.088342557134753,1.0889621682502677,1.0884725270148607,1.0885865869430649
2021-01-07 08:00:00,1.0885865869430649,1.0854020714347226,1.0836531362064261,1.0846666789505364
2021-01-07 12:00:00,1.0846666789505364,1.081849353469291,1.0807440681472371,1.0814945227308372
2021-01-07 16:00:00,1.0814945227308372,1.082038649940392,1.0812218590022074,1.0816850227885457
2021-01-07 20:00:00,1.0816850227885457,1.08374404849202,1.0831889516339874,1.0833306126527231
2021-01-08 00:00:00,1.0833306126527231,1.0843738251454513,1.0838016032228162,1.0838455673935132
2021-01-08 04:00:00,1.0838455673935132,1.0845863016327133,1.083589353891912,1.083631832678808
2021-01-08 08:00:00,1.083631832678808,1.083119155727012,1.0826140808089288,1.0829649016508474
2021-01-08 12:00:00,1.0829649016508474,1.0798038492252084,1.0790347023552096,1.0797565249737922
2021-01-08 16:00:00,1.0797565249737922,1.0780700774774357,1.0777820944026297,1.0778905274604484
2021-01-08 20:00:00,1.0778905274604484,1.0766972635056204,1.0764142840604611,1.0766964121209581
2021-01-09 00:00:00,1.0766964121209581,1.0796620848360852,1.0788585467388754,1.0790004963914304
2021-01-09 04:00:00,1.0790004963914304,1.0805664783977758,1.0795458723250715,1.079985439974096
2021-01-09 08:00:00,1.079985439974096,1.076357385093149,1.0757875570983089,1.075986793862705
2021-01-09 12:00:00,1.075986793862705,1.077053406673349,1.075997368223995,1.076460414368721
2021-01-09 16:00:00,1.076460414368721,1.076012351272919,1.0750957318863341,1.0755735015779326
2021-01-09 20:00:00,1.0755735015779326,1.0740497227428363,1.0734287249369714,1.0738937368223727
2021-01-10 00:00:00,1.0738937368223727,1.0755919827191212,1.0749405902611524,1.0752245131288525
2021-01-10 04:00:00,1.0752245131288525,1.0779528204343867,1.077733140574725,1.0778057146803957
2021-01-10 08:00:00,1.0778057146803957,1.0809601870970853,1.0802084016896931,1.0803118813029569
2021-01-10 12:00:00,1.0803118813029569,1.0784252533204102,1.0778017904191752,1.078393113067274
2021-01-10 16:00:00,1.078393113067274,1.0778947085341262,1.0767653000846462,1.0774526805060043
2021-01-10 20:00:00,1.0774526805060043,1.079351376358056,1.0782066221856084,1.0782119168674964
2021-01-11 00:00:00,1.0782119168674964,1.0809591143421413,1.0805778314917813,1.0807005679035324
2021-01-11 04:00:00,1.0807005679035324,1.0797018961935865,1.0794314005300765,1.079680592728273
2021-01-11 08:00:00,1.079680592728273,1.0794429762602535,1.0785583802954355,1.0791311302475715
2021-01-11 12:00:00,1.0791311302475715,1.0765097065757323,1.0760923785828,1.0763524381987903
2021-01-11 16:00:00,1.0763524381987903,1.074124515019491,1.0730054130730893,1.0730995042351197
2021-01-11 20:00:00,1.0730995042351197,1.07504735236115,1.0746803576934076,1.0749699239812687
2021-01-12 00:00:00,1.0749699239812687,1.0788250504219936,1.0786374740723668,1.078707284357725
2021-01-12 04:00:00,1.078707284357725,1.0791687909321528,1.0786585522002972,1.078808171681113
2021-01-12 08:00:00,1.078808171681113,1.0819833586833276,1.0813628986290584,1.0815086974112484
2021-01-12 12:00:00,1.0815086974112484,1.0830925955393351,1.082502109398824,1.0827170281079632
2021-01-12 16:00:00,1.0827170281079632,1.0812742596776705,1.08041797983165,1.0810591918717365
2021-01-12 20:00:00,1.0810591918717365,1.0821589379748504,1.081604463357923,1.0819094707069745
2021-01-13 00:00:00,1.0819094707069745,1.0867649322228716,1.085757848935526,1.086109549405716
2021-01-13 04:00:00,1.086109549405716,1.086425514883677,1.086217376815339,1.0863451381297058
2021-01-13 08:00:00,1.0863451381297058,1.0908688106996693,1.090015508128374,1.0906712873583178
2021-01-13 12:00:00,1.0906712873583178,1.0842063887235316,1.0830137104360975,1.083466454893093
2021-01-13 16:00:00,1.083466454893093,1.0858110941520918,1.085278909120021,1.0854764119008071
2021-01-13 20:00:00,1.0854764119008071,1.0864665206403286,1.0859064981042457,1.0859112496400791
2021-01-14 00:00:00,1.0859112496400791,1.0854184366464465,1.0848389131767813,1.0850298102342382
2021-01-14 04:00:00,1.0850298102342382,1.0858155668774254,1.0845076447174042,1.0852353703128703
2021-01-14 08:00:00,1.0852353703128703,1.0800351431630997,1.0791445068272978,1.0794579969734812
2021-01-14 12:00:00,1.0794579969734812,1.0789837641619064,1.0777728045246588,1.0783157952767022
2021-01-14 16:00:00,1.0783157952767022,1.0794547354442836,1.0792756129572167,1.079316489431176
2021-01-14 20:00:00,1.079316489431176,1.0843847946450182,1.0835053498394003,1.0838553118393368
2021-01-15 00:00:00,1.0838553118393368,1.0826435053387682,1.082560438752885,1.082585496778773
2021-01-15 04:00:00,1.082585496778773,1.0800137911055154,1.0796250599152828,1.079972703912179
2021-01-15 08:00:00,1.079972703912179,1.0783375973057006,1.077521907957587,1.078193965645222
2021-01-15 12:00:00,1.078193965645222,1.0810391641231623,1.0805632278030692,1.0809049628579597
2021-01-15 16:00:00,1.0809049628579597,1.082829937195436,1.081934638542878,1.0821599496537362
2021-01-15 20:00:00,1.0821599496537362,1.0807243054444677,1.080075853825177,1.0806100828996645
2021-01-16 00:00:00,1.0806100828996645,1.0820899506464383,1.0811981539683744,1.0820724929605279
2021-01-16 04:00:00,1.0820724929605279,1.082809972603562,1.0822325744858343,1.082487235215784
2021-01-16 08:00:00,1.082487235215784,1.0854594964375945,1.0848498516918823,1.0854188915696583
2021-01-16 12:00:00,1.0854188915696583,1.0835863982835745,1.0835127367999178,1.0835158814657253
2021-01-16 16:00:00,1.0835158814657253,1.0827456916419096,1.0822335578878024,1.082368510880878
2021-01-16 20:00:00,1.082368510880878,1.0811340519821062,1.0808166878192187,1.0811028499541215
2021-01-17 00:00:00,1.0811028499541215,1.076996751749768,1.0765805402274602,1.0766788139953192
2021-01-17 04:00:00,1.0766788139953192,1.0777289949385815,1.076656732777706,1.0772363364161668
2021-01-17 08:00:00,1.0772363364161668,1.0781033374098712,1.077806062577866,1.0780656164313978
2021-01-17 12:00:00,1.0780656164313978,1.0782475835880634,1.0778412699128912,1.078147081756817
2021-01-17 16:00:00,1.078147081756817,1.0777917841454163,1.0774123862484684,1.0774823033066259
2021-01-17 20:00:00,1.0774823033066259,1.0737192497036003,1.0727646600592295,1.0734668320054788
2021-01-18 00:00:00,1.0734668320054788,1.0720226577985907,1.071529904167374,1.071923778897605
2021-01-18 04:00:00,1.071923778897605,1.071296038091155,1.070746370017336,1.0708105664101233
2021-01-18 08:00:00,1.0708105664101233,1.0685858102678545,1.0679608963584875,1.068436261793361
2021-01-18 12:00:00,1.068436261793361,1.0681654164346548,1.0675849365246326,1.0677829987634302
2021-01-18 16:00:00,1.0677829987634302,1.069323458761272,1.0683698760063371,1.0688690381994246
2021-01-18 20:00:00,1.0688690381994246,1.0752278765532675,1.0741630445178778,1.0742233369045637
2021-01-19 00:00:00,1.0742233369045637,1.0755438773479815,1.0743058951567668,1.0751736921205801
2021-01-19 04:00:00,1.0751736921205801,1.0762362505093839,1.075958455288879,1.076006326093638
2021-01-19 08:00:00,1.076006326093638,1.0761707877225686,1.07571717693367,1.0758580392742307
2021-01-19 12:00:00,1.0758580392742307,1.0709259565981144,1.070269669228336,1.070480228253487
2021-01-19 16:00:00,1.070480228253487,1.0705139227735703,1.069645682327751,1.0699724061398272
2021-01-19 20:00:00,1.0699724061398272,1.070312224900121,1.0699112538040443,1.0701065132919627
2021-01-20 00:00:00,1.0701065132919627,1.0774531917156696,1.076860556443919,1.0770770811523354
2021-01-20 04:00:00,1.0770770811523354,1.077130079609144,1.0768992162845383,1.0770409072612914
2021-01-20 08:00:00,1.0770409072612914,1.0783867332452763,1.0776320215675907,1.077942178992601
2021-01-20 12:00:00,1.077942178992601,1.0782665261874744,1.0778387919114578,1.0779119576250995
2021-01-20 16:00:00,1.0779119576250995,1.0749360628697608,1.0743691386853857,1.0745763031677218
2021-01-20 20:00:00,1.0745763031677218,1.0778956422136488,1.077330454796612,1.0776577107975873
2021-01-21 00:00:00,1.0776577107975873,1.0803085339906833,1.0798050134044495,1.080159861639244
2021-01-21 04:00:00,1.080159861639244,1.0828110286532786,1.0823519509316821,1.0827614501447624
2021-01-21 08:00:00,1.0827614501447624,1.0802437612910067,1.0801456151545457,1.0801799201053064
2021-01-21 12:00:00,1.0801799201053064,1.084651809851553,1.084197757031892,1.0843213847383926
2021-01-21 16:00:00,1.0843213847383926,1.0802495398590106,1.0800262656481396,1.0801586479162395
2021-01-21 20:00:00,1.0801586479162395,1.0824270964932636,1.081376027163676,1.0817649115993733
2021-01-22 00:00:00,1.0817649115993733,1.0894319212549328,1.0888281696086362,1.0890929542353418
2021-01-22 04:00:00,1.0890929542353418,1.0866730223382706,1.086104997113681,1.0861639111829178
2021-01-22 08:00:00,1.0861639111829178,1.0845608777782692,1.0835705771493822,1.0839113557634772
2021-01-22 12:00:00,1.0839113557634772,1.0844390111749116,1.0835764598686968,1.0840850985902135
2021-01-22 16:00:00,1.0840850985902135,1.083000488067411,1.0821437641333371,1.0823705247808122
2021-01-22 20:00:00,1.0823705247808122,1.0771069355419565,1.0761326398663271,1.0769768535818878
2021-01-23 00:00:00,1.0769768535818878,1.077024630957772,1.0766539359643663,1.076788854030121
2021-01-23 04:00:00,1.076788854030121,1.0739476169246274,1.072697818157591,1.0731455036675142
2021-01-23 08:00:00,1.0731455036675142,1.0745159746528274,1.0743423956375735,1.0745010143577978
2021-01-23 12:00:00,1.0745010143577978,1.0718069958975032,1.0712990372211053,1.0714631850443934
2021-01-23 16:00:00,1.0714631850443934,1.0770762375209768,1.0763953087333673,1.0765822329018329
2021-01-23 20:00:00,1.0765822329018329,1.074640147480256,1.0741534354001068,1.0741718493900296
2021-01-24 00:00:00,1.0741718493900296,1.073068630500634,1.0727916456356208,1.0728235186602824
2021-01-24 04:00:00,1.0728235186602824,1.0756084704296003,1.0751974135618951,1.075589613709008
2021-01-24 08:00:00,1.075589613709008,1.0718558204721054,1.0710218650595187,1.071446183990546
2021-01-24 12:00:00,1.071446183990546,1.0721470728456486,1.0714437151895557,1.0719394345960616
2021-01-24 16:00:00,1.0719394345960616,1.076611484102075,1.076114230627769,1.0765917054636498
2021-01-24 20:00:00,1.0765917054636498,1.071123875592684,1.0709593825787354,1.071116776911993
2021-01-25 00:00:00,1.071116776911993,1.0716694440205772,1.070689704931444,1.0713766048625102
2021-01-25 04:00:00,1.0713766048625102,1.0726003300410825,1.0721956960385726,1.0723469368896148
2021-01-25 08:00:00,1.0723469368896148,1.0753179333474492,1.074921784085815,1.0752232647855517
2021-01-25 12:00:00,1.0752232647855517,1.071032650531202,1.0705455618932613,1.0710053831362043
2021-01-25 16:00:00,1.0710053831362043,1.0659891669807642,1.0654833393298224,1.065830665592242
2021-01-25 20:00:00,1.065830665592242,1.0680248533705918,1.0672611027968608,1.0673939755380615
2021-01-26 00:00:00,1.0673939755380615,1.0687382655219702,1.0681617844149132,1.068628153710516
2021-01-26 04:00:00,1.068628153710516,1.0704549629673439,1.0687008560864073,1.0696453733023934
2021-01-26 08:00:00,1.0696453733023934,1.0713495904797303,1.0708584176228966,1.0709710154455403
2021-01-26 12:00:00,1.0709710154455403,1.0690070691423021,1.0681730238593024,1.0686766216309107
2021-01-26 16:00:00,1.0686766216309107,1.0696829105099441,1.068829646190516,1.0693104791776524
2021-01-26 20:00:00,1.0693104791776524,1.0706769215577794,1.070066897477547,1.0703666899962634
2021-01-27 00:00:00,1.0703666899962634,1.0682399884511262,1.0676424632340173,1.0680483867847859
2021-01-27 04:00:00,1.0680483867847859,1.07421965385255,1.0741059612418318,1.0741515364501923
2021-01-27 08:00:00,1.0741515364501923,1.0767307031207263,1.0760307360451375,1.076335464531463
2021-01-27 12:00:00,1.076335464531463,1.0723136526608312,1.0719911674346299,1.0722740313669206
2021-01-27 16:00:00,1.0722740313669206,1.0750059851574114,1.0742603517298261,1.0743336146991318
2021-01-27 20:00:00,1.0743336146991318,1.0710466918710426,1.0708074260966767,1.0709852487760878
2021-01-28 00:00:00,1.0709852487760878,1.073959757368402,1.0732826800438078,1.0735854949926276
2021-01-28 04:00:00,1.0735854949926276,1.0785710188495181,1.0779300142969561,1.0780314860236875
2021-01-28 08:00:00,1.0780314860236875,1.0759661956664124,1.0752827193593488,1.075307024599052
2021-01-28 12:00:00,1.075307024599052,1.0793899573687602,1.078036054052989,1.0787084561648568
2021-01-28 16:00:00,1.0787084561648568,1.0808151900185257,1.0802645129112847,1.0805507750774745
2021-01-28 20:00:00,1.0805507750774745,1.0842878200847863,1.0834960860187801,1.0837953660801691
2021-01-29 00:00:00,1.0837953660801691,1.09135779318746,1.0912530897213617,1.0912905707074836
2021-01-29 04:00:00,1.0912905707074836,1.0909651495190626,1.0908613602465347,1.0908944792727855
2021-01-29 08:00:00,1.0908944792727855,1.0880909649211616,1.0878652333471936,1.0879001852183678
2021-01-29 12:00:00,1.0879001852183678,1.0845524001950595,1.0830742406007707,1.0841690385188312
2021-01-29 16:00:00,1.0841690385188312,1.0807003216428135,1.0804827453879755,1.080643048795972
2021-01-29 20:00:00,1.080643048795972,1.0802192690629557,1.0791749030675855,1.0800544573257944
2021-01-30 00:00:00,1.0800544573257944,1.081898061110841,1.0810921298211533,1.0813269070744533
2021-01-30 04:00:00,1.0813269070744533,1.0826253855938717,1.0816425575735604,1.082479258655448
2021-01-30 08:00:00,1.082479258655448,1.0857678684491716,1.0855103053738027,1.0856535240297949
2021-01-30 12:00:00,1.0856535240297949,1.0860249481426318,1.0850934860995585,1.0859567392743585
2021-01-30 16:00:00,1.0859567392743585,1.0918138106398079,1.0909050965380733,1.0912855581755616
2021-01-30 20:00:00,1.0912855581755616,1.0914024437994965,1.0900446771219638,1.0907081424638807
2021-01-31 00:00:00,1.0907081424638807,1.101127728344583,1.100572569541003,1.1007417139941007
2021-01-31 04:00:00,1.1007417139941007,1.1045414871185602,1.104115433062563,1.1041156712700555
2021-01-31 08:00:00,1.1041156712700555,1.1009879882047127,1.1007200814130433,1.1008534882582517
2021-01-31 12:00:00,1.1008534882582517,1.0969416601758932,1.0961376165019947,1.0961834595031215
2021-01-31 16:00:00,1.0961834595031215,1.0986918428255756,1.097221967858336,1.0978342509888364
2021-01-31 20:00:00,1.0978342509888364,1.0970715984542585,1.0968194453965565,1.097044787773177
2021-02-01 00:00:00,1.097044787773177,1.1001783553937456,1.0990032660829925,1.0998489287323507
2021-02-01 04:00:00,1.0998489287323507,1.1021595404630093,1.1017954414140778,1.1019758183605552
2021-02-01 08:00:00,1.1019758183605552,1.102370425243581,1.1016683025799423,1.1018560256144285
2021-02-01 12:00:00,1.1018560256144285,1.0986054783261714,1.0979678018495778,1.098595349032688
2021-02-01 16:00:00,1.098595349032688,1.0930637560091598,1.0921081890071858,1.0925050160953882
2021-02-01 20:00:00,1.0925050160953882,1.090705658231593,1.0900358015824245,1.090233369162884
2021-02-02 00:00:00,1.090233369162884,1.0939225382048932,1.0929823887340673,1.093451749847746
2021-02-02 04:00:00,1.093451749847746,1.0948600905215482,1.0944508736681569,1.0945650876711188
2021-02-02 08:00:00,1.0945650876711188,1.090213883690399,1.0894477897005124,1.0897964754401408
2021-02-02 12:00:00,1.0897964754401408,1.0912894392046242,1.0897980465377777,1.0901066244344906
2021-02-02 16:00:00,1.0901066244344906,1.0916852012015419,1.0913987644584071,1.0916199416755197
2021-02-02 20:00:00,1.0916199416755197,1.0890077638871944,1.0880981768154452,1.0883848458884453
2021-02-03 00:00:00,1.0883848458884453,1.0889208951133502,1.0886376217759974,1.0887133629166426
2021-02-03 04:00:00,1.0887133629166426,1.0890851419436596,1.0885854431996533,1.088954981293876
2021-02-03 08:00:00,1.088954981293876,1.0850441437229301,1.0848811182250737,1.0848886816145924
2021-02-03 12:00:00,1.0848886816145924,1.0861090257751926,1.0857254425912857,1.0858691523921005
2021-02-03 16:00:00,1.0858691523921005,1.0884295167857634,1.0872214863866472,1.0879520609078732
2021-02-03 20:00:00,1.0879520609078732,1.0929802161881645,1.0914070484891205,1.091979128481086
2021-02-04 00:00:00,1.091979128481086,1.0969733102031782,1.095943376749319,1.0961544994518115
2021-02-04 04:00:00,1.0961544994518115,1.0918501950542163,1.0906962953155956,1.091342910136597
2021-02-04 08:00:00,1.091342910136597,1.0880576418652532,1.0870394444952145,1.0873695036626128
2021-02-04 12:00:00,1.0873695036626128,1.0892272453373,1.0886903808944275,1.0890532296642845
2021-02-04 16:00:00,1.0890532296642845,1.0912157732130658,1.0909028800396747,1.0911593875633532
2021-02-04 20:00:00,1.0911593875633532,1.0933192621722374,1.0927238081447057,1.093291591416913
2021-02-05 00:00:00,1.093291591416913,1.1084426485203216,1.1076681726192348,1.1081502082826336
2021-02-05 04:00:00,1.1081502082826336,1.112330878113135,1.1112769015493973,1.1118933025805013
2021-02-05 08:00:00,1.1118933025805013,1.1173546763458835,1.117295584367398,1.1172984152174394
2021-02-05 12:00:00,1.1172984152174394,1.1223517347257246,1.1211677834701856,1.1221378321733364
2021-02-05 16:00:00,1.1221378321733364,1.1261765330638607,1.1250350797382163,1.125589160369191
2021-02-05 20:00:00,1.125589160369191,1.1247856091483883,1.123834690764119,1.1243837116770836
2021-02-06 00:00:00,1.1243837116770836,1.1285083698034462,1.127572443916719,1.127767931460361
2021-02-06 04:00:00,1.127767931460361,1.1245026388455817,1.1243303685171637,1.1244971407074849
2021-02-06 08:00:00,1.1244971407074849,1.1236928027938484,1.1231226833505654,1.1231551863273388
2021-02-06 12:00:00,1.1231551863273388,1.1210062907681477,1.1208639017007112,1.1208872254137252
2021-02-06 16:00:00,1.1208872254137252,1.1216801581412286,1.1210087402953144,1.1210657684262926
2021-02-06 20:00:00,1.1210657684262926,1.1314805643640324,1.130685500597108,1.1309380309650177
2021-02-07 00:00:00,1.1309380309650177,1.1231534044690914,1.1230613505457454,1.123138903894906
2021-02-07 04:00:00,1.123138903894906,1.1258534207697677,1.1253894601137253,1.1258142042811006
2021-02-07 08:00:00,1.1258142042811006,1.1192162155589154,1.1181757587053072,1.1183752534886213
2021-02-07 12:00:00,1.1183752534886213,1.115696556573602,1.1151933842508985,1.1154642026493737
2021-02-07 16:00:00,1.1154642026493737,1.1206851427338151,1.1199397969614948,1.1205382148676661
2021-02-07 20:00:00,1.1205382148676661,1.1219031033570124,1.1206543409085914,1.1212635265158613
2021-02-08 00:00:00,1.1212635265158613,1.1163374019550993,1.1161204027244267,1.1161615514981873
2021-02-08 04:00:00,1.1161615514981873,1.1126620530099984,1.1118628743643448,1.1122930725751323
2021-02-08 08:00:00,1.1122930725751323,1.1155581967404324,1.11495383977176,1.1152764103224988
2021-02-08 12:00:00,1.1152764103224988,1.1121336715746877,1.1118664532416773,1.112004144106492
2021-02-08 16:00:00,1.112004144106492,1.1129392925569834,1.1125356156665034,1.1127774620896238
2021-02-08 20:00:00,1.1127774620896238,1.1131326562057857,1.112667598563158,1.113050721247921
2021-02-09 00:00:00,1.113050721247921,1.111264528757407,1.110127592025783,1.1101597767653848
2021-02-09 04:00:00,1.1101597767653848,1.1195884187993257,1.1194190243199817,1.1194891060531718
2021-02-09 08:00:00,1.1194891060531718,1.1237099027429782,1.1230264544795436,1.12327435567155
2021-02-09 12:00:00,1.12327435567155,1.1141757187485253,1.112868863357748,1.1138943924421176
2021-02-09 16:00:00,1.1138943924421176,1.1141113314593598,1.113747856833156,1.1140879238623544
2021-02-09 20:00:00,1.1140879238623544,1.1112279518075838,1.1104454923327605,1.1108920399585178
2021-02-10 00:00:00,1.1108920399585178,1.1149115122130562,1.1145756410577974,1.1147507911555312
2021-02-10 04:00:00,1.1147507911555312,1.1113241499815945,1.1107449071504365,1.1112279073337197
2021-02-10 08:00:00,1.1112279073337197,1.110811302510272,1.1103484654595728,1.1103941311924537
2021-02-10 12:00:00,1.1103941311924537,1.113281229335894,1.112399248243174,1.1126881436483453
2021-02-10 16:00:00,1.1126881436483453,1.1172911989993715,1.116464960083282,1.116876198177116
2021-02-10 20:00:00,1.116876198177116,1.1118908371379643,1.1109272068806078,1.1116218661036699
2021-02-11 00:00:00,1.1116218661036699,1.1098427420200836,1.1083145555211869,1.1096217993162538
2021-02-11 04:00:00,1.1096217993162538,1.107497914081744,1.1071489384471285,1.1072598921792245
2021-02-11 08:00:00,1.1072598921792245,1.1043713027398787,1.1037947952486662,1.1040876399979862
2021-02-11 12:00:00,1.1040876399979862,1.112641005173114,1.1116860582911392,1.111887476408079
2021-02-11 16:00:00,1.111887476408079,1.1149077377852843,1.1143403357256103,1.1144590090939777
2021-02-11 20:00:00,1.1144590090939777,1.1089416584908396,1.1082783675099004,1.108689010898953
2021-02-12 00:00:00,1.108689010898953,1.1128316131935745,1.112095027552774,1.1126723550938062
2021-02-12 04:00:00,1.1126723550938062,1.1245492923213882,1.1222997711132194,1.123363971792453
2021-02-12 08:00:00,1.123363971792453,1.129806278466924,1.129283050865123,1.1296698715616333
2021-02-12 12:00:00,1.1296698715616333,1.122176857016835,1.1212476916089527,1.1220034749528733
2021-02-12 16:00:00,1.1220034749528733,1.1197063528758417,1.1184022287527056,1.118719510539328
2021-02-12 20:00:00,1.118719510539328,1.1260167816101683,1.1250238061355966,1.1253911702961135
2021-02-13 00:00:00,1.1253911702961135,1.1225679547868381,1.1214363175385136,1.1219642439263455
2021-02-13 04:00:00,1.1219642439263455,1.1246012872577384,1.1235780064752998,1.1241500808879243
2021-02-13 08:00:00,1.1241500808879243,1.128694208153985,1.1282227572131316,1.1285446298109005
2021-02-13 12:00:00,1.1285446298109005,1.124481445161602,1.1229693113501837,1.123844714399396
2021-02-13 16:00:00,1.123844714399396,1.1234922742542905,1.1231047551900515,1.1231448900383718
2021-02-13 20:00:00,1.1231448900383718,1.1062006213790005,1.1056387581085605,1.1061307858074847
2021-02-14 00:00:00,1.1061307858074847,1.0989653230524161,1.0985874100755195,1.09882981884744
2021-02-14 04:00:00,1.09882981884744,1.0970171233181591,1.0960926441552485,1.0967537332181483
2021-02-14 08:00:00,1.0967537332181483,1.0894679920634858,1.0893434211960484,1.0894071361730837
2021-02-14 12:00:00,1.0894071361730837,1.0984725160944653,1.0981745946524921,1.0984402936802766
2021-02-14 16:00:00,1.0984402936802766,1.0908498818262813,1.0901527374970783,1.0904273325569975
2021-02-14 20:00:00,1.0904273325569975,1.0874705240523976,1.0866650180399697,1.0870499756706111
2021-02-15 00:00:00,1.0870499756706111,1.0877964565227098,1.0872454379923029,1.0875815602458838
2021-02-15 04:00:00,1.0875815602458838,1.0963285003014853,1.0952834780068341,1.096169622547331
2021-02-15 08:00:00,1.096169622547331,1.088395142928018,1.08799831556609,1.0880722804178093
2021-02-15 12:00:00,1.0880722804178093,1.094755165662663,1.0946444359497944,1.094714893962772
2021-02-15 16:00:00,1.094714893962772,1.0957871816931761,1.0947925063201904,1.0953131676714385
2021-02-15 20:00:00,1.0953131676714385,1.089536358173447,1.0892761811611678,1.089360627836569
2021-02-16 00:00:00,1.089360627836569,1.0917639646662882,1.091278540335526,1.0917270525083425
2021-02-16 04:00:00,1.0917270525083425,1.093514120053582,1.093021875112551,1.093116131431099
2021-02-16 08:00:00,1.093116131431099,1.089800118173694,1.0896032296686045,1.0897201204369473
2021-02-16 12:00:00,1.0897201204369473,1.0903785007762812,1.0897322145762693,1.0898513620313168
2021-02-16 16:00:00,1.0898513620313168,1.0877541366311574,1.087205454783567,1.087729448791199
2021-02-16 20:00:00,1.087729448791199,1.088223776895296,1.0872792233015234,1.0881743929122916
2021-02-17 00:00:00,1.0881743929122916,1.0917536573363982,1.0914669022783032,1.0916725078042429
2021-02-17 04:00:00,1.0916725078042429,1.1006471843280756,1.0999535969549237,1.10024235168809
2021-02-17 08:00:00,1.10024235168809,1.0946234048733618,1.0938407885348669,1.094177451739618
2021-02-17 12:00:00,1.094177451739618,1.10579839620343,1.1054738967329278,1.105535627687519
2021-02-17 16:00:00,1.105535627687519,1.0951967782291208,1.0946611669198134,1.094926925404269
2021-02-17 20:00:00,1.094926925404269,1.0936034763451377,1.0930411528436417,1.0931486396228103
2021-02-18 00:00:00,1.0931486396228103,1.096840353565227,1.0959120475633743,1.0965338435520802
2021-02-18 04:00:00,1.0965338435520802,1.0991094984910328,1.0983269056156657,1.0984729026391096
2021-02-18 08:00:00,1.0984729026391096,1.0951631469144658,1.0947568344073282,1.0950251378618472
2021-02-18 12:00:00,1.0950251378618472,1.0936669817054385,1.0933593954326493,1.0935613740493992
2021-02-18 16:00:00,1.0935613740493992,1.091352085786731,1.0901432339195152,1.0907121507637956
2021-02-18 20:00:00,1.0907121507637956,1.0874947547147238,1.0867849853376883,1.0872748825725287
2021-02-19 00:00:00,1.0872748825725287,1.0917803949800644,1.0908904311683403,1.0915899187810352
2021-02-19 04:00:00,1.0915899187810352,1.094391963978521,1.0934429568331956,1.0938708804237607
2021-02-19 08:00:00,1.0938708804237607,1.0906672358497003,1.0898170702365337,1.0903712096313358
2021-02-19 12:00:00,1.0903712096313358,1.0952480162564264,1.0946901854346454,1.0948411135901381
2021-02-19 16:00:00,1.0948411135901381,1.0973290260609143,1.0965523478247432,1.0968314944388091
2021-02-19 20:00:00,1.0968314944388091,1.1013820940265986,1.1008863828510698,1.1012293440121965
2021-02-20 00:00:00,1.1012293440121965,1.1051451296784511,1.1046015885641736,1.1048862359515474
2021-02-20 04:00:00,1.1048862359515474,1.1009473730815782,1.1007498089643206,1.1008497938904223
2021-02-20 08:00:00,1.1008497938904223,1.0982473296049378,1.097580768697477,1.0976146725709537
2021-02-20 12:00:00,1.0976146725709537,1.1016327944730202,1.100639958613073,1.1012104510580893
2021-02-20 16:00:00,1.1012104510580893,1.1051415638104702,1.1044643610729619,1.1046432873722705
2021-02-20 20:00:00,1.1046432873722705,1.1056717374120657,1.1044405358069815,1.1048111591336316
2021-02-21 00:00:00,1.1048111591336316,1.1058365750567,1.1051028668912155,1.1054039386118404
2021-02-21 04:00:00,1.1054039386118404,1.1119324794238161,1.1112688611327892,1.111572095020966
2021-02-21 08:00:00,1.111572095020966,1.1095342352261162,1.1086918512027109,1.1091540280785923
2021-02-21 12:00:00,1.1091540280785923,1.111646321128579,1.1113705840409163,1.1116158866451258
2021-02-21 16:00:00,1.1116158866451258,1.110856655430268,1.1100010104721114,1.110843869366689
2021-02-21 20:00:00,1.110843869366689,1.1098534826269588,1.1090455225804237,1.1097713162021492
2021-02-22 00:00:00,1.1097713162021492,1.115201520018203,1.11446443253054,1.1146610747216061
2021-02-22 04:00:00,1.1146610747216061,1.1194228028339317,1.1184927242398106,1.1188680286755543
2021-02-22 08:00:00,1.1188680286755543,1.123280782019456,1.1224192878127677,1.123007738257846
2021-02-22 12:00:00,1.123007738257846,1.1300066187328202,1.1293340133124443,1.1295090337846514
2021-02-22 16:00:00,1.1295090337846514,1.1304572258254626,1.1297929092147942,1.1301334018846116
2021-02-22 20:00:00,1.1301334018846116,1.134467964485317,1.1325858869750256,1.1334140259430816
2021-02-23 00:00:00,1.1334140259430816,1.132450148954644,1.1320215421201085,1.1322105973025776
2021-02-23 04:00:00,1.1322105973025776,1.1340416020146669,1.133077569657992,1.1336075188367825
2021-02-23 08:00:00,1.1336075188367825,1.1331812006177628,1.1330219282785847,1.1331331146929373
2021-02-23 12:00:00,1.1331331146929373,1.134077233731605,1.1332356305318336,1.133517998536785
2021-02-23 16:00:00,1.133517998536785,1.1360654895289959,1.1356878416975988,1.136061995458667
2021-02-23 20:00:00,1.136061995458667,1.1330094049571935,1.1319366250627914,1.1328336454628118
2021-02-24 00:00:00,1.1328336454628118,1.141985272107437,1.1412002197437205,1.1413889775404886
2021-02-24 04:00:00,1.1413889775404886,1.137775611569059,1.1371198072679043,1.137551940673982
2021-02-24 08:00:00,1.137551940673982,1.1324210031856285,1.131657189197865,1.1317814444656118
2021-02-24 12:00:00,1.1317814444656118,1.136904558136009,1.1361255475918937,1.1366695644873674
2021-02-24 16:00:00,1.1366695644873674,1.1410717967460913,1.139680419212628,1.1407893222758494
2021-02-24 20:00:00,1.1407893222758494,1.1447221851061744,1.143917747039559,1.1440851407657502
2021-02-25 00:00:00,1.1440851407657502,1.147384500966517,1.147300646919042,1.1473334999844729
2021-02-25 04:00:00,1.1473334999844729,1.148140803018567,1.1471299984565175,1.147535731724125
2021-02-25 08:00:00,1.147535731724125,1.1440806043871838,1.1433939525100232,1.1434593972363623
2021-02-25 12:00:00,1.1434593972363623,1.143684254729896,1.143249891746783,1.1434815092995891
2021-02-25 16:00:00,1.1434815092995891,1.1406291224603278,1.140191507973535,1.140497474783368
2021-02-25 20:00:00,1.140497474783368,1.1445988575895256,1.1434678267376794,1.1445464101569403
2021-02-26 00:00:00,1.1445464101569403,1.1442558017912732,1.1436157817840982,1.144217312889292
2021-02-26 04:00:00,1.144217312889292,1.1409663122231075,1.1405120896313166,1.1406510768920732
2021-02-26 08:00:00,1.1406510768920732,1.1391873091930464,1.1387239793601074,1.1389846579272793
2021-02-26 12:00:00,1.1389846579272793,1.1406592729267748,1.1403726353970454,1.1405958427098324
2021-02-26 16:00:00,1.1405958427098324,1.138405859016659,1.138170444195267,1.1383853121224248
2021-02-26 20:00:00,1.1383853121224248,1.1352585136094602,1.134664172575626,1.1348382195094628
2021-02-27 00:00:00,1.1348382195094628,1.1356113000395234,1.1354108509891796,1.1355596699163497
2021-02-27 04:00:00,1.1355596699163497,1.1366658813291202,1.1362694401437616,1.1366005679278124
2021-02-27 08:00:00,1.1366005679278124,1.1347714954030272,1.1343479019661964,1.1346965688627493
2021-02-27 12:00:00,1.1346965688627493,1.132736261189545,1.1323048082242313,1.1327218713371086
2021-02-27 16:00:00,1.1327218713371086,1.1334868691181963,1.1330671697995118,1.1334525601708583
2021-02-27 20:00:00,1.1334525601708583,1.1283141789045177,1.1280253134402642,1.1281191067239993
2021-02-28 00:00:00,1.1281191067239993,1.1228592778775406,1.1222677157703917,1.1222879369203098
2021-02-28 04:00:00,1.1222879369203098,1.119486749125565,1.1186693728245396,1.1189633067607467
2021-02-28 08:00:00,1.1189633067607467,1.118167268596262,1.117238781273987,1.1178448954940394
2021-02-28 12:00:00,1.1178448954940394,1.1202147904166238,1.1186806297547873,1.1189705114892161
2021-02-28 16:00:00,1.1189705114892161,1.1251883801357467,1.1245729333850067,1.1247213996998828
2021-02-28 20:00:00,1.1247213996998828,1.1292301251145738,1.1275494855118757,1.128618975828776
2021-03-01 00:00:00,1.128618975828776,1.1286129169315204,1.1281923694767997,1.1282814383402096
2021-03-01 04:00:00,1.1282814383402096,1.1291170066109464,1.1277625243892764,1.1281796608620662
2021-03-01 08:00:00,1.1281796608620662,1.1244770423526538,1.1241161228693888,1.1243712282665999
2021-03-01 12:00:00,1.1243712282665999,1.1249607739571812,1.1237729211210676,1.123996014491748
2021-03-01 16:00:00,1.123996014491748,1.1235857634964561,1.122870763362478,1.12289184511717
2021-03-01 20:00:00,1.12289184511717,1.1248713959562882,1.1237302731129095,1.1239803203252665
2021-03-02 00:00:00,1.1239803203252665,1.1217847757815373,1.1210457644765264,1.1211124754821282
2021-03-02 04:00:00,1.1211124754821282,1.1231515641402083,1.1220564502764028,1.1227481115366713
2021-03-02 08:00:00,1.1227481115366713,1.128844633445393,1.127899865370639,1.1283369825772722
2021-03-02 12:00:00,1.1283369825772722,1.1286111465819142,1.1281447271391207,1.1283797886465552
2021-03-02 16:00:00,1.1283797886465552,1.1301390415963726,1.1296075254541558,1.1298302759727883
2021-03-02 20:00:00,1.1298302759727883,1.133031389871515,1.1320619663037534,1.1324016588958496
2021-03-03 00:00:00,1.1324016588958496,1.131985139059774,1.1304131552436838,1.1311764174142729
2021-03-03 04:00:00,1.1311764174142729,1.1319755007948076,1.1317497216567822,1.1318639735827316
2021-03-03 08:00:00,1.1318639735827316,1.1330041642709423,1.1316977970940005,1.1319620927741445
2021-03-03 12:00:00,1.1319620927741445,1.1326653704979914,1.1319582304495281,1.1322935801244298
2021-03-03 16:00:00,1.1322935801244298,1.130025535564729,1.1295299056919783,1.1298326486391235
2021-03-03 20:00:00,1.1298326486391235,1.1298322473535332,1.129582006623289,1.1297152365120056
2021-03-04 00:00:00,1.1297152365120056,1.1313523536732235,1.1311787790797714,1.1312673459908242
2021-03-04 04:00:00,1.1312673459908242,1.136429936102953,1.135677106112538,1.1359215455105751
2021-03-04 08:00:00,1.1359215455105751,1.1400095256368017,1.1389943906399433,1.1394286775180769
2021-03-04 12:00:00,1.1394286775180769,1.147005832205404,1.146539560052215,1.1469270733408177
2021-03-04 16:00:00,1.1469270733408177,1.1452501158076285,1.1447188526107126,1.1447471208479663
2021-03-04 20:00:00,1.1447471208479663,1.147886620000086,1.1476429084849922,1.147722421612155
2021-03-05 00:00:00,1.147722421612155,1.1486583050316326,1.1477898860956746,1.1486286676677662
2021-03-05 04:00:00,1.1486286676677662,1.156953161675808,1.156323225232596,1.1565337820987431
2021-03-05 08:00:00,1.1565337820987431,1.1540811265214235,1.1536910674096084,1.154047773595261
2021-03-05 12:00:00,1.154047773595261,1.151572754265242,1.1505900755886111,1.1506256461391298
2021-03-05 16:00:00,1.1506256461391298,1.1486960358370915,1.1469451083737225,1.1480354970055837
2021-03-05 20:00:00,1.1480354970055837,1.1399062093419123,1.1393600305020846,1.1396713591344105
2021-03-06 00:00:00,1.1396713591344105,1.136905222153623,1.1366834886244737,1.1368476890673729
2021-03-06 04:00:00,1.1368476890673729,1.1337198223349305,1.1333414442831213,1.1335205708691074
2021-03-06 08:00:00,1.1335205708691074,1.1344463651166294,1.1338367287448015,1.1338712835226425
2021-03-06 12:00:00,1.1338712835226425,1.135267809436911,1.1351074551593556,1.1352567299818483
2021-03-06 16:00:00,1.1352567299818483,1.1433620420250548,1.1420689307961827,1.1427119624914943
2021-03-06 20:00:00,1.1427119624914943,1.1476616497586176,1.1470241952212672,1.1472750117024515
2021-03-07 00:00:00,1.1472750117024515,1.1455334495978602,1.145142904219297,1.1451876218242707
2021-03-07 04:00:00,1.1451876218242707,1.1421433752185717,1.1406960648202928,1.1412569113722018
2021-03-07 08:00:00,1.1412569113722018,1.1430253001287092,1.1420166744636742,1.1430235608429433
2021-03-07 12:00:00,1.1430235608429433,1.138399576567963,1.1370682155065053,1.1376759501207447
2021-03-07 16:00:00,1.1376759501207447,1.1453867413249206,1.1447271601155606,1.145082309239494
2021-03-07 20:00:00,1.145082309239494,1.1514220529963066,1.1506860449307639,1.1510063974560607
2021-03-08 00:00:00,1.1510063974560607,1.1496697955592672,1.1492245147259654,1.1492977611169308
2021-03-08 04:00:00,1.1492977611169308,1.1414289686947972,1.1405608890390373,1.1413756298493447
2021-03-08 08:00:00,1.1413756298493447,1.1477858086895263,1.1471199692939973,1.147195878810365
2021-03-08 12:00:00,1.147195878810365,1.1475065174931978,1.1464935920993706,1.1471027070737931
2021-03-08 16:00:00,1.1471027070737931,1.1535966123261283,1.1527042482014471,1.152935378142211
2021-03-08 20:00:00,1.152935378142211,1.1458544804268822,1.1453562508648696,1.1457031954570394
2021-03-09 00:00:00,1.1457031954570394,1.142512809111431,1.141825719542609,1.1421409231525186
2021-03-09 04:00:00,1.1421409231525186,1.1420494521870115,1.1417909785357412,1.1418824280930524
2021-03-09 08:00:00,1.1418824280930524,1.142316793684625,1.1417742179255759,1.1420864253742058
2021-03-09 12:00:00,1.1420864253742058,1.1402671733521907,1.1389927930524264,1.140029386296833
2021-03-09 16:00:00,1.140029386296833,1.143302078078639,1.1426435231855283,1.142690981077706
2021-03-09 20:00:00,1.142690981077706,1.1381400848130274,1.1377108202119903,1.1381026395519438
2021-03-10 00:00:00,1.1381026395519438,1.1372284021628303,1.1367102015253019,1.137089017398571
2021-03-10 04:00:00,1.137089017398571,1.1377396130505226,1.1371598879275706,1.1375404354887795
2021-03-10 08:00:00,1.1375404354887795,1.139866340951769,1.1389324307094304,1.139783369335129
2021-03-10 12:00:00,1.139783369335129,1.143191681588987,1.142263855810445,1.142990750193902
2021-03-10 16:00:00,1.142990750193902,1.1385047231143661,1.1381320077990549,1.1384599543845868
2021-03-10 20:00:00,1.1384599543845868,1.1323104032154692,1.1313849344417322,1.1314940300536864
2021-03-11 00:00:00,1.1314940300536864,1.1368270263546345,1.1364017330284453,1.1366763163076727
2021-03-11 04:00:00,1.1366763163076727,1.13878604633936,1.137931339214659,1.1386200075425215
2021-03-11 08:00:00,1.1386200075425215,1.1357018237364314,1.1353230243001111,1.1353929180771876
2021-03-11 12:00:00,1.1353929180771876,1.142729770136807,1.1418965462948687,1.1421429886776078
2021-03-11 16:00:00,1.1421429886776078,1.1439037794221527,1.1431497299862783,1.143228872359365
2021-03-11 20:00:00,1.143228872359365,1.1489577062726957,1.1481418650348367,1.148731890620349
2021-03-12 00:00:00,1.148731890620349,1.1495965530794634,1.1494129776932986,1.1494912224257559
2021-03-12 04:00:00,1.1494912224257559,1.159535233130076,1.1585654206006264,1.159008101001007
2021-03-12 08:00:00,1.159008101001007,1.1688186016851654,1.167714397127577,1.1684345069636206
2021-03-12 12:00:00,1.1684345069636206,1.168496528957264,1.1673174816387364,1.1678880170710406
2021-03-12 16:00:00,1.1678880170710406,1.172833648324409,1.1723635774128274,1.1727690700578592
2021-03-12 20:00:00,1.1727690700578592,1.1767352955273391,1.1763253116709103,1.1764761944964095
2021-03-13 00:00:00,1.1764761944964095,1.1840614974943546,1.183532467145687,1.1838201453424395
2021-03-13 04:00:00,1.1838201453424395,1.1796559389437784,1.1789340522469036,1.17927178022365
2021-03-13 08:00:00,1.17927178022365,1.1832821174179542,1.182531946187932,1.1825721753350922
2021-03-13 12:00:00,1.1825721753350922,1.1891095204905964,1.1883525835536346,1.1884664172885904
2021-03-13 16:00:00,1.1884664172885904,1.179661373529013,1.179312397518475,1.1794412548458058
2021-03-13 20:00:00,1.1794412548458058,1.1723916959401388,1.1714643355636087,1.1720969509482602
2021-03-14 00:00:00,1.1720969509482602,1.161107359415661,1.1591790845084002,1.1598926580257023
2021-03-14 04:00:00,1.1598926580257023,1.1579800505007773,1.1565488930690044,1.1572942005669422
2021-03-14 08:00:00,1.1572942005669422,1.1619658865497888,1.161191473565769,1.1613436526613572
2021-03-14 12:00:00,1.1613436526613572,1.1706431314842194,1.170216079407953,1.1705798310496143
2021-03-14 16:00:00,1.1705798310496143,1.1719330041966924,1.1716637362468134,1.1717800945322805
2021-03-14 20:00:00,1.1717800945322805,1.1823165602700363,1.1815344701865103,1.181680657500705
2021-03-15 00:00:00,1.181680657500705,1.1739408728961085,1.1737089827492162,1.1738088597584724
2021-03-15 04:00:00,1.1738088597584724,1.1625788357277045,1.1622367360569879,1.162343885510229
2021-03-15 08:00:00,1.162343885510229,1.1613079277660179,1.1607502416506648,1.1610627859155662
2021-03-15 12:00:00,1.1610627859155662,1.1643154615024682,1.163294319114715,1.1634314070753327
2021-03-15 16:00:00,1.1634314070753327,1.163474951297456,1.163114246129897,1.1634152618211644
2021-03-15 20:00:00,1.1634152618211644,1.1516311679101345,1.1507045989212703,1.1509942809809577
2021-03-16 00:00:00,1.1509942809809577,1.1498555127765135,1.1487789767596714,1.1494409192314983
2021-03-16 04:00:00,1.1494409192314983,1.1416668149662252,1.1409189989619488,1.1413088336734742
2021-03-16 08:00:00,1.1413088336734742,1.1452787140131133,1.1439689418586414,1.1448674651514177
2021-03-16 12:00:00,1.1448674651514177,1.1477851408291126,1.1470700378558538,1.147433546443782
2021-03-16 16:00:00,1.147433546443782,1.1421274985883738,1.1413717114200643,1.1419168071493546
2021-03-16 20:00:00,1.1419168071493546,1.1393724382300963,1.1382009787761476,1.138346654300607
2021-03-17 00:00:00,1.138346654300607,1.131863250872971,1.1316612028879625,1.1317111633000125
2021-03-17 04:00:00,1.1317111633000125,1.1309253751043984,1.1307134909587053,1.1308019618450864
2021-03-17 08:00:00,1.1308019618450864,1.13678189991571,1.1357004574213827,1.1363409200573331
2021-03-17 12:00:00,1.1363409200573331,1.1314497550508555,1.1307044408815723,1.1309528554342594
2021-03-17 16:00:00,1.1309528554342594,1.1337963678776282,1.1332753515425114,1.1335156536562765
2021-03-17 20:00:00,1.1335156536562765,1.131312936362427,1.1304396359780127,1.1306316063334354
2021-03-18 00:00:00,1.1306316063334354,1.1263221141266913,1.125643495148727,1.125869833946709
2021-03-18 04:00:00,1.125869833946709,1.1254105716194143,1.1244851466531216,1.1248787370534312
2021-03-18 08:00:00,1.1248787370534312,1.1195377122112715,1.1189539395857637,1.119091877789476
2021-03-18 12:00:00,1.119091877789476,1.115864101707277,1.1147523798353236,1.1155525226005527
2021-03-18 16:00:00,1.1155525226005527,1.1087503325493664,1.1086738346323908,1.1086952633519664
2021-03-18 20:00:00,1.1086952633519664,1.1193627175527578,1.118504167530504,1.1191922585711782
2021-03-19 00:00:00,1.1191922585711782,1.1208151327011657,1.1192675367119707,1.1202462872007732
2021-03-19 04:00:00,1.1202462872007732,1.1163778972587908,1.1158715564706827,1.1163027475688694
2021-03-19 08:00:00,1.1163027475688694,1.1174780413281904,1.1171379767661969,1.1172103115601713
2021-03-19 12:00:00,1.1172103115601713,1.11720120314698,1.116546409619263,1.11666173966523
2021-03-19 16:00:00,1.11666173966523,1.1158005378218867,1.1153107389756955,1.1154395312650731
2021-03-19 20:00:00,1.1154395312650731,1.1189077000928032,1.1183977628019839,1.1185275255969038
2021-03-20 00:00:00,1.1185275255969038,1.1228970707574006,1.1224907453129418,1.1226801761657172
2021-03-20 04:00:00,1.1226801761657172,1.1205105413682321,1.1195888261822318,1.1202727374342623
2021-03-20 08:00:00,1.1202727374342623,1.1174574210599582,1.1168179825999993,1.117160955071547
2021-03-20 12:00:00,1.117160955071547,1.1155491497964596,1.1148726513631568,1.1155323834075033
2021-03-20 16:00:00,1.1155323834075033,1.1043185829105273,1.1037173306497967,1.1041795928340474
2021-03-20 20:00:00,1.1041795928340474,1.0954462520309436,1.0952505143977342,1.0953895686849175
2021-03-21 00:00:00,1.0953895686849175,1.1031673420829113,1.1020493603297226,1.1021178001046703
2021-03-21 04:00:00,1.1021178001046703,1.1126815494447178,1.1117116568828087,1.111867803724162
2021-03-21 08:00:00,1.111867803724162,1.1114593282784766,1.110573847194761,1.1111855468247005
2021-03-21 12:00:00,1.1111855468247005,1.1148718161277913,1.114311058403673,1.114409478212159
2021-03-21 16:00:00,1.114409478212159,1.1168276185453103,1.1162399389526914,1.116421023946172
2021-03-21 20:00:00,1.116421023946172,1.1337953819415671,1.1334425751071502,1.133684721455784
2021-03-22 00:00:00,1.133684721455784,1.1422325389895245,1.141285547053476,1.1420978996936288
2021-03-22 04:00:00,1.1420978996936288,1.1422644014965977,1.1418395651170203,1.141947754183248
2021-03-22 08:00:00,1.141947754183248,1.136952004554323,1.1359696221079643,1.1360306031807261
2021-03-22 12:00:00,1.1360306031807261,1.1260331124999499,1.1252197747861525,1.1256341696288836
2021-03-22 16:00:00,1.1256341696288836,1.1262617995463087,1.1256358441641703,1.1261119908952792
2021-03-22 20:00:00,1.1261119908952792,1.121801762156714,1.1210098221058145,1.1214863373069492
2021-03-23 00:00:00,1.1214863373069492,1.113543244138557,1.1123710512350846,1.112431511019284
2021-03-23 04:00:00,1.112431511019284,1.1077572729541556,1.1075263651932248,1.1076562521666236
2021-03-23 08:00:00,1.1076562521666236,1.1011692260262276,1.0999540301309638,1.1005498464942518
2021-03-23 12:00:00,1.1005498464942518,1.1108344708884663,1.110651068519854,1.1106557583459293
2021-03-23 16:00:00,1.1106557583459293,1.1178984544007815,1.1168896819115237,1.1173080706979768
2021-03-23 20:00:00,1.1173080706979768,1.1178368385934425,1.1174752968110717,1.117788543814642
2021-03-24 00:00:00,1.117788543814642,1.1278172522716217,1.1273527121683682,1.1274083870020737
2021-03-24 04:00:00,1.1274083870020737,1.129134151687318,1.1282097417291987,1.1287016359557243
2021-03-24 08:00:00,1.1287016359557243,1.1235107325557974,1.1225680757069787,1.1232126114330139
2021-03-24 12:00:00,1.1232126114330139,1.1331539847391348,1.132640837504442,1.1326890925070343
2021-03-24 16:00:00,1.1326890925070343,1.1372665630867598,1.1368462377720139,1.1370930765151983
2021-03-24 20:00:00,1.1370930765151983,1.1309576116392788,1.130090953189415,1.1305066454986528
2021-03-25 00:00:00,1.1305066454986528,1.129236987354782,1.1283666457266077,1.1287033860375981
2021-03-25 04:00:00,1.1287033860375981,1.1228938740308105,1.122781111547174,1.1228640287651612
2021-03-25 08:00:00,1.1228640287651612,1.11359431489297,1.1129192204815734,1.1134348356412487
2021-03-25 12:00:00,1.1134348356412487,1.1194130109175426,1.1186351726442567,1.118863750041182
2021-03-25 16:00:00,1.118863750041182,1.1326885960505129,1.1316795825857657,1.1321405673311504
2021-03-25 20:00:00,1.1321405673311504,1.1234415630678987,1.1229037341804515,1.1232445103555455
2021-03-26 00:00:00,1.1232445103555455,1.1272329831738908,1.1261742158190593,1.1266155858333327
2021-03-26 04:00:00,1.1266155858333327,1.1227384237396774,1.1221979983239772,1.1222601719962586
2021-03-26 08:00:00,1.1222601719962586,1.1186178095458101,1.1179788145837555,1.118502359738558
2021-03-26 12:00:00,1.118502359738558,1.1146982040283442,1.1141306094433656,1.114132855923021
2021-03-26 16:00:00,1.114132855923021,1.1081544181997287,1.107740213230228,1.1079366365211607
2021-03-26 20:00:00,1.1079366365211607,1.1083131795112016,1.1070951473853161,1.107771160273791
2021-03-27 00:00:00,1.107771160273791,1.1029974911976463,1.1021258467667148,1.1023693048445773
2021-03-27 04:00:00,1.1023693048445773,1.1043737440289072,1.1033443775891145,1.103688907151776
2021-03-27 08:00:00,1.103688907151776,1.1038687361903348,1.1034274309328882,1.103479302237044
2021-03-27 12:00:00,1.103479302237044,1.102359311005457,1.1018674529772756,1.1020235958864126
2021-03-27 16:00:00,1.1020235958864126,1.0967500639268863,1.0962481686643952,1.0966158320280184
2021-03-27 20:00:00,1.0966158320280184,1.0928803035455175,1.0927480012027218,1.0928167334268468
2021-03-28 00:00:00,1.0928167334268468,1.0971977479761768,1.0968631368323722,1.096888991100197
2021-03-28 04:00:00,1.096888991100197,1.10085647210653,1.0998980134968164,1.1001117639573061
2021-03-28 08:00:00,1.1001117639573061,1.0948577768823662,1.0938719070756282,1.0947945737471287
2021-03-28 12:00:00,1.0947945737471287,1.0961228625149244,1.0945497441525989,1.0949388621810128
2021-03-28 16:00:00,1.0949388621810128,1.099240776385125,1.0990526286478486,1.0990915831381294
2021-03-28 20:00:00,1.0990915831381294,1.0904156866148427,1.0902624585834184,1.0902638532448468
2021-03-29 00:00:00,1.0902638532448468,1.092685023427675,1.0924228804052931,1.092652275958846
2021-03-29 04:00:00,1.092652275958846,1.089307650135094,1.0887331838458225,1.0891470578560083
2021-03-29 08:00:00,1.0891470578560083,1.0923731843670161,1.091779213711184,1.092020659822868
2021-03-29 12:00:00,1.092020659822868,1.0885805822046117,1.0877571842871132,1.088093252317993
2021-03-29 16:00:00,1.088093252317993,1.0781741485352776,1.0777703440532966,1.078052090114003
2021-03-29 20:00:00,1.078052090114003,1.0682467888296183,1.067644163199384,1.0681018212708344
2021-03-30 00:00:00,1.0681018212708344,1.0676093886359985,1.0670224063015574,1.067591736132699
2021-03-30 04:00:00,1.067591736132699,1.0690277490597395,1.0686977872519252,1.069019368111848
2021-03-30 08:00:00,1.069019368111848,1.0645127663318483,1.0641624702174313,1.0641711971573853
2021-03-30 12:00:00,1.0641711971573853,1.067545735883262,1.0672984439720212,1.067298579993447
2021-03-30 16:00:00,1.067298579993447,1.0587304546154126,1.0582997052753995,1.058535666132318
2021-03-30 20:00:00,1.058535666132318,1.0581182065072425,1.0573523783306438,1.0574666204305232
2021-03-31 00:00:00,1.0574666204305232,1.0513407808362012,1.050355772888756,1.0508131256256497
2021-03-31 04:00:00,1.0508131256256497,1.0469792329233925,1.046397761358487,1.0466921567000775
2021-03-31 08:00:00,1.0466921567000775,1.0469663806851912,1.0459810100900508,1.0466229634389381
2021-03-31 12:00:00,1.0466229634389381,1.0424950599907936,1.0418055359684981,1.0420986650903594
2021-03-31 16:00:00,1.0420986650903594,1.0400083151511401,1.0395839858800346,1.0397188856517483
2021-03-31 20:00:00,1.0397188856517483,1.0449419772886948,1.0442579687909426,1.0447260891561054
2021-04-01 00:00:00,1.0447260891561054,1.0425448702303886,1.041812617618089,1.0421183298543237
2021-04-01 04:00:00,1.0421183298543237,1.0463230084474444,1.0458462944664295,1.0462058144211117
2021-04-01 08:00:00,1.0462058144211117,1.0418426210916172,1.0404276042644867,1.0407292210260708
2021-04-01 12:00:00,1.0407292210260708,1.0437763968190612,1.042910811308817,1.0430458576911406
2021-04-01 16:00:00,1.0430458576911406,1.0507027502067683,1.0505161421768971,1.0506281590183322
2021-04-01 20:00:00,1.0506281590183322,1.0381849719872256,1.0378804884297939,1.0381507371949024
2021-04-02 00:00:00,1.0381507371949024,1.0328068562255803,1.0323411363256711,1.0326543047784447
2021-04-02 04:00:00,1.0326543047784447,1.036154051482256,1.035405086601247,1.0354998490626857
2021-04-02 08:00:00,1.0354998490626857,1.0349277785191897,1.0345199089105193,1.0345893056579651
2021-04-02 12:00:00,1.0345893056579651,1.0366925657379953,1.03639922521341,1.0365303655992004
2021-04-02 16:00:00,1.0365303655992004,1.0337243713701558,1.0330048810705128,1.0334838665406392
2021-04-02 20:00:00,1.0334838665406392,1.033700296188173,1.0334835054900413,1.0336935882951166
2021-04-03 00:00:00,1.0336935882951166,1.033404966972744,1.0322697059818695,1.0329269970353379
2021-04-03 04:00:00,1.0329269970353379,1.0387315473407701,1.038348887617008,1.038566458053132
2021-04-03 08:00:00,1.038566458053132,1.0405996018108452,1.0400365977858468,1.0402885739802974
2021-04-03 12:00:00,1.0402885739802974,1.0421930396472645,1.0418949070797665,1.0420761178509172
2021-04-03 16:00:00,1.0420761178509172,1.0408328066098567,1.0396269233586044,1.0402490745211717
2021-04-03 20:00:00,1.0402490745211717,1.0378671923238532,1.0378189519564074,1.037822300701532
2021-04-04 00:00:00,1.037822300701532,1.03609652094315,1.0356326351024443,1.0356358284447098
2021-04-04 04:00:00,1.0356358284447098,1.0375347116617808,1.036785013504045,1.0372503847001817
2021-04-04 08:00:00,1.0372503847001817,1.0360902715775842,1.0349084534115645,1.0355095539568937
2021-04-04 12:00:00,1.0355095539568937,1.0367585876664063,1.036596690973353,1.0366329953313977
2021-04-04 16:00:00,1.0366329953313977,1.04614436967771,1.045483906452187,1.0455813869216768
2021-04-04 20:00:00,1.0455813869216768,1.0503764923341448,1.0501199809895838,1.0502952817273543
2021-04-05 00:00:00,1.0502952817273543,1.0497742989096517,1.0491217251791862,1.0491567295526567
2021-04-05 04:00:00,1.0491567295526567,1.0545244386387296,1.0540500615417163,1.0545152193296006
2021-04-05 08:00:00,1.0545152193296006,1.0533494789957205,1.0528684231367809,1.0530515785498866
2021-04-05 12:00:00,1.0530515785498866,1.0443593122988841,1.0435207949431884,1.0437434567475978
2021-04-05 16:00:00,1.0437434567475978,1.0382776682237715,1.038052006600989,1.0381973418038417
2021-04-05 20:00:00,1.0381973418038417,1.0288218929097146,1.0280440227590733,1.0287320274113465
2021-04-06 00:00:00,1.0287320274113465,1.0267231980584648,1.0260001187966823,1.026194148416443
2021-04-06 04:00:00,1.026194148416443,1.0261379884311712,1.0256441707620416,1.0260833994957355
2021-04-06 08:00:00,1.0260833994957355,1.0347042543405436,1.034047345452227,1.0341578498914177
2021-04-06 12:00:00,1.0341578498914177,1.0373501895268238,1.036329546498885,1.0364617316057685
2021-04-06 16:00:00,1.0364617316057685,1.0357499552331493,1.034868267200799,1.0355553683879803
2021-04-06 20:00:00,1.0355553683879803,1.0395579226459357,1.0391763172558095,1.0394919123935384
2021-04-07 00:00:00,1.0394919123935384,1.0296112881028285,1.0286775770188212,1.0291354131422843
2021-04-07 04:00:00,1.0291354131422843,1.0297699829688385,1.0288773170904977,1.029519400457258
2021-04-07 08:00:00,1.029519400457258,1.0337853314394305,1.0333485702178868,1.0333687317645217
2021-04-07 12:00:00,1.0333687317645217,1.0264726519422294,1.0258567771561005,1.0263684807567086
2021-04-07 16:00:00,1.0263684807567086,1.0323733903687484,1.0311622268955405,1.0316334713172624
2021-04-07 20:00:00,1.0316334713172624,1.0339256763577862,1.0336626753875167,1.0338066206744267
2021-04-08 00:00:00,1.0338066206744267,1.0319746659643025,1.031712017601134,1.0318735264000418
2021-04-08 04:00:00,1.0318735264000418,1.0349758953028738,1.0348241404203824,1.0348641498867865
2021-04-08 08:00:00,1.0348641498867865,1.0470087319074592,1.0456877068419854,1.0463627280916243
2021-04-08 12:00:00,1.0463627280916243,1.0489338521809446,1.0479722061970487,1.0482654035415138
2021-04-08 16:00:00,1.0482654035415138,1.0497666416768237,1.0496979893569152,1.049723167117271
2021-04-08 20:00:00,1.049723167117271,1.0480878500735733,1.0468932959480628,1.0474882040889284
2021-04-09 00:00:00,1.0474882040889284,1.043159576735479,1.0429382205488351,1.043051084298396
2021-04-09 04:00:00,1.043051084298396,1.0472441823438094,1.0462029117575822,1.046875677088138
2021-04-09 08:00:00,1.046875677088138,1.0429922172016217,1.0426691038277074,1.042879927850144
2021-04-09 12:00:00,1.042879927850144,1.0430098776609442,1.0424346906790631,1.0429198581892685
2021-04-09 16:00:00,1.0429198581892685,1.0411137295251807,1.0400379042486059,1.0406234870310584
2021-04-09 20:00:00,1.0406234870310584,1.0433231681346775,1.0423669395921595,1.0427101445519014
2021-04-10 00:00:00,1.0427101445519014,1.044694855504729,1.0431943034815836,1.0444348872127034
2021-04-10 04:00:00,1.0444348872127034,1.05010537046133,1.0487170432102855,1.049332949599887
2021-04-10 08:00:00,1.049332949599887,1.0479041703792866,1.0470140175352878,1.047347749688157
2021-04-10 12:00:00,1.047347749688157,1.0461660403325268,1.045946677693592,1.0459550511097653
2021-04-10 16:00:00,1.0459550511097653,1.0417379423066608,1.0411707629829754,1.0414847265864156
2021-04-10 20:00:00,1.0414847265864156,1.039866252430851,1.0388067329939459,1.0391324638096953
2021-04-11 00:00:00,1.0391324638096953,1.0413424511850473,1.0404336681202095,1.0406177893126052
2021-04-11 04:00:00,1.0406177893126052,1.0445682820925666,1.0435068631098663,1.044029779639241
2021-04-11 08:00:00,1.044029779639241,1.0403114445569674,1.0402359536554429,1.0402871228601211
2021-04-11 12:00:00,1.0402871228601211,1.0441737591410936,1.0436396136661412,1.0437927245599121
2021-04-11 16:00:00,1.0437927245599121,1.0502227211492234,1.049899903145871,1.0500455923465364
2021-04-11 20:00:00,1.0500455923465364,1.0524616531175333,1.052075186824674,1.0524365401664455
2021-04-12 00:00:00,1.0524365401664455,1.0618636608382728,1.0609863741321555,1.06114137761703
2021-04-12 04:00:00,1.06114137761703,1.0584605056459062,1.0579945069721168,1.0581177919437845
2021-04-12 08:00:00,1.0581177919437845,1.052040286483817,1.051626640761401,1.0519612630114965
2021-04-12 12:00:00,1.0519612630114965,1.0431906965017397,1.0420067447097006,1.0428623308275822
2021-04-12 16:00:00,1.0428623308275822,1.0498511361527745,1.0496355443829617,1.0497657442348254
2021-04-12 20:00:00,1.0497657442348254,1.0540569587819286,1.0536774700905118,1.053769598590629
2021-04-13 00:00:00,1.053769598590629,1.0542033227653778,1.0530941750826173,1.0537976094693124
2021-04-13 04:00:00,1.0537976094693124,1.0557350927872375,1.0545723412626515,1.0552175384018014
2021-04-13 08:00:00,1.0552175384018014,1.05071042576746,1.0491341343327283,1.0497880206817822
2021-04-13 12:00:00,1.0497880206817822,1.0619508409293403,1.0615929083623932,1.061624930846905
2021-04-13 16:00:00,1.061624930846905,1.0632824511542651,1.0630737486508588,1.0632817221029591
2021-04-13 20:00:00,1.0632817221029591,1.06445964676097,1.0632826734443588,1.063995941759853
2021-04-14 00:00:00,1.063995941759853,1.0688010985244565,1.0675512839791017,1.0677907942670049
2021-04-14 04:00:00,1.0677907942670049,1.071189218913966,1.070401667477777,1.0705731168887984
2021-04-14 08:00:00,1.0705731168887984,1.0720336622622804,1.0718331869489797,1.0719370753110127
2021-04-14 12:00:00,1.0719370753110127,1.0691435492373393,1.0679207955734769,1.0681273620634557
2021-04-14 16:00:00,1.0681273620634557,1.070238794434559,1.0701441324051462,1.0701563275318904
2021-04-14 20:00:00,1.0701563275318904,1.0796665812409123,1.0791998417888682,1.0795088027206636
2021-04-15 00:00:00,1.0795088027206636,1.0872774667543876,1.0872410526563367,1.087260434986919
2021-04-15 04:00:00,1.087260434986919,1.0968154562689416,1.095503804704686,1.0965283704169455
2021-04-15 08:00:00,1.0965283704169455,1.0952604875579954,1.0941755120855023,1.0943633221521016
2021-04-15 12:00:00,1.0943633221521016,1.088862317097743,1.088646636579212,1.0886996507014808
2021-04-15 16:00:00,1.0886996507014808,1.0881777634326288,1.0873983688270417,1.0875446234535204
2021-04-15 20:00:00,1.0875446234535204,1.0880115441266356,1.0876587738301893,1.087754390958491
2021-04-16 00:00:00,1.087754390958491,1.0936861418834811,1.092866623561542,1.0934936607863799
2021-04-16 04:00:00,1.0934936607863799,1.0856575297453015,1.0841396841535407,1.084976969559299
2021-04-16 08:00:00,1.084976969559299,1.092933151503793,1.0926883877554,1.092733306726606
2021-04-16 12:00:00,1.092733306726606,1.0926268446877823,1.0923912123246806,1.0924549437134061
2021-04-16 16:00:00,1.0924549437134061,1.0904262314669277,1.0896728396731121,1.0900937886380084
2021-04-16 20:00:00,1.0900937886380084,1.0848124823634622,1.0844722541208505,1.0844826418952913
2021-04-17 00:00:00,1.0844826418952913,1.07529019442921,1.0745244625717205,1.0751209224103513
2021-04-17 04:00:00,1.0751209224103513,1.0791702141619608,1.0785580515821926,1.0790051551543067
2021-04-17 08:00:00,1.0790051551543067,1.0802942074573776,1.0793584720089542,1.0797274959823588
2021-04-17 12:00:00,1.0797274959823588,1.0729908043205238,1.0725859157756408,1.0728203909504177
2021-04-17 16:00:00,1.0728203909504177,1.0651779948251916,1.0650075630780749,1.0651603251881758
2021-04-17 20:00:00,1.0651603251881758,1.0631284560462473,1.0620448805619522,1.0626612934686817
2021-04-18 00:00:00,1.0626612934686817,1.0724770691198342,1.0716206878909704,1.071706869744128
2021-04-18 04:00:00,1.071706869744128,1.0712956779368865,1.0708290236120563,1.0709300643491328
2021-04-18 08:00:00,1.0709300643491328,1.0627807077123297,1.0620504620002327,1.062496198042104
2021-04-18 12:00:00,1.062496198042104,1.0608297489841914,1.0602835512191369,1.060414784098834
2021-04-18 16:00:00,1.060414784098834,1.059483471332403,1.0580390395090336,1.0587218352769776
2021-04-18 20:00:00,1.0587218352769776,1.04421892215695,1.0434879660989458,1.0439880315804475
2021-04-19 00:00:00,1.0439880315804475,1.0428893623283553,1.0423084454590918,1.042498803909851
2021-04-19 04:00:00,1.042498803909851,1.0415217125372886,1.040313515066663,1.0410610507016942
2021-04-19 08:00:00,1.0410610507016942,1.0448973709306484,1.0442344267685861,1.044813493849052
2021-04-19 12:00:00,1.044813493849052,1.055495476934982,1.0548130052514755,1.0553868761811844
2021-04-19 16:00:00,1.0553868761811844,1.0630433448141867,1.062316030494061,1.0628968873130133
2021-04-19 20:00:00,1.0628968873130133,1.0621882403280312,1.0612288807720456,1.0618699274081638
2021-04-20 00:00:00,1.0618699274081638,1.0554673814716322,1.0551634972045218,1.0553248002952198
2021-04-20 04:00:00,1.0553248002952198,1.0703496113972168,1.0700475078402214,1.0701162887077829
2021-04-20 08:00:00,1.0701162887077829,1.0724722870112664,1.0710012638652187,1.071693484942487
2021-04-20 12:00:00,1.071693484942487,1.072451883427411,1.0713311069508227,1.0719076582848899
2021-04-20 16:00:00,1.0719076582848899,1.072437188841785,1.0714993878110413,1.071778620846819
2021-04-20 20:00:00,1.071778620846819,1.0729686765762418,1.0727178122559287,1.072920902048375
2021-04-21 00:00:00,1.072920902048375,1.0723264299440933,1.0719337995455884,1.0721981582748197
2021-04-21 04:00:00,1.0721981582748197,1.0693774000240142,1.0688500667788123,1.0690211347195813
2021-04-21 08:00:00,1.0690211347195813,1.066104133351537,1.0658119449074577,1.0658354365385494
2021-04-21 12:00:00,1.0658354365385494,1.0657758076484583,1.0650229627806809,1.065407496965139
2021-04-21 16:00:00,1.065407496965139,1.0637528372886618,1.062460465164496,1.0626020206599602
2021-04-21 20:00:00,1.0626020206599602,1.0591029266807752,1.0586427208038476,1.0587979972904369
2021-04-22 00:00:00,1.0587979972904369,1.0594184403460654,1.0587578751467732,1.0590269973619726
2021-04-22 04:00:00,1.0590269973619726,1.0583472109221266,1.0577589579248943,1.057816819025072
2021-04-22 08:00:00,1.057816819025072,1.0648850652603596,1.0646555231703858,1.064793512253554
2021-04-22 12:00:00,1.064793512253554,1.0526348565716603,1.0522610247997968,1.0524724600844644
2021-04-22 16:00:00,1.0524724600844644,1.05753427318214,1.0565510508579565,1.057237121888348
2021-04-22 20:00:00,1.057237121888348,1.064355022720106,1.0642042259971403,1.064252481245496
2021-04-23 00:00:00,1.064252481245496,1.0537924613411034,1.0534564984477983,1.0535119349369935
2021-04-23 04:00:00,1.0535119349369935,1.0508493454615595,1.0505637055376837,1.0506942560809107
2021-04-23 08:00:00,1.0506942560809107,1.0484324702619656,1.0483080575421795,1.0483803507898193
2021-04-23 12:00:00,1.0483803507898193,1.040866545328703,1.0398172025908248,1.04047696737554
2021-04-23 16:00:00,1.04047696737554,1.0357971185062358,1.0353276696966445,1.0354753189941133
2021-04-23 20:00:00,1.0354753189941133,1.028857712589782,1.028578655870282,1.0288451703852728
2021-04-24 00:00:00,1.0288451703852728,1.0387134869599668,1.0381358412207082,1.0383408251892383
2021-04-24 04:00:00,1.0383408251892383,1.0450010775913374,1.0442941404240713,1.0447282154109154
2021-04-24 08:00:00,1.0447282154109154,1.0532591560688076,1.0529426922324046,1.053027578725532
2021-04-24 12:00:00,1.053027578725532,1.0583931891184706,1.0580571080437158,1.0582597356515946
2021-04-24 16:00:00,1.0582597356515946,1.051657601012086,1.051479199627843,1.0515448541929675
2021-04-24 20:00:00,1.0515448541929675,1.0479749642833558,1.0473871241279422,1.0476752560784286
2021-04-25 00:00:00,1.0476752560784286,1.050462129887879,1.0497779365762918,1.0504406510266107
2021-04-25 04:00:00,1.0504406510266107,1.0431564694464983,1.0427768857169664,1.0431497412191681
2021-04-25 08:00:00,1.0431497412191681,1.0470806443882443,1.04635601985609,1.0470206265253459
2021-04-25 12:00:00,1.0470206265253459,1.0460595713542444,1.0448144562459958,1.0458437488155563
2021-04-25 16:00:00,1.0458437488155563,1.04389497237977,1.043450199670892,1.043508710427205
2021-04-25 20:00:00,1.043508710427205,1.04821895480196,1.046992262510479,1.0474834379524454
2021-04-26 00:00:00,1.0474834379524454,1.0506850664664567,1.0503538103202281,1.0503929944601256
2021-04-26 04:00:00,1.0503929944601256,1.0487522450168352,1.0483839272732713,1.0485537976320924
2021-04-26 08:00:00,1.0485537976320924,1.0552065783506115,1.0548553637484464,1.0549099750355897
2021-04-26 12:00:00,1.0549099750355897,1.0493546286074626,1.0491066153148736,1.049254820535312
2021-04-26 16:00:00,1.049254820535312,1.0525377827833198,1.0523284591134512,1.0523414447933628
2021-04-26 20:00:00,1.0523414447933628,1.0561794450556141,1.0556708651615812,1.0559595142445282
2021-04-27 00:00:00,1.0559595142445282,1.054959427988908,1.0540364385910113,1.0545040792703817
2021-04-27 04:00:00,1.0545040792703817,1.056596739758342,1.0555742248652447,1.0561755118878682
2021-04-27 08:00:00,1.0561755118878682,1.0501113611282953,1.0495820326918732,1.0496380373142324
2021-04-27 12:00:00,1.0496380373142324,1.054618314270837,1.0535572827983788,1.0541419054382979
2021-04-27 16:00:00,1.0541419054382979,1.0538413195303178,1.053273410311495,1.0534941565990548
2021-04-27 20:00:00,1.0534941565990548,1.0511939533510664,1.05061603865419,1.0506933649199464
2021-04-28 00:00:00,1.0506933649199464,1.0559804282843608,1.0557048790289056,1.0559184021501553
2021-04-28 04:00:00,1.0559184021501553,1.0535709625873382,1.0522118865059182,1.0526363150358167
2021-04-28 08:00:00,1.0526363150358167,1.0456627909701444,1.0447561468611293,1.045077680609921
2021-04-28 12:00:00,1.045077680609921,1.0363145639573645,1.0359995367832466,1.0362112041175364
2021-04-28 16:00:00,1.0362112041175364,1.0393347810857003,1.0384613349142668,1.0388514896497907
2021-04-28 20:00:00,1.0388514896497907,1.032292036136217,1.0318647305401265,1.0321213547353252
2021-04-29 00:00:00,1.0321213547353252,1.0413254240672756,1.040756612312202,1.0413119302417544
2021-04-29 04:00:00,1.0413119302417544,1.0306301765110641,1.028674618303806,1.0300277114057494
2021-04-29 08:00:00,1.0300277114057494,1.0395861147087322,1.0391396609517318,1.0394653479962888
2021-04-29 12:00:00,1.0394653479962888,1.0420111548300808,1.0414530656927243,1.041564306327889
2021-04-29 16:00:00,1.041564306327889,1.0417283854314223,1.0407714624910462,1.0411333734764663
2021-04-29 20:00:00,1.0411333734764663,1.0384539064812306,1.0378067949635308,1.0378584623100666
2021-04-30 00:00:00,1.0378584623100666,1.040054710528303,1.0395755447207804,1.0399362598775717
2021-04-30 04:00:00,1.0399362598775717,1.0407036350851266,1.0398206951783764,1.0398869955437946
2021-04-30 08:00:00,1.0398869955437946,1.0461594263331477,1.0459284364181232,1.0459666233617768
2021-04-30 12:00:00,1.0459666233617768,1.047535032026008,1.0470483494827647,1.0470959219271765
2021-04-30 16:00:00,1.0470959219271765,1.048039054889669,1.0473983262035367,1.0480050713946212
2021-04-30 20:00:00,1.0480050713946212,1.0468914780966603,1.0453504074992934,1.0461614315530674
2021-05-01 00:00:00,1.0461614315530674,1.0460807351970378,1.0453272440199775,1.045721076765943
2021-05-01 04:00:00,1.045721076765943,1.0474521742553344,1.046644438326658,1.04721413269062
2021-05-01 08:00:00,1.04721413269062,1.0395271365155445,1.0389871328336635,1.0390756038381468
2021-05-01 12:00:00,1.0390756038381468,1.0318144106998992,1.0312800674377582,1.03167683871819
2021-05-01 16:00:00,1.03167683871819,1.0359603972257077,1.034907037412983,1.034928445028152
2021-05-01 20:00:00,1.034928445028152,1.0362735796920333,1.0357816954941241,1.036066723188887
2021-05-02 00:00:00,1.036066723188887,1.0357356823633315,1.0348277889747293,1.0352399399007
2021-05-02 04:00:00,1.0352399399007,1.0355972980164947,1.0349254860988375,1.0352628702849878
2021-05-02 08:00:00,1.0352628702849878,1.0369721436950032,1.0367526966352187,1.0368794580749534
2021-05-02 12:00:00,1.0368794580749534,1.0349881943779489,1.0345352955775484,1.0345558177830771
2021-05-02 16:00:00,1.0345558177830771,1.031625305976406,1.0307215036842197,1.0308896950083717
2021-05-02 20:00:00,1.0308896950083717,1.0321673859854126,1.0307483753977265,1.0314736199406302
2021-05-03 00:00:00,1.0314736199406302,1.0276507872483225,1.0270531303955692,1.0272875922286686
2021-05-03 04:00:00,1.0272875922286686,1.0287957395372096,1.028135457299095,1.0287351272863379
2021-05-03 08:00:00,1.0287351272863379,1.0218780999150883,1.0207662555683956,1.021600022821198
2021-05-03 12:00:00,1.021600022821198,1.0258588919036769,1.0254406660489888,1.0256066153877217
2021-05-03 16:00:00,1.0256066153877217,1.0282597793865007,1.0279741630890267,1.0280501874732564
2021-05-03 20:00:00,1.0280501874732564,1.0297189052090447,1.0290677524171392,1.0293846822962633
2021-05-04 00:00:00,1.0293846822962633,1.0339088035699904,1.0335110543912769,1.0337715524304034
2021-05-04 04:00:00,1.0337715524304034,1.0427326020838361,1.0405623042635146,1.0415097004683287
2021-05-04 08:00:00,1.0415097004683287,1.047311095420415,1.0464868680883463,1.0468806500207006
2021-05-04 12:00:00,1.0468806500207006,1.0392565476345532,1.0379023644142027,1.0385459315728391
2021-05-04 16:00:00,1.0385459315728391,1.0317062035473639,1.030923342889421,1.03154400761097
2021-05-04 20:00:00,1.03154400761097,1.0284557986715013,1.0273205892451036,1.0278111603360538
2021-05-05 00:00:00,1.0278111603360538,1.0282585246674436,1.0275294414537315,1.0276450360901144
2021-05-05 04:00:00,1.0276450360901144,1.0305649373159376,1.0300259568360886,1.0301523346644352
2021-05-05 08:00:00,1.0301523346644352,1.0272475004702308,1.0268625754531437,1.0268687136961887
2021-05-05 12:00:00,1.0268687136961887,1.0278896203787529,1.0266865451906664,1.0274972733800039
2021-05-05 16:00:00,1.0274972733800039,1.0242788426694043,1.02374038472504,1.0240665663889161
2021-05-05 20:00:00,1.0240665663889161,1.0211952981498638,1.0209289427853974,1.0209885728510357
2021-05-06 00:00:00,1.0209885728510357,1.0144300485820972,1.0141834948989576,1.0143572118206376
2021-05-06 04:00:00,1.0143572118206376,1.009880183033005,1.0089404123568622,1.0095190850120843
2021-05-06 08:00:00,1.0095190850120843,1.0030873213307354,1.0019008478371818,1.0027799401885094
2021-05-06 12:00:00,1.0027799401885094,0.9976416226000197,0.9970646028597732,0.9975360649701004
2021-05-06 16:00:00,0.9975360649701004,1.0024199210826097,1.0021850326560673,1.0022732844975701
2021-05-06 20:00:00,1.0022732844975701,0.9987399164511912,0.9972700066465465,0.9979648698681968
2021-05-07 00:00:00,0.9979648698681968,1.0116836023393128,1.01055807488306,1.0107194142197224
2021-05-07 04:00:00,1.0107194142197224,1.0145822876442339,1.0142706161528316,1.0144418412841034
2021-05-07 08:00:00,1.0144418412841034,1.0159453322381924,1.0154103398283347,1.0157454277358458
2021-05-07 12:00:00,1.0157454277358458,1.012158066671285,1.0110856508371737,1.0113230293272941
2021-05-07 16:00:00,1.0113230293272941,1.014730376809862,1.0145570166362003,1.014666211398367
2021-05-07 20:00:00,1.014666211398367,1.0122525457613485,1.0114511764901863,1.0119207411124655
2021-05-08 00:00:00,1.0119207411124655,1.0124094072594523,1.011778833402495,1.012330254111071
2021-05-08 04:00:00,1.012330254111071,1.025286244252771,1.0249237576236196,1.0251643615508303
2021-05-08 08:00:00,1.0251643615508303,1.0263555744317852,1.0256400701829191,1.0256715512672898
2021-05-08 12:00:00,1.0256715512672898,1.0326781755361667,1.0317258445521704,1.0318015598949877
2021-05-08 16:00:00,1.0318015598949877,1.0286664700988823,1.0282415095954534,1.0284963089811834
2021-05-08 20:00:00,1.0284963089811834,1.0289238674781584,1.0280397610577965,1.0280456751974123
2021-05-09 00:00:00,1.0280456751974123,1.037272101800484,1.037076185202989,1.0371550965093468
2021-05-09 04:00:00,1.0371550965093468,1.0351644060298155,1.0343806914210738,1.0344814112104912
2021-05-09 08:00:00,1.0344814112104912,1.0442478989256343,1.043937020187473,1.0439851436711038
2021-05-09 12:00:00,1.0439851436711038,1.0487697567903584,1.0482118235969977,1.048756312785633
2021-05-09 16:00:00,1.048756312785633,1.0459615798851158,1.0456772461786406,1.045947553852933
2021-05-09 20:00:00,1.045947553852933,1.0501844945138625,1.0489594501464674,1.0492537681953291
2021-05-10 00:00:00,1.0492537681953291,1.055405641286748,1.0546076006006506,1.0549127110310106
2021-05-10 04:00:00,1.0549127110310106,1.0593324913433868,1.0588027677410743,1.0588679130129295
2021-05-10 08:00:00,1.0588679130129295,1.050756855531045,1.0502774926506455,1.0504114524818202
2021-05-10 12:00:00,1.0504114524818202,1.0459255701487502,1.04510696847413,1.0455608145041297
2021-05-10 16:00:00,1.0455608145041297,1.0438895886248127,1.0432245734719614,1.0437543028522704
2021-05-10 20:00:00,1.0437543028522704,1.0435381041607847,1.0420329571079472,1.0431942244078576
2021-05-11 00:00:00,1.0431942244078576,1.0465654402753448,1.046460247343092,1.046496727546048
2021-05-11 04:00:00,1.046496727546048,1.048216337222111,1.0472344931800681,1.0477126256279836
2021-05-11 08:00:00,1.0477126256279836,1.0408908882279988,1.0403193760311924,1.040887229116919
2021-05-11 12:00:00,1.040887229116919,1.0423835410656457,1.042192729267371,1.0423594150117952
2021-05-11 16:00:00,1.0423594150117952,1.045749480993402,1.0453536612374954,1.0456383954514468
2021-05-11 20:00:00,1.0456383954514468,1.0490715761426195,1.048629721687991,1.0487844397383328
2021-05-12 00:00:00,1.0487844397383328,1.0547527052851524,1.0541760046959707,1.0545750309831206
2021-05-12 04:00:00,1.0545750309831206,1.0598209378312582,1.0593232333030471,1.0594071624733912
2021-05-12 08:00:00,1.0594071624733912,1.0627042545384089,1.0613588404842922,1.0622232164976861
2021-05-12 12:00:00,1.0622232164976861,1.062549102042003,1.0616674285720726,1.0620822462642918
2021-05-12 16:00:00,1.0620822462642918,1.0540512636855899,1.0533504016405946,1.0537615101433517
2021-05-12 20:00:00,1.0537615101433517,1.0553715080906894,1.0551446167687255,1.0553341305980026
2021-05-13 00:00:00,1.0553341305980026,1.0567075424478756,1.0557769519916398,1.0565157250804176
2021-05-13 04:00:00,1.0565157250804176,1.0583304172147818,1.057241695904089,1.057953761244463
2021-05-13 08:00:00,1.057953761244463,1.052178389166755,1.0517788661062448,1.0519228722983784
2021-05-13 12:00:00,1.0519228722983784,1.0462301512277652,1.045098874038642,1.0461463753011582
2021-05-13 16:00:00,1.0461463753011582,1.05153164783259,1.0509331533568254,1.0509434440562428
2021-05-13 20:00:00,1.0509434440562428,1.0517755769851274,1.050723687155579,1.0511284424664529
2021-05-14 00:00:00,1.0511284424664529,1.0551224183900336,1.0541919475263217,1.0544592064824032
2021-05-14 04:00:00,1.0544592064824032,1.0549825300087114,1.0539112735695166,1.0548634883362291
2021-05-14 08:00:00,1.0548634883362291,1.0555545274303053,1.054356968880579,1.0550351534989966
2021-05-14 12:00:00,1.0550351534989966,1.0596906735314822,1.0586128623012883,1.0592885875712428
2021-05-14 16:00:00,1.0592885875712428,1.057658062300026,1.056845056120219,1.0572745241778871
2021-05-14 20:00:00,1.0572745241778871,1.0585388938466167,1.0574482099600182,1.0575446090802871
2021-05-15 00:00:00,1.0575446090802871,1.056273932371477,1.0555272340903843,1.05556760218082
2021-05-15 04:00:00,1.05556760218082,1.0539268541416713,1.0531580344653593,1.053562751346911
2021-05-15 08:00:00,1.053562751346911,1.0521621683137876,1.0513702944920011,1.0521089178915652
2021-05-15 12:00:00,1.0521089178915652,1.0532866241674084,1.0528146363108795,1.0529032307911348
2021-05-15 16:00:00,1.0529032307911348,1.0513513647512147,1.0509241114643038,1.0510591008468748
2021-05-15 20:00:00,1.0510591008468748,1.0560123188463513,1.0556896309999768,1.0558536731741768
2021-05-16 00:00:00,1.0558536731741768,1.0531777649929135,1.052534595183874,1.0526283700822607
2021-05-16 04:00:00,1.0526283700822607,1.0518019714362412,1.0510148652300733,1.0516161876354528
2021-05-16 08:00:00,1.0516161876354528,1.0504072632720896,1.04967793304681,1.0498052083731109
2021-05-16 12:00:00,1.0498052083731109,1.0556388429275887,1.055213415725303,1.0552853621259541
2021-05-16 16:00:00,1.0552853621259541,1.0574082043368733,1.056210637316948,1.0565178179808286
2021-05-16 20:00:00,1.0565178179808286,1.0613023688399796,1.0604631015452934,1.0606982129100329
2021-05-17 00:00:00,1.0606982129100329,1.0551402768218894,1.0548056301894708,1.0550649328753023
2021-05-17 04:00:00,1.0550649328753023,1.0565507708030426,1.0556804709416028,1.0557211698892686
2021-05-17 08:00:00,1.0557211698892686,1.0599845200054079,1.0591248791973562,1.05935689523092
2021-05-17 12:00:00,1.05935689523092,1.0599841671019636,1.0595047493297305,1.0599831626974778
2021-05-17 16:00:00,1.0599831626974778,1.0644831095084557,1.0637138062701534,1.0642516956840746
2021-05-17 20:00:00,1.0642516956840746,1.0633542694476674,1.0618992181194098,1.0625076477835187
2021-05-18 00:00:00,1.0625076477835187,1.0687578786860201,1.067665692478696,1.067974456818979
2021-05-18 04:00:00,1.067974456818979,1.0782963198432785,1.0778385942451927,1.0779220987222478
2021-05-18 08:00:00,1.0779220987222478,1.077328981293394,1.0768122302608334,1.0770889465851903
2021-05-18 12:00:00,1.0770889465851903,1.075400577942977,1.0748437317675232,1.0750783629571201
2021-05-18 16:00:00,1.0750783629571201,1.0814367341284148,1.080970057464461,1.0811783416480594
2021-05-18 20:00:00,1.0811783416480594,1.0893967178789739,1.0886743147586149,1.0887454122842768
2021-05-19 00:00:00,1.0887454122842768,1.0868999309128429,1.0862563951388138,1.0868945840656647
2021-05-19 04:00:00,1.0868945840656647,1.0848871520901127,1.0846129085451002,1.0848121500548635
2021-05-19 08:00:00,1.0848121500548635,1.083559566596184,1.0828939839593994,1.0833707287959173
2021-05-19 12:00:00,1.0833707287959173,1.077517649273302,1.0769223098523966,1.0773270413041427
2021-05-19 16:00:00,1.0773270413041427,1.0730129390246057,1.0724028179388063,1.0726908187218946
2021-05-19 20:00:00,1.0726908187218946,1.0682326639213042,1.0676717656716543,1.0677406500771685
2021-05-20 00:00:00,1.0677406500771685,1.063848769032969,1.0632184185305433,1.0638023519448028
2021-05-20 04:00:00,1.0638023519448028,1.0634916689677871,1.0631163774188606,1.0633275039217391
2021-05-20 08:00:00,1.0633275039217391,1.0648379241343282,1.063877415834349,1.064336985441318
2021-05-20 12:00:00,1.064336985441318,1.0715889501818074,1.070756417237759,1.0711912851520775
2021-05-20 16:00:00,1.0711912851520775,1.0679514357384128,1.066939826493812,1.0671956558268296
2021-05-20 20:00:00,1.0671956558268296,1.0716301943784312,1.071213316238019,1.0713824421347393
2021-05-21 00:00:00,1.0713824421347393,1.0708398648663844,1.0705759050873587,1.0707293619402491
2021-05-21 04:00:00,1.0707293619402491,1.0707283046048501,1.0700948833085189,1.0704558848379375
2021-05-21 08:00:00,1.0704558848379375,1.0735930689198139,1.0728493358128233,1.0733504657508284
2021-05-21 12:00:00,1.0733504657508284,1.0695532625463289,1.0686329983927956,1.0687533756786838
2021-05-21 16:00:00,1.0687533756786838,1.0704185720978732,1.069976535137338,1.0700543752009672
2021-05-21 20:00:00,1.0700543752009672,1.0719144942490966,1.0699447648975395,1.0708688029756
2021-05-22 00:00:00,1.0708688029756,1.0731670646370102,1.07296374342717,1.0729794534157346
2021-05-22 04:00:00,1.0729794534157346,1.0743770888030462,1.0735578815272169,1.0743375294875277
2021-05-22 08:00:00,1.0743375294875277,1.0845948178750993,1.0838805860116025,1.0843882460984868
2021-05-22 12:00:00,1.0843882460984868,1.0834721613464555,1.0816957035862018,1.0823768272782641
2021-05-22 16:00:00,1.0823768272782641,1.0803386629689793,1.0794256305572714,1.0799094667725535
2021-05-22 20:00:00,1.0799094667725535,1.0775196017142765,1.076524614467587,1.0770369091333372
2021-05-23 00:00:00,1.0770369091333372,1.074762535235311,1.0736833834398511,1.074438112430758
2021-05-23 04:00:00,1.074438112430758,1.071551274090249,1.071202243209616,1.0715374970553506
2021-05-23 08:00:00,1.0715374970553506,1.0770617709472055,1.0761204926525294,1.0763187789992492
2021-05-23 12:00:00,1.0763187789992492,1.0828510947409524,1.0823350904205673,1.082841418799513
2021-05-23 16:00:00,1.082841418799513,1.0815312691217143,1.0800159079265321,1.0807991154242254
2021-05-23 20:00:00,1.0807991154242254,1.077027450582821,1.076652745661959,1.0769622265666106
2021-05-24 00:00:00,1.0769622265666106,1.0788724896604496,1.0786499634088036,1.0787461963302134
2021-05-24 04:00:00,1.0787461963302134,1.0767500303421513,1.0764793383875597,1.0764838544451654
2021-05-24 08:00:00,1.0764838544451654,1.0794154068906052,1.078423319461913,1.079027599319596
2021-05-24 12:00:00,1.079027599319596,1.0804563309800748,1.0793910117592491,1.0800995383412262
2021-05-24 16:00:00,1.0800995383412262,1.0746701657049276,1.07366082752847,1.07387704482701
2021-05-24 20:00:00,1.07387704482701,1.080897408920273,1.0798316095650096,1.0800621494463651
2021-05-25 00:00:00,1.0800621494463651,1.0887468851543716,1.0880016873538119,1.0886350819836714
2021-05-25 04:00:00,1.0886350819836714,1.0864060102631237,1.0863182115587258,1.0864010062618144
2021-05-25 08:00:00,1.0864010062618144,1.0848526216445302,1.084279173121578,1.0844055603537741
2021-05-25 12:00:00,1.0844055603537741,1.0860376976219497,1.0854202846144907,1.0855623088260387
2021-05-25 16:00:00,1.0855623088260387,1.0875079204020222,1.0870901735194538,1.0871574244442375
2021-05-25 20:00:00,1.0871574244442375,1.0904198085850274,1.0899745410607455,1.0901901904886686
2021-05-26 00:00:00,1.0901901904886686,1.0999030119209272,1.0988244157201577,1.0993215379147057
2021-05-26 04:00:00,1.0993215379147057,1.0993978153497406,1.0991311725351227,1.099217954739792
2021-05-26 08:00:00,1.099217954739792,1.0958722207788834,1.0955302308251778,1.0955800830861053
2021-05-26 12:00:00,1.0955800830861053,1.0896232952793157,1.088934328750553,1.089035248638247
2021-05-26 16:00:00,1.089035248638247,1.0853000707680955,1.0850710949906701,1.0851024957810185
2021-05-26 20:00:00,1.0851024957810185,1.0852181306800266,1.0840812321706335,1.084633619922594
2021-05-27 00:00:00,1.084633619922594,1.0931280442000493,1.0921591816676854,1.0927351841295923
2021-05-27 04:00:00,1.0927351841295923,1.0911504087633574,1.0899437378712002,1.0909099647626554
2021-05-27 08:00:00,1.0909099647626554,1.0921331814592259,1.0914558135268324,1.0918128514005574
2021-05-27 12:00:00,1.0918128514005574,1.0919416998642657,1.0914488639058535,1.0918103219107078
2021-05-27 16:00:00,1.0918103219107078,1.097743024413852,1.0966587815559665,1.097028941189094
2021-05-27 20:00:00,1.097028941189094,1.1089607457959918,1.1087417290463843,1.1088778060785849
2021-05-28 00:00:00,1.1088778060785849,1.1072129700330158,1.1062486522070591,1.1071933623826706
2021-05-28 04:00:00,1.1071933623826706,1.1050077215388843,1.104231936296743,1.1046856132204301
2021-05-28 08:00:00,1.1046856132204301,1.109572405321256,1.1094128920638815,1.1094885216437738
2021-05-28 12:00:00,1.1094885216437738,1.1132730298651259,1.1131324056204759,1.1131927486836855
2021-05-28 16:00:00,1.1131927486836855,1.1228918895346287,1.12242598899467,1.1225260052594253
2021-05-28 20:00:00,1.1225260052594253,1.126979089819916,1.126147789110465,1.1263139957540291
2021-05-29 00:00:00,1.1263139957540291,1.125564363570949,1.1247467920517806,1.124752034164549
2021-05-29 04:00:00,1.124752034164549,1.1279068689265621,1.1275667588910407,1.1276212322275134
2021-05-29 08:00:00,1.1276212322275134,1.133477802016681,1.1331441982093418,1.1334339335429349
2021-05-29 12:00:00,1.1334339335429349,1.1385902475329794,1.1376829982080936,1.1381300606973896
2021-05-29 16:00:00,1.1381300606973896,1.1427586284642377,1.1409511294742567,1.141147759096628
2021-05-29 20:00:00,1.141147759096628,1.1474790973402116,1.1462977197448427,1.1469081726681507
2021-05-30 00:00:00,1.1469081726681507,1.1537625714361464,1.153199255351542,1.1535550112615078
2021-05-30 04:00:00,1.1535550112615078,1.1619493242397179,1.1614586471294683,1.1616205613265935
2021-05-30 08:00:00,1.1616205613265935,1.1661969205677993,1.165482059198005,1.1659456404850965
2021-05-30 12:00:00,1.1659456404850965,1.165680800723198,1.165325379786731,1.1653450825083804
2021-05-30 16:00:00,1.1653450825083804,1.1666249999673228,1.1660131225153927,1.166099949486886
2021-05-30 20:00:00,1.166099949486886,1.172588209115265,1.1719831847989772,1.1725688423295506
2021-05-31 00:00:00,1.1725688423295506,1.169337192955399,1.168280742115326,1.1686479231542373
2021-05-31 04:00:00,1.1686479231542373,1.1707728294553648,1.170024399126512,1.1703295986876245
2021-05-31 08:00:00,1.1703295986876245,1.1684118838792246,1.1683394295440188,1.16838617801114
2021-05-31 12:00:00,1.16838617801114,1.1685768706674604,1.167687678739091,1.168379444931797
2021-05-31 16:00:00,1.168379444931797,1.1749694998538915,1.1745113697651663,1.1747504377435096
2021-05-31 20:00:00,1.1747504377435096,1.1764147231591549,1.17547586660013,1.1762419548897867
2021-06-01 00:00:00,1.1762419548897867,1.1767293424751064,1.1757612060347553,1.1765940040884615
2021-06-01 04:00:00,1.1765940040884615,1.170608381507567,1.170033477283129,1.1700635762092304
2021-06-01 08:00:00,1.1700635762092304,1.173411239424307,1.1726740995929716,1.17324323548209
2021-06-01 12:00:00,1.17324323548209,1.177093822838473,1.176383968467567,1.1766892236551576
2021-06-01 16:00:00,1.1766892236551576,1.188114135416678,1.187670968989831,1.187691047175385
2021-06-01 20:00:00,1.187691047175385,1.18793256755002,1.1868523545752363,1.1869308746906595
2021-06-02 00:00:00,1.1869308746906595,1.1886401480811895,1.1876678526993198,1.1880036981046804
2021-06-02 04:00:00,1.1880036981046804,1.1896712195071495,1.1885161649380318,1.1893446070417142
2021-06-02 08:00:00,1.1893446070417142,1.1977803727211376,1.195861956664859,1.1972232443790591
2021-06-02 12:00:00,1.1972232443790591,1.1978766998076906,1.1972313790659352,1.1973648060834308
2021-06-02 16:00:00,1.1973648060834308,1.1993776769399516,1.1985917505267345,1.1987610344045807
2021-06-02 20:00:00,1.1987610344045807,1.2023468774653978,1.2017768147349288,1.2018236461215035
2021-06-03 00:00:00,1.2018236461215035,1.204203026829639,1.2028459842659007,1.2029709425662551
2021-06-03 04:00:00,1.2029709425662551,1.2018024380594228,1.2005616065480045,1.200961320327018
2021-06-03 08:00:00,1.200961320327018,1.2017143839386097,1.201177711549658,1.201699233629285
2021-06-03 12:00:00,1.201699233629285,1.2067202032049973,1.2060479022217585,1.2065959850622507
2021-06-03 16:00:00,1.2065959850622507,1.2025829141276867,1.2020846479248757,1.2022795326402855
2021-06-03 20:00:00,1.2022795326402855,1.2027578313557403,1.2022998872885535,1.2025498610771812
2021-06-04 00:00:00,1.2025498610771812,1.1997911245989017,1.198210025630157,1.1994470359168878
2021-06-04 04:00:00,1.1994470359168878,1.2055058278438222,1.2043122807339677,1.2045266181611751
2021-06-04 08:00:00,1.2045266181611751,1.1986403442784013,1.1979887161037104,1.1980070510181797
2021-06-04 12:00:00,1.1980070510181797,1.1948782009626107,1.1942244810869884,1.194868119741825
2021-06-04 16:00:00,1.194868119741825,1.1969184791854215,1.19619864790947,1.1963772059618354
2021-06-04 20:00:00,1.1963772059618354,1.203708139192809,1.2029638096733746,1.2036757470916721
2021-06-05 00:00:00,1.2036757470916721,1.2044637063958445,1.2028724085144056,1.203946172777661
2021-06-05 04:00:00,1.203946172777661,1.2017759605061848,1.2010542428606708,1.2013999925075318
2021-06-05 08:00:00,1.2013999925075318,1.21024767192464,1.209532285611173,1.209834796294764
2021-06-05 12:00:00,1.209834796294764,1.2036078955078227,1.203034726886189,1.2034887594849124
2021-06-05 16:00:00,1.2034887594849124,1.1921107450937547,1.1921019066502445,1.1921061366873726
2021-06-05 20:00:00,1.1921061366873726,1.1939541232603417,1.1929932552010474,1.1935344937320986
2021-06-06 00:00:00,1.1935344937320986,1.191281814944131,1.1904216643806498,1.191052842851569
2021-06-06 04:00:00,1.191052842851569,1.1863543339769633,1.1852104829518082,1.1856682762953272
2021-06-06 08:00:00,1.1856682762953272,1.1891038197362411,1.188542262486485,1.1888851318003664
2021-06-06 12:00:00,1.1888851318003664,1.1905962629419073,1.1894306937333576,1.190391689378745
2021-06-06 16:00:00,1.190391689378745,1.1883110118157119,1.1870645390090306,1.187692884528637
2021-06-06 20:00:00,1.187692884528637,1.1813771340520824,1.1811302973131192,1.181174453626299
2021-06-07 00:00:00,1.181174453626299,1.185522639280421,1.184879473808561,1.1850653131456588
2021-06-07 04:00:00,1.1850653131456588,1.1892945357281883,1.1882651973394192,1.188676429988712
2021-06-07 08:00:00,1.188676429988712,1.1889197173016812,1.1878569687000478,1.1884632023595585
2021-06-07 12:00:00,1.1884632023595585,1.198357534733382,1.1969300958067624,1.1974981181798434
2021-06-07 16:00:00,1.1974981181798434,1.1931987177296053,1.1922850101575109,1.1926819786194578
2021-06-07 20:00:00,1.1926819786194578,1.1852517251661936,1.1839919580896907,1.1843807227598582
2021-06-08 00:00:00,1.1843807227598582,1.1804240012547298,1.1795402827843602,1.1800000898454672
2021-06-08 04:00:00,1.1800000898454672,1.1795788796917857,1.1784696922812772,1.1794053728731066
2021-06-08 08:00:00,1.1794053728731066,1.1809539193590715,1.1805128097420612,1.1806221488027906
2021-06-08 12:00:00,1.1806221488027906,1.1801284203865776,1.1791912649041636,1.1794997713778919
2021-06-08 16:00:00,1.1794997713778919,1.1816952374285878,1.1804204128080706,1.1811419113581016
2021-06-08 20:00:00,1.1811419113581016,1.1759468072634305,1.1742625661272879,1.175258117878292
2021-06-09 00:00:00,1.175258117878292,1.1822071568446422,1.1813122232704047,1.1818911404698658
2021-06-09 04:00:00,1.1818911404698658,1.182477920935214,1.1815214506189469,1.1820060193920359
2021-06-09 08:00:00,1.1820060193920359,1.188325387916739,1.1870195947236883,1.18749210814947
2021-06-09 12:00:00,1.18749210814947,1.1896932316368178,1.1893536982362964,1.1896482498146814
2021-06-09 16:00:00,1.1896482498146814,1.192935368229526,1.1916980700248043,1.1920741713541112
2021-06-09 20:00:00,1.1920741713541112,1.1963228906503602,1.1945568687366357,1.1950480586869061
2021-06-10 00:00:00,1.1950480586869061,1.1975059867422455,1.1968505261606222,1.1974594506960712
2021-06-10 04:00:00,1.1974594506960712,1.2012758882870935,1.200215801712954,1.2007395509379875
2021-06-10 08:00:00,1.2007395509379875,1.2075033465768925,1.206886574837857,1.207391254962429
2021-06-10 12:00:00,1.207391254962429,1.209144233320936,1.2084494348928463,1.2089029927660575
2021-06-10 16:00:00,1.2089029927660575,1.2126450872748773,1.2117038172839567,1.2124791480328696
2021-06-10 20:00:00,1.2124791480328696,1.2124227320881393,1.2116216573946978,1.212328133190209
2021-06-11 00:00:00,1.212328133190209,1.2193650768812736,1.218798315278032,1.219102980125058
2021-06-11 04:00:00,1.219102980125058,1.216623309595548,1.2161088153021835,1.2163418676807483
2021-06-11 08:00:00,1.2163418676807483,1.2248945239834297,1.2244383577189166,1.2248565562229121
2021-06-11 12:00:00,1.2248565562229121,1.2253635196516617,1.225205574375307,1.2253348810664966
2021-06-11 16:00:00,1.2253348810664966,1.2187218523006862,1.2182016400759499,1.2183191231147226
2021-06-11 20:00:00,1.2183191231147226,1.2189299069223207,1.2183191877735597,1.2184103610650647
2021-06-12 00:00:00,1.2184103610650647,1.2151150654074676,1.2146854374054266,1.2150900140382752
2021-06-12 04:00:00,1.2150900140382752,1.219850155120662,1.2188065828005106,1.2189179240258365
2021-06-12 08:00:00,1.2189179240258365,1.216605515783406,1.2159266734112326,1.216039298626802
2021-06-12 12:00:00,1.216039298626802,1.214309150898909,1.213097608031271,1.2136541761840673
2021-06-12 16:00:00,1.2136541761840673,1.204507562937245,1.2041148404327555,1.2044957917177737
2021-06-12 20:00:00,1.2044957917177737,1.2016585459104627,1.2011265126788673,1.2015042739325865
2021-06-13 00:00:00,1.2015042739325865,1.1897923974071105,1.1887689124663512,1.189315607360982
2021-06-13 04:00:00,1.189315607360982,1.1806832684864819,1.1796991700998212,1.1799468610406854
2021-06-13 08:00:00,1.1799468610406854,1.1843460112985404,1.1830063292436899,1.1834221832265583
2021-06-13 12:00:00,1.1834221832265583,1.1886698283151622,1.1874357557685147,1.188044707082235
2021-06-13 16:00:00,1.188044707082235,1.191404386095599,1.190746527186893,1.1907806817996602
2021-06-13 20:00:00,1.1907806817996602,1.1858396408925358,1.185279424758245,1.1857083168877387
2021-06-14 00:00:00,1.1857083168877387,1.1853596031309435,1.1846664305808674,1.1850411964078416
2021-06-14 04:00:00,1.1850411964078416,1.1855631563450626,1.1845826201296263,1.184968699739453
2021-06-14 08:00:00,1.184968699739453,1.1793190945572083,1.1781600137831405,1.179057335951796
2021-06-14 12:00:00,1.179057335951796,1.187068991764283,1.186010401037576,1.1864034814442332
2021-06-14 16:00:00,1.1864034814442332,1.1927256042405714,1.1910329294095114,1.191728797335468
2021-06-14 20:00:00,1.191728797335468,1.190959287742312,1.190728212592787,1.1909485996684366
2021-06-15 00:00:00,1.1909485996684366,1.1910559421612357,1.1908114830184746,1.1910283338663548
2021-06-15 04:00:00,1.1910283338663548,1.192375415338625,1.1919794658614855,1.192094998033454
2021-06-15 08:00:00,1.192094998033454,1.182573124618765,1.1818392163432825,1.182118082368337
2021-06-15 12:00:00,1.182118082368337,1.1804818328464994,1.1794216585473796,1.1800353602578662
2021-06-15 16:00:00,1.1800353602578662,1.1768938748618112,1.175304113031661,1.1763886761828855
2021-06-15 20:00:00,1.1763886761828855,1.171315294967932,1.1704404413232645,1.1710198019151614
2021-06-16 00:00:00,1.1710198019151614,1.1692894856077165,1.1688956432921478,1.169150185195645
2021-06-16 04:00:00,1.169150185195645,1.1784201865711657,1.1780209943032998,1.1780578010747789
2021-06-16 08:00:00,1.1780578010747789,1.1824330606361053,1.1819342962101511,1.1821836723410486
2021-06-16 12:00:00,1.1821836723410486,1.179476237286639,1.1787459095750832,1.1794738280311088
2021-06-16 16:00:00,1.1794738280311088,1.1824523039002959,1.1816815898368103,1.1822637263266746
2021-06-16 20:00:00,1.1822637263266746,1.190151799979417,1.1897725360961229,1.1897781215664915
2021-06-17 00:00:00,1.1897781215664915,1.1962386130040812,1.195136407515912,1.1953886051776577
2021-06-17 04:00:00,1.1953886051776577,1.1965084878182224,1.19539569487483,1.1961665058955697
2021-06-17 08:00:00,1.1961665058955697,1.192900953744679,1.1923505423798713,1.1927894403094186
2021-06-17 12:00:00,1.1927894403094186,1.1965437184053447,1.1961343117911183,1.1962052125647826
2021-06-17 16:00:00,1.1962052125647826,1.1989206491973823,1.1981230888701462,1.1985481731731613
2021-06-17 20:00:00,1.1985481731731613,1.204154259738016,1.2029876995995967,1.2033802864232983
2021-06-18 00:00:00,1.2033802864232983,1.2077555778145235,1.2069331471532239,1.2071020751318682
2021-06-18 04:00:00,1.2071020751318682,1.2135679553345498,1.2125994900546007,1.2129146447386416
2021-06-18 08:00:00,1.2129146447386416,1.21121618655025,1.2103512051784675,1.2105171514772783
2021-06-18 12:00:00,1.2105171514772783,1.2174118943982026,1.216744925287206,1.2172700196371753
2021-06-18 16:00:00,1.2172700196371753,1.2188998166125844,1.2183976642073144,1.2188841246559285
2021-06-18 20:00:00,1.2188841246559285,1.2304906003297018,1.2294451765989727,1.2300611529746337
2021-06-19 00:00:00,1.2300611529746337,1.2273919075748163,1.2260871172606083,1.227032592699655
2021-06-19 04:00:00,1.227032592699655,1.2367317657590844,1.2362534449923157,1.2365788918452714
2021-06-19 08:00:00,1.2365788918452714,1.2387190451103005,1.2378690570939104,1.238518492599082
2021-06-19 12:00:00,1.238518492599082,1.2349241916832325,1.2340463455942368,1.2349068553362605
2021-06-19 16:00:00,1.2349068553362605,1.2322715704024516,1.2313210564055257,1.2318508032267763
2021-06-19 20:00:00,1.2318508032267763,1.2304358553942514,1.2296331567432441,1.2298010514036353
2021-06-20 00:00:00,1.2298010514036353,1.2320054029242489,1.231853175273625,1.2319782012188405
2021-06-20 04:00:00,1.2319782012188405,1.2360012978458528,1.2349105998196486,1.2349892447802726
2021-06-20 08:00:00,1.2349892447802726,1.2329524820923412,1.23165210152655,1.2321513411000715
2021-06-20 12:00:00,1.2321513411000715,1.2320699810839868,1.231707188389585,1.2317956460167137
2021-06-20 16:00:00,1.2317956460167137,1.2427764847178346,1.241595021064884,1.242760259818168
2021-06-20 20:00:00,1.242760259818168,1.2537728534388277,1.2531356541658587,1.253202705811193
2021-06-21 00:00:00,1.253202705811193,1.256805994918058,1.2560715070951345,1.2566052048009497
2021-06-21 04:00:00,1.2566052048009497,1.2572551677922137,1.256694143286417,1.257099049790507
2021-06-21 08:00:00,1.257099049790507,1.25838034172027,1.2577948492469346,1.2578131868149525
2021-06-21 12:00:00,1.2578131868149525,1.261795744686749,1.2609159673373669,1.261212085297882
2021-06-21 16:00:00,1.261212085297882,1.2561193245051174,1.255790530663438,1.2559573036716936
2021-06-21 20:00:00,1.2559573036716936,1.254821382789527,1.2538811789387352,1.2541370724304979
2021-06-22 00:00:00,1.2541370724304979,1.245409936206405,1.244859849162538,1.2451450302314198
2021-06-22 04:00:00,1.2451450302314198,1.2468863007252637,1.246553570349962,1.246636515991691
2021-06-22 08:00:00,1.246636515991691,1.250744642728489,1.2496351532499288,1.2502533810314156
2021-06-22 12:00:00,1.2502533810314156,1.2487448559952623,1.2469102274514579,1.2479434985808073
2021-06-22 16:00:00,1.2479434985808073,1.256716933292772,1.255672707750511,1.256101977747718
2021-06-22 20:00:00,1.256101977747718,1.2507857029880827,1.2490686131553483,1.2499999929933177
2021-06-23 00:00:00,1.2499999929933177,1.2418207659354479,1.241045291972751,1.241357803408089
2021-06-23 04:00:00,1.241357803408089,1.2430987150827142,1.2416144898535073,1.2419631746174975
2021-06-23 08:00:00,1.2419631746174975,1.2482514758409853,1.2471927353553252,1.2478608497919017
2021-06-23 12:00:00,1.2478608497919017,1.2583199817480952,1.2574833437931552,1.2579343551904543
2021-06-23 16:00:00,1.2579343551904543,1.256197069389178,1.2557451720087156,1.255989130369733
2021-06-23 20:00:00,1.255989130369733,1.26239864324958,1.261288592481477,1.2621660022036594
2021-06-24 00:00:00,1.2621660022036594,1.2632004777127428,1.2619393421493064,1.2624317404475542
2021-06-24 04:00:00,1.2624317404475542,1.2618646032863914,1.2607852433095454,1.2614619571158416
2021-06-24 08:00:00,1.2614619571158416,1.2665909418143368,1.2655358065243743,1.2663097657197901
2021-06-24 12:00:00,1.2663097657197901,1.2703715888465008,1.2697572742296228,1.2703654048691566
2021-06-24 16:00:00,1.2703654048691566,1.2619147693227426,1.2616497797178503,1.2618678911822556
2021-06-24 20:00:00,1.2618678911822556,1.2704023384959677,1.2697332990767816,1.269756515688201
2021-06-25 00:00:00,1.269756515688201,1.279276148537567,1.2784620811235523,1.278686375247764
2021-06-25 04:00:00,1.278686375247764,1.2759964469415168,1.2753588265497053,1.2755026771670523
2021-06-25 08:00:00,1.2755026771670523,1.2778833495171094,1.276872041142364,1.2776794358872214
2021-06-25 12:00:00,1.2776794358872214,1.2813664134700555,1.28070621548785,1.2808284403995613
2021-06-25 16:00:00,1.2808284403995613,1.2827991440332775,1.2815208121217565,1.2826325771415603
2021-06-25 20:00:00,1.2826325771415603,1.2796546295765863,1.2791218463510567,1.2795814423114957
2021-06-26 00:00:00,1.2795814423114957,1.2763790328375484,1.2754883822000131,1.2754984233084592
2021-06-26 04:00:00,1.2754984233084592,1.27516487823875,1.274836724356909,1.275026988304706
2021-06-26 08:00:00,1.275026988304706,1.2814586441468703,1.2808883880394193,1.2814446075509853
2021-06-26 12:00:00,1.2814446075509853,1.2860277471659725,1.2849451449498617,1.2850238314479114
2021-06-26 16:00:00,1.2850238314479114,1.2835870350393628,1.2830202119494951,1.2832344244799891
2021-06-26 20:00:00,1.2832344244799891,1.2881109065373042,1.28705000487181,1.2873199456585176
2021-06-27 00:00:00,1.2873199456585176,1.2724229433589624,1.2710144584735115,1.272118887758236
2021-06-27 04:00:00,1.272118887758236,1.2781403390154726,1.2775393900155176,1.2777767843154706
2021-06-27 08:00:00,1.2777767843154706,1.26781985312671,1.2671772197618685,1.2677604589467022
2021-06-27 12:00:00,1.2677604589467022,1.2648180394347888,1.264665103036003,1.2646985387546887
2021-06-27 16:00:00,1.2646985387546887,1.2580658768531365,1.2567493218068277,1.2575934464972225
2021-06-27 20:00:00,1.2575934464972225,1.2491924435905228,1.2478021379448416,1.2490004035951223
2021-06-28 00:00:00,1.2490004035951223,1.255821036667041,1.2554509253700956,1.2557176825660614
2021-06-28 04:00:00,1.2557176825660614,1.2540353578181538,1.2527328609261368,1.2532304731371762
2021-06-28 08:00:00,1.2532304731371762,1.2562700654108976,1.2549497965225704,1.255225346112436
2021-06-28 12:00:00,1.255225346112436,1.255700369647773,1.2549534612439892,1.2550950029780374
2021-06-28 16:00:00,1.2550950029780374,1.2583935246032294,1.2576924628121253,1.2579221584096503
2021-06-28 20:00:00,1.2579221584096503,1.2592898319685315,1.258247458040638,1.2585990729312972
2021-06-29 00:00:00,1.2585990729312972,1.2519920466191854,1.2511710573075154,1.2514014141191419
2021-06-29 04:00:00,1.2514014141191419,1.2569598904990944,1.256588500716267,1.2565920115922544
2021-06-29 08:00:00,1.2565920115922544,1.2547600483625048,1.2538115657843492,1.2541307161870299
2021-06-29 12:00:00,1.2541307161870299,1.245468808594003,1.2448702585008986,1.245070036592751
2021-06-29 16:00:00,1.245070036592751,1.2428475220749395,1.2409029084372152,1.2418243358144743
2021-06-29 20:00:00,1.2418243358144743,1.2506057496898009,1.2498162174135252,1.2503263148433763
2021-06-30 00:00:00,1.2503263148433763,1.2562487741977522,1.2559014776580792,1.2561701493141806
2021-06-30 04:00:00,1.2561701493141806,1.254673158679973,1.2539844409495982,1.254501078075953
2021-06-30 08:00:00,1.254501078075953,1.252908771689298,1.2521000288460422,1.25228590014662
2021-06-30 12:00:00,1.25228590014662,1.250624816966569,1.249980875663837,1.2502350560251927
2021-06-30 16:00:00,1.2502350560251927,1.2622826486534577,1.2615761193613102,1.2619535873993337
2021-06-30 20:00:00,1.2619535873993337,1.2653908776988707,1.2651711081654318,1.2652345149491875
2021-07-01 00:00:00,1.2652345149491875,1.2691698835126182,1.267888294284748,1.2681023529529787
2021-07-01 04:00:00,1.2681023529529787,1.274566759490575,1.273880390611528,1.2744963673186016
2021-07-01 08:00:00,1.2744963673186016,1.2774260323780369,1.2762203098714129,1.2764630029742603
2021-07-01 12:00:00,1.2764630029742603,1.2751072174305726,1.2746707416674867,1.275080155479779
2021-07-01 16:00:00,1.275080155479779,1.2742765190719922,1.272845814699965,1.2738356243053077
2021-07-01 20:00:00,1.2738356243053077,1.2735774203714658,1.2731046303984284,1.2733345310657098
2021-07-02 00:00:00,1.2733345310657098,1.2739469265673151,1.2730146944659853,1.2730928768601135
2021-07-02 04:00:00,1.2730928768601135,1.277623345388497,1.2766468795912642,1.2768773931560364
2021-07-02 08:00:00,1.2768773931560364,1.2780609712362438,1.2768714312989757,1.2774522597763507
2021-07-02 12:00:00,1.2774522597763507,1.281557378104998,1.2805782144463838,1.2812113807928927
2021-07-02 16:00:00,1.2812113807928927,1.2819823662023313,1.2807765140196545,1.2811030000652823
2021-07-02 20:00:00,1.2811030000652823,1.2828683926033178,1.2806800478972717,1.281478862365541
2021-07-03 00:00:00,1.281478862365541,1.2721261310866134,1.271748081518738,1.2720936950963007
2021-07-03 04:00:00,1.2720936950963007,1.2763725573670286,1.275874125126899,1.2759247159463423
2021-07-03 08:00:00,1.2759247159463423,1.27868893624238,1.2779495321660679,1.2779696503502476
2021-07-03 12:00:00,1.2779696503502476,1.283181204004765,1.2829328499602966,1.2830682847434203
2021-07-03 16:00:00,1.2830682847434203,1.2690623641696683,1.2682593314550341,1.2689976925588367
2021-07-03 20:00:00,1.2689976925588367,1.2794289446435612,1.2793196951566415,1.2793764157362033
2021-07-04 00:00:00,1.2793764157362033,1.2795474423470359,1.2786650384338336,1.2793950427766236
2021-07-04 04:00:00,1.2793950427766236,1.2859564242373414,1.2854465125303767,1.285630786655912
2021-07-04 08:00:00,1.285630786655912,1.2803779168587397,1.279089401441773,1.2801794225646006
2021-07-04 12:00:00,1.2801794225646006,1.2842710374433584,1.2823273587352386,1.2832777988460708
2021-07-04 16:00:00,1.2832777988460708,1.2776055943658313,1.2771109809155896,1.2775292688928963
2021-07-04 20:00:00,1.2775292688928963,1.2746986057460774,1.2732140617238785,1.2734926196186043
2021-07-05 00:00:00,1.2734926196186043,1.284318879432962,1.2836297453213623,1.2841371634271794
2021-07-05 04:00:00,1.2841371634271794,1.2843386709862787,1.2831831438965533,1.2838357667214806
2021-07-05 08:00:00,1.2838357667214806,1.2851660289477853,1.2849136457342227,1.285082056363456
2021-07-05 12:00:00,1.285082056363456,1.2908117617605945,1.2896835836753537,1.2901336288308065
2021-07-05 16:00:00,1.2901336288308065,1.2938760742208528,1.2932992291823797,1.293385235199103
2021-07-05 20:00:00,1.293385235199103,1.2950514508724877,1.2931144177538285,1.2945019315618773
2021-07-06 00:00:00,1.2945019315618773,1.2968360175464906,1.2962977146455599,1.2966112424326832
2021-07-06 04:00:00,1.2966112424326832,1.3108227351701183,1.3089900795577423,1.3099041283265238
2021-07-06 08:00:00,1.3099041283265238,1.310821953100951,1.3105983497550293,1.3106305210370734
2021-07-06 12:00:00,1.3106305210370734,1.3122875484428005,1.3109783238526553,1.31184650932714
2021-07-06 16:00:00,1.31184650932714,1.3182019541625793,1.3175851592252594,1.3178396861210757
2021-07-06 20:00:00,1.3178396861210757,1.3248803573182792,1.3244826698464893,1.3246494498680377
2021-07-07 00:00:00,1.3246494498680377,1.3326205567755733,1.3316119578570178,1.3321721745239776
2021-07-07 04:00:00,1.3321721745239776,1.3368977614544997,1.33614921016399,1.3366422810752863
2021-07-07 08:00:00,1.3366422810752863,1.3301254269167955,1.3300885542764134,1.3301016944271797
2021-07-07 12:00:00,1.3301016944271797,1.340315916810114,1.3394093163558487,1.339596724766969
2021-07-07 16:00:00,1.339596724766969,1.3340799572942066,1.3317312583046688,1.3330486640601027
2021-07-07 20:00:00,1.3330486640601027,1.3344866834161202,1.3339122177651679,1.3344743631970584
2021-07-08 00:00:00,1.3344743631970584,1.3302086081976137,1.3296131420002375,1.329876190432875
2021-07-08 04:00:00,1.329876190432875,1.3292130595071854,1.3284021980430032,1.3291102137164452
2021-07-08 08:00:00,1.3291102137164452,1.3317238759325112,1.330525456033586,1.3310264898370587
2021-07-08 12:00:00,1.3310264898370587,1.3331110222058953,1.3330587853724267,1.3330713791533852
2021-07-08 16:00:00,1.3330713791533852,1.3357683985346123,1.3350200402602994,1.3356697986195645
2021-07-08 20:00:00,1.3356697986195645,1.3454016038415928,1.3448472780591791,1.345082910901069
2021-07-09 00:00:00,1.345082910901069,1.3486075307114567,1.3485531417405558,1.3485539586961344
2021-07-09 04:00:00,1.3485539586961344,1.3475940393147772,1.347301312847132,1.3473836271780306
2021-07-09 08:00:00,1.3473836271780306,1.353132100207087,1.3525915777221575,1.3528527934447774
2021-07-09 12:00:00,1.3528527934447774,1.3606062842619895,1.3600262407295622,1.3602512432931366
2021-07-09 16:00:00,1.3602512432931366,1.3538121983913103,1.3530197352236866,1.353481311649964
2021-07-09 20:00:00,1.353481311649964,1.3568682473389544,1.3562507838876743,1.356581740519342
2021-07-10 00:00:00,1.356581740519342,1.3617952197819376,1.3609799146611659,1.361058577227527
2021-07-10 04:00:00,1.361058577227527,1.3613754352226026,1.359605431421085,1.3596236871688598
2021-07-10 08:00:00,1.3596236871688598,1.3678135860622005,1.367001245006233,1.3675971781221643
2021-07-10 12:00:00,1.3675971781221643,1.3673448347692134,1.3672638078881834,1.367326090470924
2021-07-10 16:00:00,1.367326090470924,1.3689586884270688,1.3680306631662529,1.3680388899641769
2021-07-10 20:00:00,1.3680388899641769,1.367285680556838,1.3667883912942158,1.3671163075445822
2021-07-11 00:00:00,1.3671163075445822,1.3673882163849214,1.3668925001690702,1.3671280508276134
2021-07-11 04:00:00,1.3671280508276134,1.3616693411250447,1.3611577643405295,1.3613482593885344
2021-07-11 08:00:00,1.3613482593885344,1.3546348863717164,1.3527119340172593,1.3531995054023864
2021-07-11 12:00:00,1.3531995054023864,1.3621374134958337,1.361077967264114,1.3613933361198964
2021-07-11 16:00:00,1.3613933361198964,1.3575749821888192,1.3569259522108903,1.3571744872152671
2021-07-11 20:00:00,1.3571744872152671,1.351532896662318,1.350733708681336,1.351161831008792
2021-07-12 00:00:00,1.351161831008792,1.3386619017939279,1.338130189339049,1.3382652004932538
2021-07-12 04:00:00,1.3382652004932538,1.3337783680286242,1.3328274959827071,1.333310804150135
2021-07-12 08:00:00,1.333310804150135,1.3251614197154964,1.3241190506561213,1.324811425759044
2021-07-12 12:00:00,1.324811425759044,1.334704260967256,1.3335918530247906,1.3344984849088797
2021-07-12 16:00:00,1.3344984849088797,1.3430461073380018,1.3415132631204327,1.341934246548213
2021-07-12 20:00:00,1.341934246548213,1.3385381362422804,1.337236103752961,1.3379132013071269
2021-07-13 00:00:00,1.3379132013071269,1.3530283787676312,1.3515887517943086,1.352609045636531
2021-07-13 04:00:00,1.352609045636531,1.361326034369218,1.3600201015264728,1.3608608956735984
2021-07-13 08:00:00,1.3608608956735984,1.359358936391032,1.3585133793530024,1.359139807244556
2021-07-13 12:00:00,1.359139807244556,1.341474362711499,1.3412844997910882,1.3413282991819957
2021-07-13 16:00:00,1.3413282991819957,1.3575101091931974,1.357279949723224,1.3574790118409212
2021-07-13 20:00:00,1.3574790118409212,1.3477008855455241,1.3473055764007253,1.3474054981904335
2021-07-14 00:00:00,1.3474054981904335,1.3337170098782947,1.3326658626850607,1.3330027926517707
2021-07-14 04:00:00,1.3330027926517707,1.3410662022033062,1.3401830843622486,1.3406680847179597
2021-07-14 08:00:00,1.3406680847179597,1.3626616330804895,1.3621537736870397,1.3625984101099604
2021-07-14 12:00:00,1.3625984101099604,1.3787000564324128,1.3772962311206285,1.3776542034698354
2021-07-14 16:00:00,1.3776542034698354,1.3845776530532998,1.3835690864894898,1.384514623003814
2021-07-14 20:00:00,1.384514623003814,1.3916009240448652,1.3906720432413784,1.3909971076329084
2021-07-15 00:00:00,1.3909971076329084,1.4000078384410402,1.3982834797907842,1.399986247758609
2021-07-15 04:00:00,1.399986247758609,1.408576799516952,1.4077590413476198,1.4083043440928875
2021-07-15 08:00:00,1.4083043440928875,1.4119335886101276,1.4111460744031938,1.4117942589599237
2021-07-15 12:00:00,1.4117942589599237,1.4131897279255214,1.412763329205327,1.413094530735947
2021-07-15 16:00:00,1.413094530735947,1.4129485895212686,1.4123198713245813,1.4126075037210906
2021-07-15 20:00:00,1.4126075037210906,1.4065239047108136,1.4053830158108929,1.4057509602670577
2021-07-16 00:00:00,1.4057509602670577,1.4028879783023378,1.40205274176215,1.4026861705619915
2021-07-16 04:00:00,1.4026861705619915,1.3883887319934776,1.3876186354872861,1.38772979476808
2021-07-16 08:00:00,1.38772979476808,1.3861884640265665,1.3845513560737333,1.385653718231663
2021-07-16 12:00:00,1.385653718231663,1.3771096413056207,1.3765567039169724,1.376881282510923
2021-07-16 16:00:00,1.376881282510923,1.3669591457529022,1.3664351928690952,1.3665632236704786
2021-07-16 20:00:00,1.3665632236704786,1.3675021340688949,1.3671960044222942,1.3673301542405185
2021-07-17 00:00:00,1.3673301542405185,1.3794777754957108,1.3786607307293517,1.3792797338853164
2021-07-17 04:00:00,1.3792797338853164,1.388772258163628,1.3882082228639845,1.3883669811038353
2021-07-17 08:00:00,1.3883669811038353,1.3756050975313943,1.375004173518626,1.3750930119522815
2021-07-17 12:00:00,1.3750930119522815,1.3650345987715036,1.3647751636601493,1.3650111036689494
2021-07-17 16:00:00,1.3650111036689494,1.373268154004739,1.3715505126175178,1.3728909615975666
2021-07-17 20:00:00,1.3728909615975666,1.3655785725468386,1.3639936659778065,1.3644513704661059
2021-07-18 00:00:00,1.3644513704661059,1.3628628861438035,1.3610648574847695,1.361707269833764
2021-07-18 04:00:00,1.361707269833764,1.366578105417061,1.365955228606477,1.3664233432789836
2021-07-18 08:00:00,1.3664233432789836,1.359362050643611,1.3582543055071468,1.3582618368704567
2021-07-18 12:00:00,1.3582618368704567,1.3586268818157357,1.3580708022210874,1.3585409710003429
2021-07-18 16:00:00,1.3585409710003429,1.3473307101784369,1.3468986545990609,1.3473126866549625
2021-07-18 20:00:00,1.3473126866549625,1.341300908424615,1.3409790809610835,1.3412569718615917
2021-07-19 00:00:00,1.3412569718615917,1.34402860501598,1.3425362860561343,1.3434959405213809
2021-07-19 04:00:00,1.3434959405213809,1.330954331275263,1.3300224571743617,1.330556524161989
2021-07-19 08:00:00,1.330556524161989,1.3334300681747566,1.332480590973156,1.3332712082751075
2021-07-19 12:00:00,1.3332712082751075,1.3335658944123756,1.3326080168087802,1.3333258127617753
2021-07-19 16:00:00,1.3333258127617753,1.3377828012283448,1.3373960264574052,1.3377269599838186
2021-07-19 20:00:00,1.3377269599838186,1.3407928095127906,1.3394200269442502,1.339841259154765
2021-07-20 00:00:00,1.339841259154765,1.3512894944022067,1.3501723536023535,1.3504904383704994
2021-07-20 04:00:00,1.3504904383704994,1.3524154437757623,1.3522495823715448,1.3523399011632398
2021-07-20 08:00:00,1.3523399011632398,1.3492190811636013,1.3483956984801695,1.3491839890870827
2021-07-20 12:00:00,1.3491839890870827,1.3502914775150878,1.3495225783633504,1.3498523541268113
2021-07-20 16:00:00,1.3498523541268113,1.3543097649836173,1.3537950174113886,1.3538527834153185
2021-07-20 20:00:00,1.3538527834153185,1.3554689944257912,1.3541194919711315,1.3545242556922181
2021-07-21 00:00:00,1.3545242556922181,1.3549441290492765,1.3541431188492463,1.3548591398105994
2021-07-21 04:00:00,1.3548591398105994,1.3503668871390504,1.3485425741789114,1.3502149984876002
2021-07-21 08:00:00,1.3502149984876002,1.3462726651043224,1.345455606231496,1.3454709799934315
2021-07-21 12:00:00,1.3454709799934315,1.3366024118906186,1.3358476944295081,1.3359235692509517
2021-07-21 16:00:00,1.3359235692509517,1.3476070268673852,1.3463076865629222,1.3469848848472272
2021-07-21 20:00:00,1.3469848848472272,1.3403701480692853,1.3386119768544662,1.339102064284531
2021-07-22 00:00:00,1.339102064284531,1.3337407998174955,1.3335189826748777,1.3335392940889201
2021-07-22 04:00:00,1.3335392940889201,1.3286941661116072,1.3279392880647565,1.3280084132601992
2021-07-22 08:00:00,1.3280084132601992,1.3341118028780015,1.3330921082282083,1.33389465850462
2021-07-22 12:00:00,1.33389465850462,1.332282442642058,1.3319784330819557,1.3322749792550124
2021-07-22 16:00:00,1.3322749792550124,1.341058456968154,1.3404787150558886,1.3407560961560123
2021-07-22 20:00:00,1.3407560961560123,1.3369979141225354,1.3364443741387428,1.3366817115146712
2021-07-23 00:00:00,1.3366817115146712,1.3391331957454988,1.337646951676782,1.3383006664516133
2021-07-23 04:00:00,1.3383006664516133,1.3333776303477034,1.3327192175276092,1.3327834582544502
2021-07-23 08:00:00,1.3327834582544502,1.3478344179702662,1.346149992565044,1.3468974056073537
2021-07-23 12:00:00,1.3468974056073537,1.340027332867535,1.3388682180377902,1.3394343864682736
2021-07-23 16:00:00,1.3394343864682736,1.3423204980608605,1.3403299241406075,1.341100300081851
2021-07-23 20:00:00,1.341100300081851,1.3458447792966095,1.3452513778479112,1.3457348974751753
2021-07-24 00:00:00,1.3457348974751753,1.3507132071574974,1.3489425691764294,1.3490308679256369
2021-07-24 04:00:00,1.3490308679256369,1.3480132914651266,1.3474436617497463,1.348006797548624
2021-07-24 08:00:00,1.348006797548624,1.347656776371841,1.3452053135557456,1.3470528830537993
2021-07-24 12:00:00,1.3470528830537993,1.3472920669587998,1.3471990791147619,1.347261135209912
2021-07-24 16:00:00,1.347261135209912,1.3463869504321655,1.3456531642694474,1.3463595919805502
2021-07-24 20:00:00,1.3463595919805502,1.352212622132216,1.3518086421234567,1.3521257345647728
2021-07-25 00:00:00,1.3521257345647728,1.366558021050355,1.3658542994556577,1.3661961086067147
2021-07-25 04:00:00,1.3661961086067147,1.3641877864089549,1.3627456669358904,1.363621004882717
2021-07-25 08:00:00,1.363621004882717,1.3554490057365098,1.3544428838628895,1.3545346687980773
2021-07-25 12:00:00,1.3545346687980773,1.3533556015606418,1.3530170517436158,1.3532229238532112
2021-07-25 16:00:00,1.3532229238532112,1.3702658912904238,1.3690264811884487,1.369867646630452
2021-07-25 20:00:00,1.369867646630452,1.3658416973165328,1.3647829747675706,1.3654986024655305
2021-07-26 00:00:00,1.3654986024655305,1.3774124169468838,1.3762279190112385,1.3767040299580566
2021-07-26 04:00:00,1.3767040299580566,1.3901526686180385,1.3888072885153502,1.3900097464765964
2021-07-26 08:00:00,1.3900097464765964,1.386922381789813,1.386257506408469,1.3867684213654197
2021-07-26 12:00:00,1.3867684213654197,1.3913692198557681,1.390457590240934,1.3908500955851093
2021-07-26 16:00:00,1.3908500955851093,1.4040600485330597,1.403356683758794,1.4035003709700649
2021-07-26 20:00:00,1.4035003709700649,1.4018989983335872,1.4005432151583368,1.4015131868086972
2021-07-27 00:00:00,1.4015131868086972,1.400038439088342,1.3993551283586747,1.3997900565163712
2021-07-27 04:00:00,1.3997900565163712,1.3958014850694453,1.3946737020450972,1.3953249408098316
2021-07-27 08:00:00,1.3953249408098316,1.3878895090148402,1.3864141779835613,1.3875325338899127
2021-07-27 12:00:00,1.3875325338899127,1.382502842628673,1.3821148171878501,1.3821164288193153
2021-07-27 16:00:00,1.3821164288193153,1.373074598195768,1.372291121251491,1.3727291987400931
2021-07-27 20:00:00,1.3727291987400931,1.3722998588219504,1.3707942639489372,1.3722352787228063
2021-07-28 00:00:00,1.3722352787228063,1.366685362308364,1.366584884374129,1.3666771470752082
2021-07-28 04:00:00,1.3666771470752082,1.36895248847705,1.3671954975305116,1.3679033892612222
2021-07-28 08:00:00,1.3679033892612222,1.3580754241907842,1.356424853293927,1.3572767339337086
2021-07-28 12:00:00,1.3572767339337086,1.3589693076864262,1.3584984243022762,1.3587865357391558
2021-07-28 16:00:00,1.3587865357391558,1.3650861227422324,1.3646309039465354,1.3646837979311266
2021-07-28 20:00:00,1.3646837979311266,1.3519145098126517,1.350852419451306,1.3513433105566688
2021-07-29 00:00:00,1.3513433105566688,1.353528649802001,1.3527769157798044,1.3530054117043508
2021-07-29 04:00:00,1.3530054117043508,1.362245023761862,1.3617345360227995,1.361853262883926
2021-07-29 08:00:00,1.361853262883926,1.3547698881029546,1.3536577922008786,1.3537844565988664
2021-07-29 12:00:00,1.3537844565988664,1.3655171437301803,1.3644585164677807,1.3654717612779015
2021-07-29 16:00:00,1.3654717612779015,1.3699951501692593,1.3694324429141949,1.3696396564020432
2021-07-29 20:00:00,1.3696396564020432,1.364939745819739,1.364359011513877,1.364620751539786
2021-07-30 00:00:00,1.364620751539786,1.365138790608187,1.363506580136539,1.3638009728190341
2021-07-30 04:00:00,1.3638009728190341,1.3688724659488387,1.367452013464099,1.367787190468685
2021-07-30 08:00:00,1.367787190468685,1.3686584698338562,1.3686065883884668,1.3686519657618335
2021-07-30 12:00:00,1.3686519657618335,1.3726721297683493,1.372283815515768,1.3724599001289546
2021-07-30 16:00:00,1.3724599001289546,1.367204462626245,1.3663703124076407,1.3664614914962387
2021-07-30 20:00:00,1.3664614914962387,1.3672245971523813,1.366511525695481,1.3671441327880982
2021-07-31 00:00:00,1.3671441327880982,1.3582284470571766,1.35726008770133,1.3578718025329355
2021-07-31 04:00:00,1.3578718025329355,1.356853861926654,1.356249248509395,1.356379677152132
2021-07-31 08:00:00,1.356379677152132,1.3503752178854944,1.3499181124232933,1.3503328502492002
2021-07-31 12:00:00,1.3503328502492002,1.345115415748977,1.3449122756243284,1.345016963493378
2021-07-31 16:00:00,1.345016963493378,1.3531796371405755,1.35270989312573,1.3527282201849515
2021-07-31 20:00:00,1.3527282201849515,1.3616451974514772,1.360452564524426,1.3607102957806556
2021-08-01 00:00:00,1.3607102957806556,1.3656886880596477,1.3654604825234946,1.3655597014361553
2021-08-01 04:00:00,1.3655597014361553,1.3589377818403001,1.3577171951866371,1.3584460449978437
2021-08-01 08:00:00,1.3584460449978437,1.3558110955156746,1.355638528337263,1.3556886460573043
2021-08-01 12:00:00,1.3556886460573043,1.36449457292724,1.3636372285201408,1.3637110230193947
2021-08-01 16:00:00,1.3637110230193947,1.3657243544291122,1.3645495427222096,1.3653399204052261
2021-08-01 20:00:00,1.3653399204052261,1.3818130118662093,1.3810594411459867,1.381230295967613
2021-08-02 00:00:00,1.381230295967613,1.3854475197709173,1.3852765350901641,1.3854102631478835
2021-08-02 04:00:00,1.3854102631478835,1.3871925637608187,1.3866866790802874,1.387146736552274
2021-08-02 08:00:00,1.387146736552274,1.3855214066654244,1.3850828113267322,1.3850948147864965
2021-08-02 12:00:00,1.3850948147864965,1.3862819884400392,1.3856144814839053,1.3858523948057935
2021-08-02 16:00:00,1.3858523948057935,1.3856549160088414,1.384852733731268,1.384897048140784
2021-08-02 20:00:00,1.384897048140784,1.3904847599530477,1.3893241066589475,1.3893916327650266
2021-08-03 00:00:00,1.3893916327650266,1.3959473563868028,1.3953918347768952,1.3959254995286432
2021-08-03 04:00:00,1.3959254995286432,1.3920111894846001,1.3910938047782924,1.3913156927969785
2021-08-03 08:00:00,1.3913156927969785,1.3829166372812631,1.3822896824080044,1.3823324652012172
2021-08-03 12:00:00,1.3823324652012172,1.370062457413151,1.3688247158093494,1.3694734624663827
2021-08-03 16:00:00,1.3694734624663827,1.372563784818703,1.3718481577582253,1.3719890441152214
2021-08-03 20:00:00,1.3719890441152214,1.3651546085469044,1.364321948429353,1.364683281178656
2021-08-04 00:00:00,1.364683281178656,1.3493864852975583,1.3491627217899451,1.349378085101135
2021-08-04 04:00:00,1.349378085101135,1.352590641125984,1.3500714164461445,1.3509941718852176
2021-08-04 08:00:00,1.3509941718852176,1.3692478322416664,1.3683944985443326,1.3688964490383877
2021-08-04 12:00:00,1.3688964490383877,1.370634592932527,1.369991409584322,1.3702915179685293
2021-08-04 16:00:00,1.3702915179685293,1.377281779255406,1.3763434764833116,1.3767430569778343
2021-08-04 20:00:00,1.3767430569778343,1.3779494676369688,1.3770884583027774,1.3778820930581819
2021-08-05 00:00:00,1.3778820930581819,1.3774779599034546,1.3766545918422817,1.3772471534183621
2021-08-05 04:00:00,1.3772471534183621,1.3841696393195413,1.3833995351662158,1.3837132287009584
2021-08-05 08:00:00,1.3837132287009584,1.382743878553011,1.3815676935265224,1.3821585067002926
2021-08-05 12:00:00,1.3821585067002926,1.38428363388226,1.3832888046772391,1.3838875580749583
2021-08-05 16:00:00,1.3838875580749583,1.3868195197192885,1.385364697242559,1.3861976718806956
2021-08-05 20:00:00,1.3861976718806956,1.3823429872075608,1.3818907357607155,1.3819775784858357
2021-08-06 00:00:00,1.3819775784858357,1.3884217610278045,1.388097703816665,1.3881358390784728
2021-08-06 04:00:00,1.3881358390784728,1.3877262695516908,1.3871709431793255,1.3874728073428815
2021-08-06 08:00:00,1.3874728073428815,1.3827930013365655,1.3821487922295024,1.3826055236147006
2021-08-06 12:00:00,1.3826055236147006,1.3858815855443356,1.3845962136822736,1.385628708588502
2021-08-06 16:00:00,1.385628708588502,1.3819294027716815,1.3799532023533505,1.380248449784315
2021-08-06 20:00:00,1.380248449784315,1.3805595341490913,1.379727898705916,1.3799955933118695
2021-08-07 00:00:00,1.3799955933118695,1.3807131436227478,1.3790171278216685,1.37992031425107
2021-08-07 04:00:00,1.37992031425107,1.3868178118609553,1.385406669853646,1.386235489521472
2021-08-07 08:00:00,1.386235489521472,1.3901005435473852,1.3888046400529204,1.389560116802377
2021-08-07 12:00:00,1.389560116802377,1.3899294965381404,1.3893521718494048,1.389679213428632
2021-08-07 16:00:00,1.389679213428632,1.3947494772454072,1.3938214216895073,1.3943278302677582
2021-08-07 20:00:00,1.3943278302677582,1.4027759494832834,1.4022878427620673,1.4026503130433474
2021-08-08 00:00:00,1.4026503130433474,1.4077298676657464,1.4060111289320658,1.4066346477015785
2021-08-08 04:00:00,1.4066346477015785,1.4076444099446153,1.4066311243891985,1.4070152334748431
2021-08-08 08:00:00,1.4070152334748431,1.4004244066694571,1.3994004968361609,1.3995627254580594
2021-08-08 12:00:00,1.3995627254580594,1.3932749954328532,1.3914581396963965,1.3927578811628623
2021-08-08 16:00:00,1.3927578811628623,1.3910965737909236,1.3901803699059583,1.3904050262198762
2021-08-08 20:00:00,1.3904050262198762,1.386873747304023,1.3865983089381158,1.3866766516323197
2021-08-09 00:00:00,1.3866766516323197,1.3863038481127565,1.3848266904406026,1.3853012957490063
2021-08-09 04:00:00,1.3853012957490063,1.3858612868685551,1.385096722685998,1.385509185094343
2021-08-09 08:00:00,1.385509185094343,1.3884601571314774,1.3879362122523735,1.3883948096628247
2021-08-09 12:00:00,1.3883948096628247,1.388500623953272,1.3874863336034435,1.3882477035153258
2021-08-09 16:00:00,1.3882477035153258,1.3908909857091294,1.3907447189185291,1.3907547156161486
2021-08-09 20:00:00,1.3907547156161486,1.391549674341232,1.3909709660015501,1.3912855340602521
2021-08-10 00:00:00,1.3912855340602521,1.3819548618989652,1.3807270167076398,1.3815638285923062
2021-08-10 04:00:00,1.3815638285923062,1.3765338723593563,1.374587425428673,1.3758854159956377
2021-08-10 08:00:00,1.3758854159956377,1.3748929976671986,1.3739653659900941,1.3746685770214184
2021-08-10 12:00:00,1.3746685770214184,1.3690936862782077,1.3683104310641372,1.3683407518049042
2021-08-10 16:00:00,1.3683407518049042,1.3712572047664255,1.3707588779943733,1.3709974580790374
2021-08-10 20:00:00,1.3709974580790374,1.3808395129976239,1.3787588546563367,1.3792158734055429
2021-08-11 00:00:00,1.3792158734055429,1.3869558751209186,1.3861352483941918,1.3865540567133887
2021-08-11 04:00:00,1.3865540567133887,1.3872491304787342,1.3856646549963954,1.3859356585764915
2021-08-11 08:00:00,1.3859356585764915,1.3948433091620833,1.392735464833303,1.3940651787367968
2021-08-11 12:00:00,1.3940651787367968,1.3957013747674134,1.3950063182923675,1.3955663944293468
2021-08-11 16:00:00,1.3955663944293468,1.3939779895504616,1.3931043885067147,1.3938099478815726
2021-08-11 20:00:00,1.3938099478815726,1.3903556305677367,1.3902285087031487,1.3903352871596382
2021-08-12 00:00:00,1.3903352871596382,1.3893905460034983,1.388092085639916,1.3884254211612372
2021-08-12 04:00:00,1.3884254211612372,1.3862316288854328,1.3857886744062555,1.3862216218887982
2021-08-12 08:00:00,1.3862216218887982,1.3876026850960927,1.3866601554582174,1.3869310362514047
2021-08-12 12:00:00,1.3869310362514047,1.3881307327499837,1.3866583222810538,1.3877978611090844
2021-08-12 16:00:00,1.3877978611090844,1.3881108739971177,1.3874797360527005,1.3878821771070362
2021-08-12 20:00:00,1.3878821771070362,1.3904329444909667,1.389647926403045,1.3899594736741925
2021-08-13 00:00:00,1.3899594736741925,1.3962160921737627,1.3956103332433474,1.3957082327824228
2021-08-13 04:00:00,1.3957082327824228,1.401008760593385,1.4006820746372715,1.400755894534405
2021-08-13 08:00:00,1.400755894534405,1.3944402881443425,1.393670668351966,1.393872752507926
2021-08-13 12:00:00,1.393872752507926,1.3809109737496583,1.380448746512949,1.380456988046824
2021-08-13 16:00:00,1.380456988046824,1.3852472158610218,1.3842121113630916,1.3845341224804204
2021-08-13 20:00:00,1.3845341224804204,1.37783827023754,1.3762604933093208,1.377342179978839
2021-08-14 00:00:00,1.377342179978839,1.376283113690996,1.3751855926811614,1.375502127967199
2021-08-14 04:00:00,1.375502127967199,1.3694241982775026,1.368390427302342,1.3689229112855517
2021-08-14 08:00:00,1.3689229112855517,1.3584048102350543,1.3580828704702657,1.3583361005860535
2021-08-14 12:00:00,1.3583361005860535,1.3609520795746612,1.3601834834360447,1.3606783825177156
2021-08-14 16:00:00,1.3606783825177156,1.36590616835809,1.3647498255213604,1.3652623838303237
2021-08-14 20:00:00,1.3652623838303237,1.3629988424342516,1.3618718981187565,1.3622843720718862
2021-08-15 00:00:00,1.3622843720718862,1.3477670595238,1.3472294346832379,1.3473013944470658
2021-08-15 04:00:00,1.3473013944470658,1.3429007097404653,1.342455947080165,1.3427362865512578
2021-08-15 08:00:00,1.3427362865512578,1.3449090468337332,1.344382879738593,1.34478475669652
2021-08-15 12:00:00,1.34478475669652,1.3367025260280685,1.335259909980056,1.3360655569318893
2021-08-15 16:00:00,1.3360655569318893,1.3375441370369732,1.3359748754942176,1.3365051225148232
2021-08-15 20:00:00,1.3365051225148232,1.3368550002168864,1.336355497601565,1.336448894550968
2021-08-16 00:00:00,1.336448894550968,1.3401298463490423,1.3391062660258721,1.3397741918497343
2021-08-16 04:00:00,1.3397741918497343,1.3412908313259588,1.3402793596573184,1.3407225979230797
2021-08-16 08:00:00,1.3407225979230797,1.3357204855338918,1.3349607607815848,1.3354238716014908
2021-08-16 12:00:00,1.3354238716014908,1.3422348263830397,1.341654665058305,1.341677755056092
2021-08-16 16:00:00,1.341677755056092,1.3416865178207065,1.340703801512358,1.341276509333602
2021-08-16 20:00:00,1.341276509333602,1.3420213193291148,1.340907699566756,1.3410943742976666
2021-08-17 00:00:00,1.3410943742976666,1.3363970349632321,1.3349423031379628,1.3361461887663013
2021-08-17 04:00:00,1.3361461887663013,1.3340785531331003,1.3332918277676324,1.3333927284409384
2021-08-17 08:00:00,1.3333927284409384,1.3288014077790988,1.328449780407517,1.3285327838942864
2021-08-17 12:00:00,1.3285327838942864,1.3273426939704835,1.3271124066293938,1.3272318151439406
2021-08-17 16:00:00,1.3272318151439406,1.3359933148354273,1.3356269010722233,1.3359622068340904
2021-08-17 20:00:00,1.3359622068340904,1.3294477083553873,1.3291229078720508,1.3292385192327256
2021-08-18 00:00:00,1.3292385192327256,1.3208224014226135,1.3197795692359977,1.3198144868367774
2021-08-18 04:00:00,1.3198144868367774,1.3277958073312492,1.3275327868552447,1.3275459722086478
2021-08-18 08:00:00,1.3275459722086478,1.3279679975302439,1.3267021222787572,1.326921139296936
2021-08-18 12:00:00,1.326921139296936,1.3232776336203758,1.3228044729102115,1.3230319459327855
2021-08-18 16:00:00,1.3230319459327855,1.3289882051713378,1.3284058668461167,1.3286644704825876
2021-08-18 20:00:00,1.3286644704825876,1.3259164475628513,1.3248811075066387,1.3256129112073316
2021-08-19 00:00:00,1.3256129112073316,1.3360409288281405,1.3355298930610566,1.335828774281596
2021-08-19 04:00:00,1.335828774281596,1.3412544158720405,1.3403112688919752,1.3407547616395064
2021-08-19 08:00:00,1.3407547616395064,1.3383993331096549,1.3375313962011943,1.3381876994309183
2021-08-19 12:00:00,1.3381876994309183,1.3510600229943002,1.3506068685584025,1.350891065876305
2021-08-19 16:00:00,1.350891065876305,1.3484572166406323,1.3475274129242927,1.348028010501936
2021-08-19 20:00:00,1.348028010501936,1.3526120505882127,1.3516229466666738,1.3524773580956009
2021-08-20 00:00:00,1.3524773580956009,1.354888396962541,1.3546075458030953,1.3547181741873848
2021-08-20 04:00:00,1.3547181741873848,1.3631198809032938,1.3628479448305457,1.362947559103159
2021-08-20 08:00:00,1.362947559103159,1.3737736641479386,1.3726791663949927,1.3736009537819545
2021-08-20 12:00:00,1.3736009537819545,1.37491303277061,1.3741614747198831,1.3746715578912332
2021-08-20 16:00:00,1.3746715578912332,1.3703271037196894,1.369525113204776,1.3698705645285425
2021-08-20 20:00:00,1.3698705645285425,1.3731647368108557,1.3722558445364907,1.3724605026397692
2021-08-21 00:00:00,1.3724605026397692,1.368416062094041,1.368281584516375,1.3683733647845604
2021-08-21 04:00:00,1.3683733647845604,1.381474941442439,1.3805017273235793,1.3807526550566196
2021-08-21 08:00:00,1.3807526550566196,1.3828563030244796,1.3821019503141438,1.382665437621658
2021-08-21 12:00:00,1.382665437621658,1.3804512568989489,1.3802281362680557,1.3804269268371436
2021-08-21 16:00:00,1.3804269268371436,1.3824437483791725,1.3813032844516089,1.3814293544400738
2021-08-21 20:00:00,1.3814293544400738,1.3739465908971984,1.3730286920491364,1.3731838342291296
2021-08-22 00:00:00,1.3731838342291296,1.3664672937910527,1.3659935594119572,1.366389476318527
2021-08-22 04:00:00,1.366389476318527,1.373751003675563,1.373220038686293,1.3735414821005179
2021-08-22 08:00:00,1.3735414821005179,1.3705766320096675,1.3691852323657951,1.369828417228529
2021-08-22 12:00:00,1.369828417228529,1.3631472276767589,1.3622305021076284,1.3628037232787127
2021-08-22 16:00:00,1.3628037232787127,1.3660528704998547,1.36520513082164,1.3657392738559153
2021-08-22 20:00:00,1.3657392738559153,1.3736598011664798,1.373571096653047,1.3735994374474045
2021-08-23 00:00:00,1.3735994374474045,1.3790793640275347,1.3785520554608872,1.378977823344661
2021-08-23 04:00:00,1.378977823344661,1.3864513699968144,1.3855325912449337,1.3860232593527375
2021-08-23 08:00:00,1.3860232593527375,1.3824107895970164,1.3814323190904192,1.3814903836679306
2021-08-23 12:00:00,1.3814903836679306,1.3718673521781923,1.3708355523714655,1.3716613286246448
2021-08-23 16:00:00,1.3716613286246448,1.3815996415465588,1.3806563135501477,1.3812131978468651
2021-08-23 20:00:00,1.3812131978468651,1.3807204925259857,1.3785521216151884,1.379685724155913
2021-08-24 00:00:00,1.379685724155913,1.3784856985440272,1.3775821341781624,1.3778353665726846
2021-08-24 04:00:00,1.3778353665726846,1.3872014286696102,1.3862037435527075,1.3866178227727421
2021-08-24 08:00:00,1.3866178227727421,1.3912323671235192,1.3909454231702867,1.3911781478414793
2021-08-24 12:00:00,1.3911781478414793,1.3948164385818778,1.3943733328225671,1.394689832841813
2021-08-24 16:00:00,1.394689832841813,1.410019756380992,1.4092334214390545,1.4097941893075372
2021-08-24 20:00:00,1.4097941893075372,1.4075591357633277,1.4062001448074506,1.4062716711762682
2021-08-25 00:00:00,1.4062716711762682,1.4137085192833452,1.4121603368624802,1.412712140926598
2021-08-25 04:00:00,1.412712140926598,1.4140868218131726,1.4124919627062242,1.4136446182900528
2021-08-25 08:00:00,1.4136446182900528,1.4161302615091393,1.4150159323428226,1.4156140622002298
2021-08-25 12:00:00,1.4156140622002298,1.4263326860188774,1.426227828695795,1.4263213220055406
2021-08-25 16:00:00,1.4263213220055406,1.430981499473414,1.4306509677056984,1.4308396287943868
2021-08-25 20:00:00,1.4308396287943868,1.435302537448827,1.4345332893566902,1.4350566730592087
2021-08-26 00:00:00,1.4350566730592087,1.4430325071817367,1.442876726633114,1.443026466598457
2021-08-26 04:00:00,1.443026466598457,1.4416751143089377,1.4406617815151235,1.4410213683666455
2021-08-26 08:00:00,1.4410213683666455,1.4355481709063893,1.434798469052282,1.43495743885729
2021-08-26 12:00:00,1.43495743885729,1.428159696910209,1.4265505061204042,1.4271355025496089
2021-08-26 16:00:00,1.4271355025496089,1.412897762716476,1.412079192319228,1.412592775735908
2021-08-26 20:00:00,1.412592775735908,1.4270857735255602,1.4263303180875846,1.4268994000007362
2021-08-27 00:00:00,1.4268994000007362,1.4199382310574642,1.4186732744078854,1.4192734859951153
2021-08-27 04:00:00,1.4192734859951153,1.417014851386843,1.4166671119175946,1.4169001485756947
2021-08-27 08:00:00,1.4169001485756947,1.4154443685119524,1.4145482723634608,1.414563406099016
2021-08-27 12:00:00,1.414563406099016,1.4167217703843715,1.4163264476453696,1.4166992653675496
2021-08-27 16:00:00,1.4166992653675496,1.4236985407415963,1.4222964152005961,1.422888702550698
2021-08-27 20:00:00,1.422888702550698,1.4300372928886658,1.4295748115359381,1.4297734870500762
2021-08-28 00:00:00,1.4297734870500762,1.4264932913807236,1.4257344250780852,1.4259660505102048
2021-08-28 04:00:00,1.4259660505102048,1.4246906855951074,1.4237120809139048,1.424433721160748
2021-08-28 08:00:00,1.424433721160748,1.4264939168195168,1.4256602347951404,1.4263262097329734
2021-08-28 12:00:00,1.4263262097329734,1.4251916929529722,1.4231442049498801,1.4247514207643932
2021-08-28 16:00:00,1.4247514207643932,1.4355332745560154,1.4350210769899412,1.4354999916276
2021-08-28 20:00:00,1.4354999916276,1.4407092311843477,1.4392992605178447,1.439837363297391
2021-08-29 00:00:00,1.439837363297391,1.4457184241987002,1.4451036997859183,1.4453536888463558
2021-08-29 04:00:00,1.4453536888463558,1.451497158301924,1.4497346454006597,1.450473174249998
2021-08-29 08:00:00,1.450473174249998,1.4608038952883728,1.459137339540332,1.4591741676680576
2021-08-29 12:00:00,1.4591741676680576,1.4612376406022531,1.4611478655231434,1.461184355214412
2021-08-29 16:00:00,1.461184355214412,1.452673392925398,1.4520183084138785,1.4522155360058744
2021-08-29 20:00:00,1.4522155360058744,1.4554101874187686,1.4525205198516904,1.4543743089257726
2021-08-30 00:00:00,1.4543743089257726,1.4508539237153026,1.4492025862421685,1.4499823484163017
2021-08-30 04:00:00,1.4499823484163017,1.4464179551116274,1.4455634685807073,1.4459689941715381
2021-08-30 08:00:00,1.4459689941715381,1.4499482696375583,1.449138347318161,1.4496676525731007
2021-08-30 12:00:00,1.4496676525731007,1.4591054300734307,1.458299952714782,1.4583837163401066
2021-08-30 16:00:00,1.4583837163401066,1.459380528439217,1.458757377909588,1.4592319925862614
2021-08-30 20:00:00,1.4592319925862614,1.4616563476673292,1.4609080371835232,1.4613886065537405
2021-08-31 00:00:00,1.4613886065537405,1.473138935997509,1.4727761402743145,1.4728588954882078
2021-08-31 04:00:00,1.4728588954882078,1.4760901702864053,1.4747989185008517,1.4754625943707833
2021-08-31 08:00:00,1.4754625943707833,1.4942023016873316,1.4935434786698178,1.4935919454795674
2021-08-31 12:00:00,1.4935919454795674,1.4999764575238352,1.4988337137883485,1.4993431410912055
2021-08-31 16:00:00,1.4993431410912055,1.4871330912696785,1.4864188113339933,1.4865087250269469
2021-08-31 20:00:00,1.4865087250269469,1.4919545017324405,1.4908993176707137,1.4914118128938403
2021-09-01 00:00:00,1.4914118128938403,1.495238265048264,1.494767714369721,1.494784149601184
2021-09-01 04:00:00,1.494784149601184,1.505361394778588,1.504538318569205,1.504990098453765
2021-09-01 08:00:00,1.504990098453765,1.5119751387154077,1.511128255590998,1.5111603236171123
2021-09-01 12:00:00,1.5111603236171123,1.5109204348749599,1.5103182866148144,1.5105544698224858
2021-09-01 16:00:00,1.5105544698224858,1.501183226260973,1.5010419255429193,1.5011639859198174
2021-09-01 20:00:00,1.5011639859198174,1.499500938098661,1.4983749518657528,1.498792924817493
2021-09-02 00:00:00,1.498792924817493,1.4928730003641013,1.4915247424122793,1.4921855915813023
2021-09-02 04:00:00,1.4921855915813023,1.488535082151445,1.4871239800562042,1.487279047431195
2021-09-02 08:00:00,1.487279047431195,1.4918056262432826,1.4905063490413764,1.4912922844245025
2021-09-02 12:00:00,1.4912922844245025,1.5042128081776798,1.5036733472370347,1.5040184635028286
2021-09-02 16:00:00,1.5040184635028286,1.5083466261870728,1.5080902502619868,1.5081250904530534
2021-09-02 20:00:00,1.5081250904530534,1.4995106928971862,1.4988743512396543,1.499258003870572
2021-09-03 00:00:00,1.499258003870572,1.5023944840323102,1.501749309945239,1.5020211736484659
2021-09-03 04:00:00,1.5020211736484659,1.5119836037294698,1.5109547902679992,1.5114103904866658
2021-09-03 08:00:00,1.5114103904866658,1.5075687243636302,1.5061639109555747,1.5073842480073507
2021-09-03 12:00:00,1.5073842480073507,1.5067746250858094,1.5050939353843003,1.5060297558489815
2021-09-03 16:00:00,1.5060297558489815,1.5067987884977652,1.5054257283164474,1.5060310498760243
2021-09-03 20:00:00,1.5060310498760243,1.5004755629398252,1.4995149229365248,1.5004183423310213
2021-09-04 00:00:00,1.5004183423310213,1.5056434357096709,1.5043603950616562,1.5046020574046284
2021-09-04 04:00:00,1.5046020574046284,1.50543168551185,1.5038688641437807,1.5040806685765875
2021-09-04 08:00:00,1.5040806685765875,1.507023765740913,1.506305518613368,1.506905984027533
2021-09-04 12:00:00,1.506905984027533,1.502335607291593,1.5009735798126118,1.5011835351960179
2021-09-04 16:00:00,1.5011835351960179,1.4980042371278282,1.4976721479690704,1.4977925905659994
2021-09-04 20:00:00,1.4977925905659994,1.5024386880086154,1.501035034419047,1.5023031842134573
2021-09-05 00:00:00,1.5023031842134573,1.5003829752559426,1.4998307058147387,1.5002056439329137
2021-09-05 04:00:00,1.5002056439329137,1.5115379788451477,1.5103296800249317,1.5112001979043128
2021-09-05 08:00:00,1.5112001979043128,1.5095588047531914,1.5091576172144787,1.5093703918994381
2021-09-05 12:00:00,1.5093703918994381,1.510913988633731,1.510310407489659,1.5107098523972977
2021-09-05 16:00:00,1.5107098523972977,1.5172043858959297,1.516338784846016,1.5168237112371696
2021-09-05 20:00:00,1.5168237112371696,1.5088423527737203,1.5077597804943186,1.5081010568289008
2021-09-06 00:00:00,1.5081010568289008,1.49600144065413,1.4957041374775892,1.4957255821708166
2021-09-06 04:00:00,1.4957255821708166,1.4843024803555274,1.4839956027345536,1.484153692029126
2021-09-06 08:00:00,1.484153692029126,1.4928514989622208,1.4920124545634863,1.4923688244969908
2021-09-06 12:00:00,1.4923688244969908,1.4891150777044604,1.488465807033339,1.4889576318503115
2021-09-06 16:00:00,1.4889576318503115,1.5077912103536308,1.5068665295314818,1.5073244198251008
2021-09-06 20:00:00,1.5073244198251008,1.504674571803219,1.504177207922687,1.5043119578242161
2021-09-07 00:00:00,1.5043119578242161,1.5055079435089578,1.505458643555099,1.505506869756705
2021-09-07 04:00:00,1.505506869756705,1.5179011176056851,1.5170884538592135,1.5172582785123947
2021-09-07 08:00:00,1.5172582785123947,1.5343973966174838,1.5339276278414584,1.534090418364593
2021-09-07 12:00:00,1.534090418364593,1.5533754604516123,1.5521669085166392,1.553054837472669
2021-09-07 16:00:00,1.553054837472669,1.5670721918010238,1.5649360140273378,1.5657415893818145
2021-09-07 20:00:00,1.5657415893818145,1.5782961414033954,1.5764705019020784,1.5765469216414931
2021-09-08 00:00:00,1.5765469216414931,1.5833058040064036,1.5830637193858157,1.5831920550000635
2021-09-08 04:00:00,1.5831920550000635,1.592387826826915,1.5910151552622833,1.5912893955339371
2021-09-08 08:00:00,1.5912893955339371,1.5866545616129957,1.5864271183679413,1.586577235351777
2021-09-08 12:00:00,1.586577235351777,1.5788917349171598,1.5779317547985479,1.5784160524234703
2021-09-08 16:00:00,1.5784160524234703,1.5777959214893478,1.5773934039634567,1.5777329217838305
2021-09-08 20:00:00,1.5777329217838305,1.5765449224048411,1.5756716363615726,1.5761242022875894
2021-09-09 00:00:00,1.5761242022875894,1.573408654014568,1.5711494338329692,1.5719989382271111
2021-09-09 04:00:00,1.5719989382271111,1.5778339336876386,1.57714663507025,1.577704274361387
2021-09-09 08:00:00,1.577704274361387,1.5869058402999288,1.5863118281194588,1.586413667132785
2021-09-09 12:00:00,1.586413667132785,1.5883943566662904,1.5871728044860747,1.5878860201051523
2021-09-09 16:00:00,1.5878860201051523,1.6008842581323346,1.599497026096858,1.6005647935585927
2021-09-09 20:00:00,1.6005647935585927,1.5926445805637708,1.5913824403055699,1.5915337782169914
2021-09-10 00:00:00,1.5915337782169914,1.5906268478453098,1.588797512941403,1.5890982386042996
2021-09-10 04:00:00,1.5890982386042996,1.5828813425812753,1.58164431131097,1.582743828772202
2021-09-10 08:00:00,1.582743828772202,1.566665569930558,1.5661622999046534,1.5663743701435109
2021-09-10 12:00:00,1.5663743701435109,1.5650716239701399,1.5642418299683165,1.5643349933781605
2021-09-10 16:00:00,1.5643349933781605,1.56341249705148,1.5621722210312372,1.5631195433381393
2021-09-10 20:00:00,1.5631195433381393,1.5768310287399865,1.575421602911006,1.5757072937967171
2021-09-11 00:00:00,1.5757072937967171,1.582379754465387,1.5819079150553454,1.5822232153844058
2021-09-11 04:00:00,1.5822232153844058,1.5753449816205596,1.572153652995902,1.5738473110119005
2021-09-11 08:00:00,1.5738473110119005,1.5898622357128542,1.589074249897886,1.5894362352217415
2021-09-11 12:00:00,1.5894362352217415,1.602647282647665,1.6017369576288092,1.6020158322721212
2021-09-11 16:00:00,1.6020158322721212,1.60962183127197,1.608038567328127,1.6086014338435781
2021-09-11 20:00:00,1.6086014338435781,1.6070864475002946,1.6061516001432803,1.6069730053726858
2021-09-12 00:00:00,1.6069730053726858,1.5983283580393655,1.5978016429220077,1.5980399271633814
2021-09-12 04:00:00,1.5980399271633814,1.5939483718910115,1.5934395847693668,1.59390176154803
2021-09-12 08:00:00,1.59390176154803,1.6039276130396927,1.6029670192938132,1.6034204377384005
2021-09-12 12:00:00,1.6034204377384005,1.6222422238396605,1.6206879102430911,1.621583253124478
2021-09-12 16:00:00,1.621583253124478,1.6385369160660799,1.6378629370892217,1.638272577675596
2021-09-12 20:00:00,1.638272577675596,1.6355359520457073,1.6334001733988484,1.6345648987778276
2021-09-13 00:00:00,1.6345648987778276,1.6243698575160759,1.6226714557433317,1.6230393064569468
2021-09-13 04:00:00,1.6230393064569468,1.624369517108939,1.6231364317606083,1.6235506958627097
2021-09-13 08:00:00,1.6235506958627097,1.6068311699144278,1.6058758396515367,1.6064349176967123
2021-09-13 12:00:00,1.6064349176967123,1.60839436864853,1.6072378569762447,1.6083377721770098
2021-09-13 16:00:00,1.6083377721770098,1.6073298870195236,1.6062691277079437,1.6070468702286467
2021-09-13 20:00:00,1.6070468702286467,1.602894486411977,1.6022735486759598,1.6025553867086804
2021-09-14 00:00:00,1.6025553867086804,1.5882194663643057,1.586962373763056,1.5875363579479145
2021-09-14 04:00:00,1.5875363579479145,1.5915089568370162,1.590670445992372,1.5912343380222331
2021-09-14 08:00:00,1.5912343380222331,1.5879128006969587,1.5860746794249903,1.5865673362467572
2021-09-14 12:00:00,1.5865673362467572,1.5759925469769185,1.5748949583157181,1.575528671220965
2021-09-14 16:00:00,1.575528671220965,1.5484807110270753,1.548060840095657,1.548288142679203
2021-09-14 20:00:00,1.548288142679203,1.546229722450947,1.5439465338743674,1.5458526085861972
2021-09-15 00:00:00,1.5458526085861972,1.5630629924410944,1.5627870498792813,1.563038029808835
2021-09-15 04:00:00,1.563038029808835,1.5821623852558169,1.5812521116840823,1.5816594661886356
2021-09-15 08:00:00,1.5816594661886356,1.5790185574803852,1.577465464300443,1.5781668933373734
2021-09-15 12:00:00,1.5781668933373734,1.5721765531473049,1.5712661057568424,1.5715113826084328
2021-09-15 16:00:00,1.5715113826084328,1.5761810610611746,1.5751758952891217,1.5758844733959492
2021-09-15 20:00:00,1.5758844733959492,1.5660375773227835,1.5653513684553022,1.566030146397498
2021-09-16 00:00:00,1.566030146397498,1.5689540517789606,1.5676873522044423,1.5683387686359975
2021-09-16 04:00:00,1.5683387686359975,1.576627443835873,1.574833268070304,1.5761609354725852
2021-09-16 08:00:00,1.5761609354725852,1.5901346584983687,1.5885812465832905,1.5890669660677978
2021-09-16 12:00:00,1.5890669660677978,1.5892923877739524,1.588572565401054,1.589074934920875
2021-09-16 16:00:00,1.589074934920875,1.5882902660786602,1.5869654683182854,1.5870731338845956
2021-09-16 20:00:00,1.5870731338845956,1.5795464791470442,1.5782518890849473,1.5785831824102818
2021-09-17 00:00:00,1.5785831824102818,1.5708050757773873,1.5696021708985854,1.570080224135042
2021-09-17 04:00:00,1.570080224135042,1.5677954793369444,1.5663151813037064,1.5672593503131762
2021-09-17 08:00:00,1.5672593503131762,1.570583091593803,1.5701546533382305,1.5704170732504759
2021-09-17 12:00:00,1.5704170732504759,1.5797401011177499,1.5777918274244618,1.578910363400214
2021-09-17 16:00:00,1.578910363400214,1.572309509397279,1.5718572354677505,1.572299778974361
2021-09-17 20:00:00,1.572299778974361,1.5858301017135308,1.584872579761349,1.5852797081837162
2021-09-18 00:00:00,1.5852797081837162,1.5839194686064613,1.5834639807610749,1.5837841543694675
2021-09-18 04:00:00,1.5837841543694675,1.5844421834323446,1.5834391507874381,1.583471398939716
2021-09-18 08:00:00,1.583471398939716,1.577683763016215,1.5768643736936458,1.576971860722716
2021-09-18 12:00:00,1.576971860722716,1.5563107706074317,1.5545320958782727,1.5557056359641435
2021-09-18 16:00:00,1.5557056359641435,1.562717190863444,1.5619390107869242,1.5621718133042874
2021-09-18 20:00:00,1.5621718133042874,1.5697055832505538,1.5690499459408618,1.569477692399654
2021-09-19 00:00:00,1.569477692399654,1.5685516112754545,1.567059291411477,1.5674725145916197
2021-09-19 04:00:00,1.5674725145916197,1.5681346770192655,1.567533865107319,1.5679098992136815
2021-09-19 08:00:00,1.5679098992136815,1.5731473032029397,1.571835621906178,1.5723768386220425
2021-09-19 12:00:00,1.5723768386220425,1.5602797193316327,1.5591685653586218,1.559545776344963
2021-09-19 16:00:00,1.559545776344963,1.554292717375854,1.5526326283519638,1.5539298920670526
2021-09-19 20:00:00,1.5539298920670526,1.5609988656900344,1.5601376489573144,1.5603212196131229
2021-09-20 00:00:00,1.5603212196131229,1.550102599982977,1.5494096294724848,1.5500841253579565
2021-09-20 04:00:00,1.5500841253579565,1.5522205183515054,1.5517739921722595,1.551823155747757
2021-09-20 08:00:00,1.551823155747757,1.5414681246328483,1.5399677164495171,1.540553809699455
2021-09-20 12:00:00,1.540553809699455,1.5441229146745703,1.5436046412390618,1.5436691926965778
2021-09-20 16:00:00,1.5436691926965778,1.544482595559923,1.5435293097725362,1.5436186456277516
2021-09-20 20:00:00,1.5436186456277516,1.5319430178384297,1.52960118912102,1.5306248966274278
2021-09-21 00:00:00,1.5306248966274278,1.5393374997849831,1.5390123929483317,1.539318543691359
2021-09-21 04:00:00,1.539318543691359,1.534146570454325,1.5326731587200624,1.5338018146829806
2021-09-21 08:00:00,1.5338018146829806,1.5274670292861066,1.5258220971947154,1.5265944861287046
2021-09-21 12:00:00,1.5265944861287046,1.5284215705192976,1.5276611240615476,1.5276948604581853
2021-09-21 16:00:00,1.5276948604581853,1.5374934630541686,1.5365115170557635,1.5370832185266659
2021-09-21 20:00:00,1.5370832185266659,1.5294790327993821,1.527645767119788,1.5294617695325614
2021-09-22 00:00:00,1.5294617695325614,1.5301981334461603,1.5285379343783558,1.5293635131350212
2021-09-22 04:00:00,1.5293635131350212,1.533168314123186,1.5323205372382154,1.5327621100717659
2021-09-22 08:00:00,1.5327621100717659,1.5389586905637695,1.5381317215032118,1.538452320735241
2021-09-22 12:00:00,1.538452320735241,1.5409262084819744,1.5399117495465038,1.540285930003266
2021-09-22 16:00:00,1.540285930003266,1.5381527983785395,1.537386643929118,1.5376496907509918
2021-09-22 20:00:00,1.5376496907509918,1.5315660621839389,1.530891834461846,1.5313232758054596
2021-09-23 00:00:00,1.5313232758054596,1.5315595348793247,1.5313300584749683,1.531455550414753
2021-09-23 04:00:00,1.531455550414753,1.5243755156912353,1.5232984023790956,1.5238595381908515
2021-09-23 08:00:00,1.5238595381908515,1.5028003484041677,1.5015237377981787,1.5024349877260188
2021-09-23 12:00:00,1.5024349877260188,1.504621056955538,1.503221739563747,1.504166498511669
2021-09-23 16:00:00,1.504166498511669,1.5112890109163646,1.5104824564913928,1.5112273609072169
2021-09-23 20:00:00,1.5112273609072169,1.4945164586118127,1.4936287155428916,1.4936519662241057
2021-09-24 00:00:00,1.4936519662241057,1.4843997928653443,1.4837169705945759,1.484007519675264
2021-09-24 04:00:00,1.484007519675264,1.48931588514001,1.488279977731756,1.4883794032153275
2021-09-24 08:00:00,1.4883794032153275,1.506324030346794,1.505248428453892,1.5056901063894714
2021-09-24 12:00:00,1.5056901063894714,1.5078667082440327,1.506443217593398,1.5072672386252848
2021-09-24 16:00:00,1.5072672386252848,1.5013391811017724,1.5009981871556368,1.5011862215523182
2021-09-24 20:00:00,1.5011862215523182,1.4992317314631702,1.4986203322254974,1.4991544486249349
2021-09-25 00:00:00,1.4991544486249349,1.5106209315681491,1.5102797675268205,1.5103133750948132
2021-09-25 04:00:00,1.5103133750948132,1.506025922874365,1.5046393511434497,1.505733593787213
2021-09-25 08:00:00,1.505733593787213,1.4992256819830854,1.4979087399133864,1.4987166549502942
2021-09-25 12:00:00,1.4987166549502942,1.4943328771672486,1.4936070614093748,1.4941501930598888
2021-09-25 16:00:00,1.4941501930598888,1.486447311489672,1.485539689682839,1.4860126500737996
2021-09-25 20:00:00,1.4860126500737996,1.4869037469475082,1.4859541886738772,1.486370045339032
2021-09-26 00:00:00,1.486370045339032,1.4996542870441605,1.4985770647625167,1.499271980224649
2021-09-26 04:00:00,1.499271980224649,1.5032148956144513,1.502714679025287,1.502989202279043
2021-09-26 08:00:00,1.502989202279043,1.5012607676168264,1.500417726537342,1.5012314456627502
2021-09-26 12:00:00,1.5012314456627502,1.4989299784523984,1.4987474503770095,1.4987888190471614
2021-09-26 16:00:00,1.4987888190471614,1.4888221503757653,1.4861426821105888,1.486628858262944
2021-09-26 20:00:00,1.486628858262944,1.493150548307491,1.4920384081187452,1.4926683265449048
2021-09-27 00:00:00,1.4926683265449048,1.4927686997913483,1.4921049106712103,1.492534927044314
2021-09-27 04:00:00,1.492534927044314,1.4920477638427858,1.4896676641088098,1.4911500545064234
2021-09-27 08:00:00,1.4911500545064234,1.515424410328675,1.5146875490897842,1.5147700280960976
2021-09-27 12:00:00,1.5147700280960976,1.519284066386912,1.518965217103056,1.5191851391057463
2021-09-27 16:00:00,1.5191851391057463,1.51422785601707,1.512582938756288,1.5133228705930888
2021-09-27 20:00:00,1.5133228705930888,1.5101535674018371,1.5082477146447086,1.5093608700727414
2021-09-28 00:00:00,1.5093608700727414,1.5185545298933119,1.517817826404349,1.5183152584545587
2021-09-28 04:00:00,1.5183152584545587,1.520453185249609,1.5190910120533305,1.5199654150731818
2021-09-28 08:00:00,1.5199654150731818,1.5089759889266277,1.5084697335751154,1.5086714583170695
2021-09-28 12:00:00,1.5086714583170695,1.5157703451304878,1.5149207523476305,1.5152835688702193
2021-09-28 16:00:00,1.5152835688702193,1.5107918846872053,1.509903543278612,1.510349740488869
2021-09-28 20:00:00,1.510349740488869,1.5268186626127633,1.5247973635183405,1.5251581240426393
2021-09-29 00:00:00,1.5251581240426393,1.5361575575062734,1.5347862802630245,1.5356388458099832
2021-09-29 04:00:00,1.5356388458099832,1.5332228520102327,1.5321595427100112,1.5325474657830176
2021-09-29 08:00:00,1.5325474657830176,1.5436238742440094,1.5424520461628248,1.5433201528586855
2021-09-29 12:00:00,1.5433201528586855,1.5457766443082013,1.5445108117806556,1.5447841163188203
2021-09-29 16:00:00,1.5447841163188203,1.5524441034687295,1.55108810058531,1.5521988821407182
2021-09-29 20:00:00,1.5521988821407182,1.5576367414785737,1.5565026835251665,1.5569685344188
2021-09-30 00:00:00,1.5569685344188,1.55069235825132,1.5490564164617446,1.5501631948692496
2021-09-30 04:00:00,1.5501631948692496,1.5447794209673726,1.5434646362183,1.5441831644923063
2021-09-30 08:00:00,1.5441831644923063,1.5528033434967237,1.552350629095689,1.5523659884660745
2021-09-30 12:00:00,1.5523659884660745,1.5513273312093157,1.5487972020213852,1.550178933824488
2021-09-30 16:00:00,1.550178933824488,1.5469369844603846,1.5464460502053157,1.5466785140567876
2021-09-30 20:00:00,1.5466785140567876,1.5393865042133361,1.5383803255907953,1.5387109418020282
2021-10-01 00:00:00,1.5387109418020282,1.541732659418167,1.5405947576915773,1.541509678125975
2021-10-01 04:00:00,1.541509678125975,1.5590695403079209,1.5571289664667332,1.5581747920943971
2021-10-01 08:00:00,1.5581747920943971,1.5515638396468163,1.5503633778916481,1.5504299135780883
2021-10-01 12:00:00,1.5504299135780883,1.551300816703424,1.5498364788994639,1.5500184085295545
2021-10-01 16:00:00,1.5500184085295545,1.5616580509648874,1.5613527139703443,1.5616022110187937
2021-10-01 20:00:00,1.5616022110187937,1.562131687353017,1.5609097738476236,1.5618551832006378
2021-10-02 00:00:00,1.5618551832006378,1.5655806053673995,1.5647588178694265,1.5655757659264884
2021-10-02 04:00:00,1.5655757659264884,1.5579377936908387,1.5565484960761407,1.5573489215838408
2021-10-02 08:00:00,1.5573489215838408,1.5605050304796861,1.5598644585252701,1.5601601918008765
2021-10-02 12:00:00,1.5601601918008765,1.5600718540374823,1.5588901590147903,1.558903919584985
2021-10-02 16:00:00,1.558903919584985,1.5676501279392734,1.5650882923066425,1.5663691627932343
2021-10-02 20:00:00,1.5663691627932343,1.5768433822543777,1.5753836055348365,1.5762146439223799
2021-10-03 00:00:00,1.5762146439223799,1.5985258375175257,1.5974592096483342,1.597848964969817
2021-10-03 04:00:00,1.597848964969817,1.605453929723243,1.6045030013615398,1.6047454538535038
2021-10-03 08:00:00,1.6047454538535038,1.6084440832065474,1.6070688406265417,1.6081967495446698
2021-10-03 12:00:00,1.6081967495446698,1.610208661937535,1.609302880581825,1.6101678346172201
2021-10-03 16:00:00,1.6101678346172201,1.6076487186509152,1.6071899835905714,1.6073383158249537
2021-10-03 20:00:00,1.6073383158249537,1.6106044743071577,1.6096021227909767,1.6099066872336099
2021-10-04 00:00:00,1.6099066872336099,1.6079475904665175,1.6075295386035566,1.6077331441430387
2021-10-04 04:00:00,1.6077331441430387,1.6098577994942216,1.6075572548993338,1.6088796315649128
2021-10-04 08:00:00,1.6088796315649128,1.6203816165824518,1.6182543726884242,1.6189984739041852
2021-10-04 12:00:00,1.6189984739041852,1.6124239885926073,1.6118246893373394,1.611934097810877
2021-10-04 16:00:00,1.611934097810877,1.620883164322688,1.6202091536157932,1.6203390366128607
2021-10-04 20:00:00,1.6203390366128607,1.6324817564789627,1.630643205825454,1.6315861649210843
2021-10-05 00:00:00,1.6315861649210843,1.6316021829667475,1.6311312494992316,1.6315094842009912
2021-10-05 04:00:00,1.6315094842009912,1.6151208693969021,1.613679578904584,1.6146862570001592
2021-10-05 08:00:00,1.6146862570001592,1.6086760765058896,1.6068384974957943,1.6082496709180005
2021-10-05 12:00:00,1.6082496709180005,1.6191867001435898,1.6183097920975007,1.6186084112749326
2021-10-05 16:00:00,1.6186084112749326,1.6196591885424596,1.6189095895961887,1.6192434354045941
2021-10-05 20:00:00,1.6192434354045941,1.6117069050842565,1.6099115105405988,1.6110433509721036
2021-10-06 00:00:00,1.6110433509721036,1.606510916957236,1.60520641545125,1.6061999456461746
2021-10-06 04:00:00,1.6061999456461746,1.6127186125604311,1.6126948032949286,1.6127159852286188
2021-10-06 08:00:00,1.6127159852286188,1.6177696785176097,1.6167492770182077,1.617742979512245
2021-10-06 12:00:00,1.617742979512245,1.6166789695534272,1.6150415320230045,1.6161942758151384
2021-10-06 16:00:00,1.6161942758151384,1.6144707788302128,1.6131226147733067,1.6131706270363493
2021-10-06 20:00:00,1.6131706270363493,1.610117365529077,1.6083102434811003,1.6099020720019361
2021-10-07 00:00:00,1.6099020720019361,1.6028539389019532,1.6026479495767092,1.6026680413622145
2021-10-07 04:00:00,1.6026680413622145,1.6149628872563495,1.6142828790313823,1.6144214099174217
2021-10-07 08:00:00,1.6144214099174217,1.6132824662819067,1.612244879253679,1.6128034721806128
2021-10-07 12:00:00,1.6128034721806128,1.622219861689434,1.6218511118891614,1.6220806627306172
2021-10-07 16:00:00,1.6220806627306172,1.6372633158173207,1.6348525291073823,1.634908338191793
2021-10-07 20:00:00,1.634908338191793,1.6447115549396845,1.6433233315008902,1.6442503167001357
2021-10-08 00:00:00,1.6442503167001357,1.6419172956498662,1.6413296729996252,1.6413422908855957
2021-10-08 04:00:00,1.6413422908855957,1.6448016862782258,1.6433362822371842,1.6444512318762683
2021-10-08 08:00:00,1.6444512318762683,1.6450338766426318,1.6442623766210411,1.644503999902065
2021-10-08 12:00:00,1.644503999902065,1.6376261755070147,1.6370292090409984,1.637485277234731
2021-10-08 16:00:00,1.637485277234731,1.6404672447938948,1.6388884174766847,1.6394558470199183
2021-10-08 20:00:00,1.6394558470199183,1.6313267742567132,1.630224082769621,1.6306781873231555
2021-10-09 00:00:00,1.6306781873231555,1.6397355257122102,1.638179209843227,1.6391439446315574
2021-10-09 04:00:00,1.6391439446315574,1.636501582104877,1.6355804782509353,1.6361744307091752
2021-10-09 08:00:00,1.6361744307091752,1.6378386503481122,1.63676886532663,1.6374829679047682
2021-10-09 12:00:00,1.6374829679047682,1.6398534661823632,1.6392612100892703,1.639700057287642
2021-10-09 16:00:00,1.639700057287642,1.638121763667057,1.6374665141299594,1.6379932839222124
2021-10-09 20:00:00,1.6379932839222124,1.6422829563558636,1.6407209830187224,1.6420138727487064
2021-10-10 00:00:00,1.6420138727487064,1.6393947270271085,1.6385518574342406,1.639003337233617
2021-10-10 04:00:00,1.639003337233617,1.6457602305165397,1.643593899116665,1.6447779670721565
2021-10-10 08:00:00,1.6447779670721565,1.6360255699344666,1.6355613085517822,1.635920785844943
2021-10-10 12:00:00,1.635920785844943,1.6365139524155565,1.6355517030128353,1.6361092702336348
2021-10-10 16:00:00,1.6361092702336348,1.6503634271031529,1.6492076567693958,1.6494030783386258
2021-10-10 20:00:00,1.6494030783386258,1.6438760192424684,1.6427273816948988,1.6431979347017847
2021-10-11 00:00:00,1.6431979347017847,1.638697770322688,1.6371774769159013,1.6377747734569965
2021-10-11 04:00:00,1.6377747734569965,1.6413625681820494,1.6404391979811948,1.6410705259658798
2021-10-11 08:00:00,1.6410705259658798,1.643177775933946,1.6423332993657462,1.6426188128612234
2021-10-11 12:00:00,1.6426188128612234,1.6457708005951703,1.644732743790576,1.6451838891250243
2021-10-11 16:00:00,1.6451838891250243,1.6494682420615379,1.6477520965122436,1.648734031229619
2021-10-11 20:00:00,1.648734031229619,1.6537513683788554,1.6527026552454618,1.6533168534065983
2021-10-12 00:00:00,1.6533168534065983,1.6618586231373744,1.6606988023696687,1.661197759972024
2021-10-12 04:00:00,1.661197759972024,1.6651786039583945,1.6643240578735108,1.6646713716859303
2021-10-12 08:00:00,1.6646713716859303,1.6634969825901584,1.6625309994155901,1.6632975890987536
2021-10-12 12:00:00,1.6632975890987536,1.668719728328836,1.6666857848178307,1.6676685129417108
2021-10-12 16:00:00,1.6676685129417108,1.6807160740420106,1.6804473257390746,1.6806839398690268
2021-10-12 20:00:00,1.6806839398690268,1.6812769019771654,1.6799971683875843,1.680788280595761
2021-10-13 00:00:00,1.680788280595761,1.6747421069478687,1.6737331257217756,1.6741544001640076
2021-10-13 04:00:00,1.6741544001640076,1.681476866871055,1.6808343256165692,1.6812531127076455
2021-10-13 08:00:00,1.6812531127076455,1.6818758943101053,1.6802725915135144,1.680979496522873
2021-10-13 12:00:00,1.680979496522873,1.6665269686119097,1.6658290958415993,1.6663621081006266
2021-10-13 16:00:00,1.6663621081006266,1.6714996774376751,1.6708845451590462,1.6712769092382422
2021-10-13 20:00:00,1.6712769092382422,1.6687097944305513,1.6676322918973243,1.6678430832136477
2021-10-14 00:00:00,1.6678430832136477,1.6673766848708214,1.6654513541109635,1.6669315820797315
2021-10-14 04:00:00,1.6669315820797315,1.6695986342904423,1.6684899257640378,1.669121889602832
2021-10-14 08:00:00,1.669121889602832,1.6713566776735507,1.6700206714501178,1.6705692252550037
2021-10-14 12:00:00,1.6705692252550037,1.675505039866464,1.6753006709108835,1.6753043283309426
2021-10-14 16:00:00,1.6753043283309426,1.6736751921764144,1.671826170185843,1.672848334679377
2021-10-14 20:00:00,1.672848334679377,1.6760470744128075,1.6751210145050066,1.6759317425827955
2021-10-15 00:00:00,1.6759317425827955,1.6755031330499497,1.674093550579724,1.6745398244093268
2021-10-15 04:00:00,1.6745398244093268,1.6790882129750462,1.678672771212193,1.6789772392618167
2021-10-15 08:00:00,1.6789772392618167,1.6831387851844957,1.6815737661993457,1.6831303548125147
2021-10-15 12:00:00,1.6831303548125147,1.6788068382525105,1.6772359343018837,1.6777081329358485
2021-10-15 16:00:00,1.6777081329358485,1.6849722222030756,1.6835081019424747,1.6840080569651492
2021-10-15 20:00:00,1.6840080569651492,1.6820025955279765,1.680760105789302,1.6811380876735313
2021-10-16 00:00:00,1.6811380876735313,1.6870180663841878,1.685665264861049,1.6859283858111813
2021-10-16 04:00:00,1.6859283858111813,1.688855790453441,1.6884136134453278,1.6886040883529578
2021-10-16 08:00:00,1.6886040883529578,1.7002764732162186,1.6999072782181688,1.7001632470179777
2021-10-16 12:00:00,1.7001632470179777,1.7006768406401727,1.6994431303256448,1.6996280094637537
2021-10-16 16:00:00,1.6996280094637537,1.6975407539662586,1.697340196540186,1.69737544651915
2021-10-16 20:00:00,1.69737544651915,1.6973492790011506,1.6960490207308978,1.6970749250087047
2021-10-17 00:00:00,1.6970749250087047,1.6952365019656594,1.6943451774730343,1.6952352848729255
2021-10-17 04:00:00,1.6952352848729255,1.699864177017812,1.6990896428198397,1.6997841461362988
2021-10-17 08:00:00,1.6997841461362988,1.6917718972253526,1.6900852433656322,1.6906413577257795
2021-10-17 12:00:00,1.6906413577257795,1.6853113282526972,1.683015907763278,1.6834862058780602
2021-10-17 16:00:00,1.6834862058780602,1.6766333525905481,1.6755358216001561,1.6762847718421616
2021-10-17 20:00:00,1.6762847718421616,1.681875767211218,1.6816722048858752,1.681734495924805
2021-10-18 00:00:00,1.681734495924805,1.6935577932274224,1.691875394659367,1.6931411694403267
2021-10-18 04:00:00,1.6931411694403267,1.6938303034001532,1.6933008243217742,1.6933497910258621
2021-10-18 08:00:00,1.6933497910258621,1.6923601717136767,1.6915940848892657,1.6922650302143205
2021-10-18 12:00:00,1.6922650302143205,1.693049472713912,1.6921265872103421,1.6926220916369716
2021-10-18 16:00:00,1.6926220916369716,1.7001862885952028,1.6989339797814724,1.699778715188237
2021-10-18 20:00:00,1.699778715188237,1.6947944947745157,1.6942095042104737,1.6945330548669553
2021-10-19 00:00:00,1.6945330548669553,1.6961649497657385,1.6952109870488534,1.6956156448366928
2021-10-19 04:00:00,1.6956156448366928,1.702652943913686,1.7000686902003055,1.701687042108824
2021-10-19 08:00:00,1.701687042108824,1.705499166083413,1.704821429793908,1.7052990649021214
2021-10-19 12:00:00,1.7052990649021214,1.7072620007657624,1.7052479231299986,1.706763749073406
2021-10-19 16:00:00,1.706763749073406,1.7139027594487826,1.7125336622591156,1.71294904362744
2021-10-19 20:00:00,1.71294904362744,1.6968720546854654,1.6967194646134665,1.6968571978039673
2021-10-20 00:00:00,1.6968571978039673,1.7003273559478558,1.7000745844095522,1.7001118144071863
2021-10-20 04:00:00,1.7001118144071863,1.6966017604605825,1.6957666154551954,1.6960522210617872
2021-10-20 08:00:00,1.6960522210617872,1.6842619984378275,1.6837131537340633,1.683773797597907
2021-10-20 12:00:00,1.683773797597907,1.6863492485264224,1.6862878264333483,1.6863127893222858
2021-10-20 16:00:00,1.6863127893222858,1.6959067573901927,1.6952510869524362,1.6958215941884474
2021-10-20 20:00:00,1.6958215941884474,1.6962687170659336,1.694478856294057,1.6956202721612907
2021-10-21 00:00:00,1.6956202721612907,1.7036339197412032,1.7010435327530087,1.7020560206812372
2021-10-21 04:00:00,1.7020560206812372,1.7146233847063275,1.7131663463748084,1.713658736424666
2021-10-21 08:00:00,1.713658736424666,1.725013014145345,1.7240479898853702,1.7241177805368126
2021-10-21 12:00:00,1.7241177805368126,1.7382421092535796,1.7360078638240497,1.737328811775511
2021-10-21 16:00:00,1.737328811775511,1.7447954469635631,1.74405995971979,1.7442977874663077
2021-10-21 20:00:00,1.7442977874663077,1.746177474657026,1.7452098815051946,1.7454611619600457
2021-10-22 00:00:00,1.7454611619600457,1.7335848917349133,1.7329921523132585,1.7331638791808344
2021-10-22 04:00:00,1.7331638791808344,1.7312283022380042,1.7301848061833303,1.7302124250068098
2021-10-22 08:00:00,1.7302124250068098,1.7233990856612864,1.7225904395442673,1.7233782237835071
2021-10-22 12:00:00,1.7233782237835071,1.741755040973589,1.7394125913191325,1.7399463160411777
2021-10-22 16:00:00,1.7399463160411777,1.740992508612837,1.73855053155029,1.7397927045485413
2021-10-22 20:00:00,1.7397927045485413,1.741263872836701,1.7401380748615436,1.7407807550303545
2021-10-23 00:00:00,1.7407807550303545,1.746010014705004,1.7451301325420325,1.7451956866167282
2021-10-23 04:00:00,1.7451956866167282,1.7465114572892346,1.7456793533658153,1.745888982290337
2021-10-23 08:00:00,1.745888982290337,1.758885814203017,1.7573495984524883,1.758742050599124
2021-10-23 12:00:00,1.758742050599124,1.7550436423101023,1.7547434571831695,1.7548397710045893
2021-10-23 16:00:00,1.7548397710045893,1.7563584560553003,1.7556507306051137,1.7560464802295408
2021-10-23 20:00:00,1.7560464802295408,1.7511067280885775,1.7504214517722876,1.7505355252050854
2021-10-24 00:00:00,1.7505355252050854,1.7406108060930041,1.739750273016653,1.7401914384467199
2021-10-24 04:00:00,1.7401914384467199,1.7353799703938444,1.7343723288650839,1.7346583123676012
2021-10-24 08:00:00,1.7346583123676012,1.7346393162617704,1.7335575966096233,1.7339326555056616
2021-10-24 12:00:00,1.7339326555056616,1.7308580209942612,1.730259543751916,1.7307003396698866
2021-10-24 16:00:00,1.7307003396698866,1.7260677763045544,1.725299040396019,1.7254190077618003
2021-10-24 20:00:00,1.7254190077618003,1.7151246886733267,1.713276892213244,1.7148598369564283
2021-10-25 00:00:00,1.7148598369564283,1.7140958061299494,1.7128903121544008,1.713400014333715
2021-10-25 04:00:00,1.713400014333715,1.7025270076691321,1.7022368234168952,1.7024534726288014
2021-10-25 08:00:00,1.7024534726288014,1.7090271939148065,1.707211668488528,1.7072469729487303
2021-10-25 12:00:00,1.7072469729487303,1.708375088391423,1.7077732670249781,1.7082429343673375
2021-10-25 16:00:00,1.7082429343673375,1.697918240514968,1.697131832677419,1.6978777007097883
2021-10-25 20:00:00,1.6978777007097883,1.6948412412388647,1.6931620175608486,1.6947692590197845
2021-10-26 00:00:00,1.6947692590197845,1.6895109944958961,1.6887212699307514,1.6890800705151319
2021-10-26 04:00:00,1.6890800705151319,1.6909732322657238,1.690380627260595,1.6909341131053814
2021-10-26 08:00:00,1.6909341131053814,1.7013306931225745,1.7003634926176758,1.7005635430413006
2021-10-26 12:00:00,1.7005635430413006,1.6877619757458768,1.6871309100578782,1.6876850371093692
2021-10-26 16:00:00,1.6876850371093692,1.688070082585702,1.687236969433349,1.6875344863226271
2021-10-26 20:00:00,1.6875344863226271,1.6869739588351438,1.6857385875242046,1.6863499522729066
2021-10-27 00:00:00,1.6863499522729066,1.691330713507904,1.6908837162097161,1.6910261922316645
2021-10-27 04:00:00,1.6910261922316645,1.6929612089271469,1.6923686332677434,1.692911191233252
2021-10-27 08:00:00,1.692911191233252,1.6886778282027135,1.6875639745755087,1.6878719796952848
2021-10-27 12:00:00,1.6878719796952848,1.686179085370152,1.685004422805818,1.685275448331727
2021-10-27 16:00:00,1.685275448331727,1.6799246818010032,1.6792091165862022,1.6797097956682505
2021-10-27 20:00:00,1.6797097956682505,1.6866353733602484,1.6855373906255888,1.6865380196264925
2021-10-28 00:00:00,1.6865380196264925,1.688469309673936,1.685473270296773,1.687231755033723
2021-10-28 04:00:00,1.687231755033723,1.700525749404321,1.6998833922142875,1.6999589162708342
2021-10-28 08:00:00,1.6999589162708342,1.7010140596400436,1.699370903387037,1.7005515854263789
2021-10-28 12:00:00,1.7005515854263789,1.696298503482957,1.6941023204507704,1.6957585940421331
2021-10-28 16:00:00,1.6957585940421331,1.685236247703528,1.6847913699906336,1.6851069059445305
2021-10-28 20:00:00,1.6851069059445305,1.6717244915682838,1.6711180737708573,1.6716171338905823
2021-10-29 00:00:00,1.6716171338905823,1.6592525892964212,1.6588606925446414,1.6588841271757628
2021-10-29 04:00:00,1.6588841271757628,1.6602065272675028,1.659389150146692,1.6599223733719903
2021-10-29 08:00:00,1.6599223733719903,1.6649413894805043,1.6631810097084083,1.663794652480087
2021-10-29 12:00:00,1.663794652480087,1.6535875495190708,1.6514558618703294,1.6525039983397827
2021-10-29 16:00:00,1.6525039983397827,1.6596839074208136,1.6577742767812875,1.658408411069072
2021-10-29 20:00:00,1.658408411069072,1.6555879206031516,1.65391903859946,1.655205851301029
2021-10-30 00:00:00,1.655205851301029,1.6561636497061236,1.6560089905193993,1.6560457238228232
2021-10-30 04:00:00,1.6560457238228232,1.6678963728604,1.667600789954688,1.6677928660708146
2021-10-30 08:00:00,1.6677928660708146,1.6758184232646574,1.6753724084832853,1.6755514857732132
2021-10-30 12:00:00,1.6755514857732132,1.6741835348251517,1.673912550272778,1.6741047925496144
2021-10-30 16:00:00,1.6741047925496144,1.6674457412311237,1.6666498880118792,1.6673447618996224
2021-10-30 20:00:00,1.6673447618996224,1.6511544340642486,1.6507166744167323,1.6507721470900323
2021-10-31 00:00:00,1.6507721470900323,1.6443391192048273,1.6432308280694121,1.6437497576290336
2021-10-31 04:00:00,1.6437497576290336,1.641805949726744,1.64122117470556,1.6415113341073102
2021-10-31 08:00:00,1.6415113341073102,1.633863253142939,1.6335990694765856,1.6337101684459807
2021-10-31 12:00:00,1.6337101684459807,1.6324570803799725,1.6318782333076038,1.6320660397450948
2021-10-31 16:00:00,1.6320660397450948,1.6330725559561023,1.6314214437349863,1.6325153138466773
2021-10-31 20:00:00,1.6325153138466773,1.6312365734303171,1.6308895749280026,1.6309141808236605
2021-11-01 00:00:00,1.6309141808236605,1.6263790970637697,1.6257022283736895,1.6261944624783489
2021-11-01 04:00:00,1.6261944624783489,1.6276277168509823,1.6256661962139283,1.62700131965607
2021-11-01 08:00:00,1.62700131965607,1.6308306588061985,1.6292187067327721,1.6300706579911273
2021-11-01 12:00:00,1.6300706579911273,1.6230640455480012,1.62227720095844,1.6230258506507518
2021-11-01 16:00:00,1.6230258506507518,1.632185060266457,1.6318406213517231,1.6320408324279447
2021-11-01 20:00:00,1.6320408324279447,1.6321985778573902,1.6319238885487537,1.6320738063150715
2021-11-02 00:00:00,1.6320738063150715,1.6329540132601676,1.631342712672459,1.6322033906859437
2021-11-02 04:00:00,1.6322033906859437,1.6369407077494451,1.636487294630425,1.6368139466502982
2021-11-02 08:00:00,1.6368139466502982,1.6391865149022478,1.6385185508827855,1.6386984538702676
2021-11-02 12:00:00,1.6386984538702676,1.6453366130189169,1.6448988472205894,1.6449142338306812
2021-11-02 16:00:00,1.6449142338306812,1.6474440812614113,1.646589174987056,1.647266000207161
2021-11-02 20:00:00,1.647266000207161,1.6437210994901856,1.6427839359212435,1.6435779647550526
2021-11-03 00:00:00,1.6435779647550526,1.646094648096674,1.644475745507554,1.6455518461407195
2021-11-03 04:00:00,1.6455518461407195,1.639155114072146,1.6381029041797452,1.6386939907298173
2021-11-03 08:00:00,1.6386939907298173,1.6388748502167176,1.6387775333071288,1.6388238359669218
2021-11-03 12:00:00,1.6388238359669218,1.6388151925546641,1.638536833784249,1.6386343191469972
2021-11-03 16:00:00,1.6386343191469972,1.6376481914535392,1.6370964918893212,1.6374112751784513
2021-11-03 20:00:00,1.6374112751784513,1.6366280142495575,1.635591239693704,1.6365868417395597
2021-11-04 00:00:00,1.6365868417395597,1.6265096427333505,1.626152209470909,1.6262183040036937
2021-11-04 04:00:00,1.6262183040036937,1.6226503348384116,1.6221298127459818,1.6222232728584625
2021-11-04 08:00:00,1.6222232728584625,1.622695454916717,1.6224271671013955,1.6224389255507443
2021-11-04 12:00:00,1.6224389255507443,1.6243804476598733,1.622188938115345,1.6233460748548052
2021-11-04 16:00:00,1.6233460748548052,1.618809762916648,1.6176228390994765,1.6178615598163995
2021-11-04 20:00:00,1.6178615598163995,1.624955699372581,1.624357245905247,1.6243764184841922
2021-11-05 00:00:00,1.6243764184841922,1.6200667141670984,1.6190732262838248,1.6200215451997912
2021-11-05 04:00:00,1.6200215451997912,1.625572043562803,1.6250535121512315,1.62514907795951
2021-11-05 08:00:00,1.62514907795951,1.6282155455619574,1.627262378280886,1.6280028322987437
2021-11-05 12:00:00,1.6280028322987437,1.625878060142374,1.62398464345907,1.624576821242312
2021-11-05 16:00:00,1.624576821242312,1.6345081121131457,1.634172841253724,1.6343070456595314
2021-11-05 20:00:00,1.6343070456595314,1.6282449918231738,1.6270437415000003,1.6280104111276854
2021-11-06 00:00:00,1.6280104111276854,1.633398983535226,1.632603585259375,1.6330453826393443
2021-11-06 04:00:00,1.6330453826393443,1.640188417237408,1.6394329677516801,1.639532191610185
2021-11-06 08:00:00,1.639532191610185,1.6364622364202637,1.6357347303993441,1.6359026952237599
2021-11-06 12:00:00,1.6359026952237599,1.6449678794405473,1.643524177706081,1.6441747148451045
2021-11-06 16:00:00,1.6441747148451045,1.6438320838448357,1.6429777380280564,1.6432497353752247
2021-11-06 20:00:00,1.6432497353752247,1.6468305040005222,1.6448811223011999,1.6449552352209789
2021-11-07 00:00:00,1.6449552352209789,1.6470201392103265,1.6466306944690814,1.6466614420737589
2021-11-07 04:00:00,1.6466614420737589,1.6473583741391822,1.6451629012899562,1.6460058880759993
2021-11-07 08:00:00,1.6460058880759993,1.6506925352711446,1.649577209828263,1.6505949384056866
2021-11-07 12:00:00,1.6505949384056866,1.6564769461517204,1.6549721579977736,1.655539070779174
2021-11-07 16:00:00,1.655539070779174,1.6462158005159917,1.6457193998929975,1.6457926498574003
2021-11-07 20:00:00,1.6457926498574003,1.6532408296312942,1.6524916356388983,1.652937431745813
2021-11-08 00:00:00,1.652937431745813,1.6438598697341924,1.6421943758359219,1.6431910352607786
2021-11-08 04:00:00,1.6431910352607786,1.6496477469461033,1.6486064035436843,1.6490803428340133
2021-11-08 08:00:00,1.6490803428340133,1.657457939856661,1.6567281169267332,1.6569209251277326
2021-11-08 12:00:00,1.6569209251277326,1.6510135722794534,1.6498108731995722,1.6502508581537323
2021-11-08 16:00:00,1.6502508581537323,1.6474233806488876,1.646501848724489,1.6469457130017948
2021-11-08 20:00:00,1.6469457130017948,1.6403431510619135,1.6387336274458715,1.6393419638337876
2021-11-09 00:00:00,1.6393419638337876,1.6385309556121361,1.6371586770265498,1.6372849436505996
2021-11-09 04:00:00,1.6372849436505996,1.6369652856919734,1.6341369877566085,1.6350913323542513
2021-11-09 08:00:00,1.6350913323542513,1.6405401997178628,1.6398124893472301,1.639948511116866
2021-11-09 12:00:00,1.639948511116866,1.6506976821501065,1.6487496382784053,1.648835012741011
2021-11-09 16:00:00,1.648835012741011,1.6591712336519784,1.6587752636070943,1.658936191333139
2021-11-09 20:00:00,1.658936191333139,1.6562080745759775,1.6542831392185917,1.6558156691421995
2021-11-10 00:00:00,1.6558156691421995,1.654345292814497,1.6541152613466426,1.6541288848694058
2021-11-10 04:00:00,1.6541288848694058,1.6431520235804153,1.6425712366896463,1.642769546526872
2021-11-10 08:00:00,1.642769546526872,1.6365284928473454,1.635931885219399,1.6362673156934018
2021-11-10 12:00:00,1.6362673156934018,1.6433744237368828,1.6417485294919698,1.64250712926007
2021-11-10 16:00:00,1.64250712926007,1.6546198800875411,1.6538791053296273,1.6544618772562572
2021-11-10 20:00:00,1.6544618772562572,1.6471031884230187,1.6457534095412043,1.6462566291127838
2021-11-11 00:00:00,1.6462566291127838,1.6411883444872697,1.6398560017000876,1.641150886011674
2021-11-11 04:00:00,1.641150886011674,1.6406389847036982,1.6396388887071942,1.6405460669392855
2021-11-11 08:00:00,1.6405460669392855,1.6428285335677226,1.6416330414859315,1.6425162855684807
2021-11-11 12:00:00,1.6425162855684807,1.6377585286606682,1.6364323759573933,1.6369919831797843
2021-11-11 16:00:00,1.6369919831797843,1.6406123754116237,1.639091952249394,1.639526861260801
2021-11-11 20:00:00,1.639526861260801,1.6368543741930408,1.6360906059136975,1.6364717513535132
2021-11-12 00:00:00,1.6364717513535132,1.636305392338559,1.6358275673153841,1.6361299081524552
2021-11-12 04:00:00,1.6361299081524552,1.6397772285843404,1.639204850123365,1.639667936258777
2021-11-12 08:00:00,1.639667936258777,1.640688167729126,1.6393635759830223,1.6399928434519957
2021-11-12 12:00:00,1.6399928434519957,1.6380791242120538,1.6372328265168268,1.6372970289095257
2021-11-12 16:00:00,1.6372970289095257,1.6370719544984953,1.6363560483013078,1.636409114261102
2021-11-12 20:00:00,1.636409114261102,1.6370785733943656,1.6355083941256416,1.6358121734387903
2021-11-13 00:00:00,1.6358121734387903,1.63399160170392,1.6332615942974622,1.6336327520905725
2021-11-13 04:00:00,1.6336327520905725,1.6328630360158973,1.6312266951219845,1.6319945326910408
2021-11-13 08:00:00,1.6319945326910408,1.640814749529808,1.6398926829180762,1.640735608852168
2021-11-13 12:00:00,1.640735608852168,1.6455803362712067,1.644685520028214,1.6446986956040748
2021-11-13 16:00:00,1.6446986956040748,1.643619101148531,1.64259782110361,1.6432998548243505
2021-11-13 20:00:00,1.6432998548243505,1.6481226070513315,1.64710875538717,1.6471423190606398
2021-11-14 00:00:00,1.6471423190606398,1.6462982998813744,1.6454088026381826,1.6455576764305275
2021-11-14 04:00:00,1.6455576764305275,1.6522039961738222,1.6519161818201347,1.6519470728695478
2021-11-14 08:00:00,1.6519470728695478,1.6553414067697536,1.654035216634139,1.6545645071131325
2021-11-14 12:00:00,1.6545645071131325,1.6549064498153891,1.653186162971656,1.6541702551863624
2021-11-14 16:00:00,1.6541702551863624,1.6566264987874115,1.6551915314234493,1.656579372224717
2021-11-14 20:00:00,1.656579372224717,1.6483886055926937,1.6482456788037039,1.6483321701910498
2021-11-15 00:00:00,1.6483321701910498,1.6415785217701937,1.641112776333425,1.6413957536874044
2021-11-15 04:00:00,1.6413957536874044,1.634544563317414,1.63359761426926,1.634039417784562
2021-11-15 08:00:00,1.634039417784562,1.6348004770304359,1.6334239430424924,1.6342885133469525
2021-11-15 12:00:00,1.6342885133469525,1.6443519111366092,1.6435663499833377,1.6441315617626553
2021-11-15 16:00:00,1.6441315617626553,1.6586964178932344,1.6573819503385658,1.6583217770637246
2021-11-15 20:00:00,1.6583217770637246,1.6637741100280503,1.6625523822814785,1.6636329742806968
2021-11-16 00:00:00,1.6636329742806968,1.6677132425726269,1.6660504905210154,1.6673516253466918
2021-11-16 04:00:00,1.6673516253466918,1.656166193337178,1.655881199535005,1.6559423908846402
2021-11-16 08:00:00,1.6559423908846402,1.6513479201794696,1.6510824311550734,1.6513464461069387
2021-11-16 12:00:00,1.6513464461069387,1.6458455851589358,1.6437480552404693,1.6456647965389672
2021-11-16 16:00:00,1.6456647965389672,1.6413180713656517,1.640069676942702,1.641017949833644
2021-11-16 20:00:00,1.641017949833644,1.6399690566131442,1.63900892396411,1.6395171323737496
2021-11-17 00:00:00,1.6395171323737496,1.636620243183769,1.634992510308184,1.6363141280139786
2021-11-17 04:00:00,1.6363141280139786,1.6242140693650433,1.6227768839575343,1.623363033688805
2021-11-17 08:00:00,1.623363033688805,1.6281810389683773,1.6272080154601523,1.6274186896738936
2021-11-17 12:00:00,1.6274186896738936,1.621324825823618,1.620496487250485,1.6205103149882756
2021-11-17 16:00:00,1.6205103149882756,1.6224263709023874,1.620498711474508,1.621590147315967
2021-11-17 20:00:00,1.621590147315967,1.6356650394706873,1.6340515646081175,1.6354569056632606
2021-11-18 00:00:00,1.6354569056632606,1.6304287057931246,1.6296543888550672,1.630037018971842
2021-11-18 04:00:00,1.630037018971842,1.612350607366985,1.61047695998367,1.6117663644105424
2021-11-18 08:00:00,1.6117663644105424,1.6082206023722763,1.6067796108775407,1.6081292735499735
2021-11-18 12:00:00,1.6081292735499735,1.6163323684711857,1.615275029167866,1.6161295615471767
2021-11-18 16:00:00,1.6161295615471767,1.6328058639009795,1.6318060940577614,1.6318368108014008
2021-11-18 20:00:00,1.6318368108014008,1.6234199254935164,1.6229060698755202,1.6230250323585809
2021-11-19 00:00:00,1.6230250323585809,1.6273142762617718,1.6252736903890304,1.6264386439781593
2021-11-19 04:00:00,1.6264386439781593,1.6230436624718045,1.622441336656612,1.622930285895638
2021-11-19 08:00:00,1.622930285895638,1.6226884415405876,1.6216143849372686,1.621806069968286
2021-11-19 12:00:00,1.621806069968286,1.6423348589999998,1.6420737266305006,1.6422102523600983
2021-11-19 16:00:00,1.6422102523600983,1.6316431049460531,1.630828750213674,1.6310888058187782
2021-11-19 20:00:00,1.6310888058187782,1.6338518989065072,1.6317259247032712,1.6324032585697938
2021-11-20 00:00:00,1.6324032585697938,1.6380221138074726,1.6359252826850637,1.6364388410451025
2021-11-20 04:00:00,1.6364388410451025,1.6467601763905908,1.6449802492128107,1.6457757008539258
2021-11-20 08:00:00,1.6457757008539258,1.6475418750124229,1.6471930245898698,1.647354323390431
2021-11-20 12:00:00,1.647354323390431,1.6513118360297365,1.649606223184993,1.6500102491872277
2021-11-20 16:00:00,1.6500102491872277,1.6472733113990163,1.6464913405777246,1.6470835486842201
2021-11-20 20:00:00,1.6470835486842201,1.6499120320980207,1.6470113478297375,1.6489596421166823
2021-11-21 00:00:00,1.6489596421166823,1.6467863404112397,1.6461488459453788,1.6464933610527481
2021-11-21 04:00:00,1.6464933610527481,1.6512000001220581,1.6503559556279268,1.6509282139389947
2021-11-21 08:00:00,1.6509282139389947,1.6491730722328473,1.6483221453022776,1.648552291292332
2021-11-21 12:00:00,1.648552291292332,1.6518255271982956,1.6489151984511832,1.6510852023722806
2021-11-21 16:00:00,1.6510852023722806,1.6516130018251893,1.6506218640449097,1.6510809741991495
2021-11-21 20:00:00,1.6510809741991495,1.6594068927136396,1.6569441103623814,1.658759430248446
2021-11-22 00:00:00,1.658759430248446,1.659023276153411,1.6586399585915768,1.6590173981196132
2021-11-22 04:00:00,1.6590173981196132,1.6481162491836654,1.6467685826617948,1.6471835979734424
2021-11-22 08:00:00,1.6471835979734424,1.6557411313960695,1.6548634097946482,1.6550937432842825
2021-11-22 12:00:00,1.6550937432842825,1.6494299498951939,1.6480768972981843,1.6492515857116914
2021-11-22 16:00:00,1.6492515857116914,1.645030054151213,1.6429128648978009,1.6441160702042235
2021-11-22 20:00:00,1.6441160702042235,1.6403617735372902,1.6390978190567012,1.639475119576809
2021-11-23 00:00:00,1.639475119576809,1.650208856580574,1.6486572528156629,1.6488242349810114
2021-11-23 04:00:00,1.6488242349810114,1.634099920026635,1.6331387485020326,1.6340729590457648
2021-11-23 08:00:00,1.6340729590457648,1.6585853121759608,1.6566074723732405,1.6571541135747379
2021-11-23 12:00:00,1.6571541135747379,1.6682385484720084,1.667141108181502,1.668177616797467
2021-11-23 16:00:00,1.668177616797467,1.671306454667154,1.6710255472191506,1.6710521500044984
2021-11-23 20:00:00,1.6710521500044984,1.6712261668704567,1.670358790264119,1.6708048176614212
2021-11-24 00:00:00,1.6708048176614212,1.6742691721344538,1.6729324983294818,1.673173522958472
2021-11-24 04:00:00,1.673173522958472,1.6781418140392095,1.6773381658139068,1.6776183005782095
2021-11-24 08:00:00,1.6776183005782095,1.683687674716338,1.6831380024814413,1.6831926347614916
2021-11-24 12:00:00,1.6831926347614916,1.6885014383000148,1.688003185868219,1.6881238631746596
2021-11-24 16:00:00,1.6881238631746596,1.6895478127295707,1.68911934010738,1.6892367858831183
2021-11-24 20:00:00,1.6892367858831183,1.6884918426116198,1.6871239143442753,1.687796301962188
2021-11-25 00:00:00,1.687796301962188,1.686800926030275,1.686047874249037,1.6865445464020588
2021-11-25 04:00:00,1.6865445464020588,1.6852986073463976,1.6843631494324314,1.6850257710878616
2021-11-25 08:00:00,1.6850257710878616,1.6937079778347308,1.6922565212335419,1.6929408692872236
2021-11-25 12:00:00,1.6929408692872236,1.6989597861071777,1.6977021554140188,1.6978749137905707
2021-11-25 16:00:00,1.6978749137905707,1.677595491365523,1.6766686730318194,1.677162991413919
2021-11-25 20:00:00,1.677162991413919,1.681135163644733,1.6805954405950199,1.680694976335714
2021-11-26 00:00:00,1.680694976335714,1.6828359465169052,1.6820594703204887,1.682492308567802
2021-11-26 04:00:00,1.682492308567802,1.6825484144111067,1.6823186301561932,1.6824946316102163
2021-11-26 08:00:00,1.6824946316102163,1.6798877218923256,1.6794498377041522,1.679672098984029
2021-11-26 12:00:00,1.679672098984029,1.688136438465474,1.6868753233040228,1.687469640972389
2021-11-26 16:00:00,1.687469640972389,1.695492063443681,1.694776029323037,1.695001843187568
2021-11-26 20:00:00,1.695001843187568,1.6899510461329834,1.6896801281823857,1.6898932427738134
2021-11-27 00:00:00,1.6898932427738134,1.6936402986378618,1.692322042426568,1.6924787786699889
2021-11-27 04:00:00,1.6924787786699889,1.6863233118998864,1.6848102474775473,1.6856969564821744
2021-11-27 08:00:00,1.6856969564821744,1.6755354472988533,1.6748159440486192,1.6751976412328615
2021-11-27 12:00:00,1.6751976412328615,1.669752852022253,1.6694352644868404,1.669704191706871
2021-11-27 16:00:00,1.669704191706871,1.6769293516405634,1.6756158066701605,1.6756630337853073
2021-11-27 20:00:00,1.6756630337853073,1.6834123653237754,1.6829645159357147,1.6832520043923962
2021-11-28 00:00:00,1.6832520043923962,1.6883168775571908,1.6873073760972732,1.687749272698918
2021-11-28 04:00:00,1.687749272698918,1.6937202077866333,1.693496001891527,1.693570746236276
2021-11-28 08:00:00,1.693570746236276,1.6981754884601545,1.6971839540524973,1.6979363594249106
2021-11-28 12:00:00,1.6979363594249106,1.6937086774415824,1.692853963390423,1.6934886876796298
2021-11-28 16:00:00,1.6934886876796298,1.6967265023280802,1.695430522708784,1.6963325679779064
2021-11-28 20:00:00,1.6963325679779064,1.703213703567951,1.7015108460173227,1.7023902705724663
2021-11-29 00:00:00,1.7023902705724663,1.708424359955324,1.7076077758782295,1.708407763460224
2021-11-29 04:00:00,1.708407763460224,1.718797933871836,1.7172628273011654,1.7176718553237382
2021-11-29 08:00:00,1.7176718553237382,1.7244247630524836,1.7228292961323823,1.7237986637515492
2021-11-29 12:00:00,1.7237986637515492,1.7274610547702065,1.7267665805421355,1.726972363353153
2021-11-29 16:00:00,1.726972363353153,1.736808737784365,1.7348456942439279,1.7352748549963872
2021-11-29 20:00:00,1.7352748549963872,1.7359644756991892,1.7354481607575,1.7357374450507856
2021-11-30 00:00:00,1.7357374450507856,1.7298446187314571,1.7290002636857489,1.7292669574474275
2021-11-30 04:00:00,1.7292669574474275,1.7286855906924563,1.727411467467085,1.7275433990800937
2021-11-30 08:00:00,1.7275433990800937,1.7234810507563356,1.7219760322972815,1.7220498361362884
2021-11-30 12:00:00,1.7220498361362884,1.716793975304799,1.7166173084004723,1.716771296574873
2021-11-30 16:00:00,1.716771296574873,1.7156625998050616,1.715172372503647,1.715317031857173
2021-11-30 20:00:00,1.715317031857173,1.709824635375499,1.7081779809733646,1.7097067511241053
2021-12-01 00:00:00,1.7097067511241053,1.7076109554825245,1.7065702642509073,1.7071229015223286
2021-12-01 04:00:00,1.7071229015223286,1.6949577387767933,1.6924108360089212,1.69409181617618
2021-12-01 08:00:00,1.69409181617618,1.694963730515692,1.6942401796982272,1.6945770366234654
2021-12-01 12:00:00,1.6945770366234654,1.6946931279166957,1.6945665802937495,1.694624174873407
2021-12-01 16:00:00,1.694624174873407,1.690223644939191,1.6883113646341252,1.6892114614784597
2021-12-01 20:00:00,1.6892114614784597,1.6933744276059566,1.6926142631273922,1.6931625544052273
2021-12-02 00:00:00,1.6931625544052273,1.7003871926431176,1.6983932345674486,1.699686296854084
2021-12-02 04:00:00,1.699686296854084,1.6896434971370289,1.689096050105832,1.6894488301939499
2021-12-02 08:00:00,1.6894488301939499,1.6836451127277958,1.6820625542643413,1.6833548868867048
2021-12-02 12:00:00,1.6833548868867048,1.677607869277851,1.6766973555318707,1.6775316673583862
2021-12-02 16:00:00,1.6775316673583862,1.670580946081475,1.669839678286946,1.6705436246784129
2021-12-02 20:00:00,1.6705436246784129,1.6760636901423196,1.6755819832187717,1.675810718793883
2021-12-03 00:00:00,1.675810718793883,1.675771314887205,1.6748276232988843,1.6748703324398906
2021-12-03 04:00:00,1.6748703324398906,1.673486380545961,1.6723781791359518,1.6729959076410175
2021-12-03 08:00:00,1.6729959076410175,1.6600943032398037,1.6593036666428194,1.6596029066006481
2021-12-03 12:00:00,1.6596029066006481,1.6644001737057104,1.6627123667383732,1.6629892978653738
2021-12-03 16:00:00,1.6629892978653738,1.6553534298620844,1.6546179702899821,1.65470620968714
2021-12-03 20:00:00,1.65470620968714,1.6560453905459205,1.6542558022048865,1.6544669538276768
2021-12-04 00:00:00,1.6544669538276768,1.6567035553937353,1.655723066582389,1.6563290536047122
2021-12-04 04:00:00,1.6563290536047122,1.6667219696288085,1.664923245427519,1.6655148115967424
2021-12-04 08:00:00,1.6655148115967424,1.657910289774968,1.656598668887953,1.6572800654811137
2021-12-04 12:00:00,1.6572800654811137,1.6377177338381945,1.6344682056151292,1.6356643112662168
2021-12-04 16:00:00,1.6356643112662168,1.635453063849507,1.6343054650284843,1.6353634527499998
2021-12-04 20:00:00,1.6353634527499998,1.649502687451304,1.648523372381025,1.648749577014777
2021-12-05 00:00:00,1.648749577014777,1.6596370123277722,1.6590844236261906,1.6595972448881189
2021-12-05 04:00:00,1.6595972448881189,1.6632575183384366,1.6616851782941053,1.6621770226522214
2021-12-05 08:00:00,1.6621770226522214,1.658529558846314,1.657489278400801,1.6584745559667644
2021-12-05 12:00:00,1.6584745559667644,1.6647714433858976,1.6637510753951352,1.6644951929257383
2021-12-05 16:00:00,1.6644951929257383,1.6583623980180666,1.6570339821496927,1.6573666832963139
2021-12-05 20:00:00,1.6573666832963139,1.6614768212984294,1.6598174639931733,1.6605393758415123
2021-12-06 00:00:00,1.6605393758415123,1.6652198663181554,1.663553942062269,1.6646969213551428
2021-12-06 04:00:00,1.6646969213551428,1.6733660024200203,1.6727981734508743,1.6731474132191262
2021-12-06 08:00:00,1.6731474132191262,1.6968409892950191,1.6948765551386085,1.6954945086719038
2021-12-06 12:00:00,1.6954945086719038,1.7017794729483149,1.6998898513634475,1.7007229598465254
2021-12-06 16:00:00,1.7007229598465254,1.6976947189181217,1.696481862771746,1.6967421280957087
2021-12-06 20:00:00,1.6967421280957087,1.696263955609052,1.6956335163680993,1.696207110213153
2021-12-07 00:00:00,1.696207110213153,1.6832887607976743,1.681411973344314,1.6817724491213333
2021-12-07 04:00:00,1.6817724491213333,1.6748690098322112,1.6741558106238128,1.6747334643368221
2021-12-07 08:00:00,1.6747334643368221,1.6708303327580925,1.6703156187688575,1.670707873049881
2021-12-07 12:00:00,1.670707873049881,1.666995311809716,1.6651721849924461,1.6660344029060405
2021-12-07 16:00:00,1.6660344029060405,1.66754051121807,1.6663927356493666,1.6669097994999402
2021-12-07 20:00:00,1.6669097994999402,1.661114847759163,1.6603988188918894,1.6604817550473
2021-12-08 00:00:00,1.6604817550473,1.6693670670882705,1.6683179562965131,1.6688403308801931
2021-12-08 04:00:00,1.6688403308801931,1.669932694141647,1.6693028385910018,1.6695124974308626
2021-12-08 08:00:00,1.6695124974308626,1.6699660591682288,1.6694632952122561,1.6694941220499042
2021-12-08 12:00:00,1.6694941220499042,1.6679122009670597,1.6665278902070595,1.667049921228789
2021-12-08 16:00:00,1.667049921228789,1.6680401567927143,1.6673433934529471,1.6679841975896945
2021-12-08 20:00:00,1.6679841975896945,1.674607783079516,1.673692716905052,1.6738843922931965
2021-12-09 00:00:00,1.6738843922931965,1.6689974875336673,1.667648135112816,1.6682118154833465
2021-12-09 04:00:00,1.6682118154833465,1.6633844094776733,1.66256327037227,1.663102553032477
2021-12-09 08:00:00,1.663102553032477,1.6608799559418266,1.6599313078644016,1.6605550476395121
2021-12-09 12:00:00,1.6605550476395121,1.6514502299161875,1.6510434750358887,1.6510949284679626
2021-12-09 16:00:00,1.6510949284679626,1.6448681124508073,1.643940483697911,1.6445612737626794
2021-12-09 20:00:00,1.6445612737626794,1.6407159169426218,1.6396753576441463,1.6406640405880317
2021-12-10 00:00:00,1.6406640405880317,1.6466767266061215,1.6460088626870468,1.6464869485487685
2021-12-10 04:00:00,1.6464869485487685,1.6489273045528121,1.6473884247287822,1.6488066033829303
2021-12-10 08:00:00,1.6488066033829303,1.6509845872756905,1.6496668106791348,1.6503300485277452
2021-12-10 12:00:00,1.6503300485277452,1.6562552365020529,1.6554676691924906,1.6561854921302326
2021-12-10 16:00:00,1.6561854921302326,1.6558220190200237,1.6552443051007348,1.6557222766590947
2021-12-10 20:00:00,1.6557222766590947,1.6592429075376527,1.6576682570072157,1.6582459389973918
2021-12-11 00:00:00,1.6582459389973918,1.658443124619527,1.6572890094020927,1.657782867000817
2021-12-11 04:00:00,1.657782867000817,1.6599839088710144,1.6593640361797324,1.6593988488407012
2021-12-11 08:00:00,1.6593988488407012,1.656045675876731,1.6556016848920518,1.655985855176703
2021-12-11 12:00:00,1.655985855176703,1.6418588748592138,1.6406547842688193,1.6410945109728519
2021-12-11 16:00:00,1.6410945109728519,1.6396449480967488,1.6384191693743582,1.6390380603217696
2021-12-11 20:00:00,1.6390380603217696,1.6479473926169732,1.6472724074625422,1.6479247610805114
2021-12-12 00:00:00,1.6479247610805114,1.6549937745711014,1.6541471113672859,1.6547538359248861
2021-12-12 04:00:00,1.6547538359248861,1.66242351896081,1.6617196720186431,1.6617936912359934
2021-12-12 08:00:00,1.6617936912359934,1.6712850518650424,1.6706936764439213,1.670834130506401
2021-12-12 12:00:00,1.670834130506401,1.6726000612933283,1.671550904435479,1.6721864526496042
2021-12-12 16:00:00,1.6721864526496042,1.6741831684435762,1.6734705296199002,1.6736510186187772
2021-12-12 20:00:00,1.6736510186187772,1.6710251042399995,1.6681299973909458,1.6696410685120382
2021-12-13 00:00:00,1.6696410685120382,1.6673315084215456,1.6668921954347231,1.6672287858933859
2021-12-13 04:00:00,1.6672287858933859,1.6710903377796287,1.6707452960659441,1.6710350614470573
2021-12-13 08:00:00,1.6710350614470573,1.6798890868678473,1.6787500665837831,1.6791259634931834
2021-12-13 12:00:00,1.6791259634931834,1.6790889295201388,1.6784725429741738,1.6788478099771986
2021-12-13 16:00:00,1.6788478099771986,1.6768357980262747,1.6754929039712105,1.675941362069077
2021-12-13 20:00:00,1.675941362069077,1.6761798274689053,1.6752307663488115,1.6757123947167647
2021-12-14 00:00:00,1.6757123947167647,1.6801233182862696,1.6781280587342555,1.6793587731888622
2021-12-14 04:00:00,1.6793587731888622,1.6712706425419606,1.6706866962027804,1.6709171323661867
2021-12-14 08:00:00,1.6709171323661867,1.6565065907993162,1.6555808127107023,1.655991513807517
2021-12-14 12:00:00,1.655991513807517,1.6520864492713574,1.6507342124850406,1.6511230134501689
2021-12-14 16:00:00,1.6511230134501689,1.6427695291839552,1.6422774443934027,1.6426150344728054
2021-12-14 20:00:00,1.6426150344728054,1.6397819617688825,1.6375815223923362,1.6384812122072212
2021-12-15 00:00:00,1.6384812122072212,1.6373302042344884,1.6363244090604003,1.6371552660177442
2021-12-15 04:00:00,1.6371552660177442,1.6343725573892158,1.633648137781936,1.6340847270948513
2021-12-15 08:00:00,1.6340847270948513,1.6435654661731258,1.6428538657357696,1.6432230391627012
2021-12-15 12:00:00,1.6432230391627012,1.6468381129041028,1.6461361133612633,1.6461464432375348
2021-12-15 16:00:00,1.6461464432375348,1.6489232122445334,1.6481865721785989,1.6483653273055012
2021-12-15 20:00:00,1.6483653273055012,1.6526439251939156,1.6515897865124662,1.6525755331638778
2021-12-16 00:00:00,1.6525755331638778,1.6458953846558744,1.645309959947367,1.6455731349341118
2021-12-16 04:00:00,1.6455731349341118,1.6518501767989273,1.6517567189257747,1.6518224949489237
2021-12-16 08:00:00,1.6518224949489237,1.6535629753122403,1.6514058512427356,1.6518208532834904
2021-12-16 12:00:00,1.6518208532834904,1.656870711362875,1.655651632535091,1.6561065818981702
2021-12-16 16:00:00,1.6561065818981702,1.650393575687334,1.6490197785924698,1.6496264507777259
2021-12-16 20:00:00,1.6496264507777259,1.6394202099374944,1.639083247771568,1.6391346423135773
2021-12-17 00:00:00,1.6391346423135773,1.6438815826581117,1.6436205339856023,1.6437721171185227
2021-12-17 04:00:00,1.6437721171185227,1.6482399785387254,1.6452383523919492,1.6466617637039724
2021-12-17 08:00:00,1.6466617637039724,1.641406832724701,1.6406847552562744,1.6409611605737655
2021-12-17 12:00:00,1.6409611605737655,1.6350897809725928,1.6341184652916112,1.6347755284564705
2021-12-17 16:00:00,1.6347755284564705,1.6429998690095846,1.6414905394750372,1.6417686134318543
2021-12-17 20:00:00,1.6417686134318543,1.6350544229491362,1.633815836064408,1.6342977981181537
2021-12-18 00:00:00,1.6342977981181537,1.6462979705473693,1.6434958700610929,1.6449945844404372
2021-12-18 04:00:00,1.6449945844404372,1.6394281856297805,1.638210174063784,1.6394030543444622
2021-12-18 08:00:00,1.6394030543444622,1.6440655053582454,1.643219850845734,1.6435272396878378
2021-12-18 12:00:00,1.6435272396878378,1.6422523957789483,1.6407778558582011,1.6415256762628863
2021-12-18 16:00:00,1.6415256762628863,1.645816856065684,1.6440786879354519,1.6455438376594713
2021-12-18 20:00:00,1.6455438376594713,1.6427627269424498,1.6416126134473796,1.6421299181604783
2021-12-19 00:00:00,1.6421299181604783,1.6420239387823539,1.6404474853788134,1.6407559198438078
2021-12-19 04:00:00,1.6407559198438078,1.6420682340176345,1.640760195755492,1.6409150850770955
2021-12-19 08:00:00,1.6409150850770955,1.6354193104220094,1.6342692611692522,1.6345896041305683
2021-12-19 12:00:00,1.6345896041305683,1.6394094830831019,1.6371551876630352,1.6388268082423392
2021-12-19 16:00:00,1.6388268082423392,1.6359969995041113,1.6356398690520002,1.6358924669583224
2021-12-19 20:00:00,1.6358924669583224,1.6348855795023784,1.6338672507034202,1.6342226314554682
2021-12-20 00:00:00,1.6342226314554682,1.628228995638467,1.626965091635887,1.6280082534174263
2021-12-20 04:00:00,1.6280082534174263,1.611881947412729,1.6112239849680683,1.6117322023390444
2021-12-20 08:00:00,1.6117322023390444,1.6091632518010635,1.6085963724529746,1.6091564639209774
2021-12-20 12:00:00,1.6091564639209774,1.6256327147961436,1.6231497276643163,1.6248916013775427
2021-12-20 16:00:00,1.6248916013775427,1.6325748917715965,1.6316129112986684,1.6318045287760472
2021-12-20 20:00:00,1.6318045287760472,1.6324919836515053,1.6316302921185661,1.632218616688473
2021-12-21 00:00:00,1.632218616688473,1.6304168980165972,1.6300088127583008,1.6304077851924006
2021-12-21 04:00:00,1.6304077851924006,1.6306339682850306,1.6290185965715656,1.6304164796737355
2021-12-21 08:00:00,1.6304164796737355,1.6345954866454546,1.6338491650209928,1.6340168771378993
2021-12-21 12:00:00,1.6340168771378993,1.6271959522422128,1.6265283815541407,1.6266240220264112
2021-12-21 16:00:00,1.6266240220264112,1.6340381530369958,1.6325291385393947,1.6334197463346394
2021-12-21 20:00:00,1.6334197463346394,1.6389094392642372,1.6386017525495122,1.6387900300847567
2021-12-22 00:00:00,1.6387900300847567,1.6442747419709807,1.642788135266738,1.644089807066595
2021-12-22 04:00:00,1.644089807066595,1.647678805384645,1.647041747412992,1.6474988940584698
2021-12-22 08:00:00,1.6474988940584698,1.6482894947050617,1.6474263559393998,1.6479038711377916
2021-12-22 12:00:00,1.6479038711377916,1.6524967302602134,1.6514124948018125,1.6523108836075828
2021-12-22 16:00:00,1.6523108836075828,1.6577231201180138,1.6558330236593908,1.6565088585466223
2021-12-22 20:00:00,1.6565088585466223,1.6555676488311153,1.6544486129740823,1.6545548765084068
2021-12-23 00:00:00,1.6545548765084068,1.650857708697561,1.6504045687654751,1.6507768628979367
2021-12-23 04:00:00,1.6507768628979367,1.6517129509649298,1.650820832092123,1.6511129348656832
2021-12-23 08:00:00,1.6511129348656832,1.660940220059454,1.659964217208319,1.6605389624725433
2021-12-23 12:00:00,1.6605389624725433,1.6545283566309184,1.6518767684147113,1.6534587858030187
2021-12-23 16:00:00,1.6534587858030187,1.6437154046129132,1.6432596503377572,1.6434877403354824
2021-12-23 20:00:00,1.6434877403354824,1.6442025488393122,1.6436880114741002,1.6437882823478074
2021-12-24 00:00:00,1.6437882823478074,1.644621717689134,1.6437662179939223,1.6441388920582718
2021-12-24 04:00:00,1.6441388920582718,1.64619341656497,1.6447387311856432,1.645241481026292
2021-12-24 08:00:00,1.645241481026292,1.6471074443175089,1.6467714998698417,1.6468010892875868
2021-12-24 12:00:00,1.6468010892875868,1.6463249476755135,1.6447427284405505,1.6456110812394107
2021-12-24 16:00:00,1.6456110812394107,1.6540998554328072,1.6528052766563197,1.654083189761608
2021-12-24 20:00:00,1.654083189761608,1.6456191423835211,1.6444631260386082,1.6452060769283787
2021-12-25 00:00:00,1.6452060769283787,1.6404799131017829,1.6378190848030836,1.639388315360906
2021-12-25 04:00:00,1.639388315360906,1.6384544585462957,1.6378079714154508,1.6382816161759841
2021-12-25 08:00:00,1.6382816161759841,1.6286556113875108,1.6281688095542473,1.6282916559153036
2021-12-25 12:00:00,1.6282916559153036,1.626694472884839,1.6262723184170538,1.6263904990594638
2021-12-25 16:00:00,1.6263904990594638,1.6368299053106257,1.6363116739903094,1.6364736147977939
2021-12-25 20:00:00,1.6364736147977939,1.6377483006856308,1.6366534453412949,1.637417920389198
2021-12-26 00:00:00,1.637417920389198,1.6399366114247824,1.6386185832229747,1.6389402060575051
2021-12-26 04:00:00,1.6389402060575051,1.6319741396171838,1.630993244056756,1.6313697122505038
2021-12-26 08:00:00,1.6313697122505038,1.6271738088451229,1.626695864193778,1.6269226103179366
2021-12-26 12:00:00,1.6269226103179366,1.6243542833851674,1.6229754662968578,1.6242359751764193
2021-12-26 16:00:00,1.6242359751764193,1.622752214020059,1.6215984281983726,1.6220800487497962
2021-12-26 20:00:00,1.6220800487497962,1.6298859092209108,1.6287898361929989,1.6296017408143955
2021-12-27 00:00:00,1.6296017408143955,1.6341515617856373,1.6332717732803677,1.633653662547907
2021-12-27 04:00:00,1.633653662547907,1.6272308889842846,1.6264499634193454,1.6271386570886335
2021-12-27 08:00:00,1.6271386570886335,1.6287287584540495,1.6279534929357575,1.628157062992913
2021-12-27 12:00:00,1.628157062992913,1.631778847818817,1.6311910750064935,1.631262873295714
2021-12-27 16:00:00,1.631262873295714,1.6383927014425879,1.637306733380139,1.6383782640058016
2021-12-27 20:00:00,1.6383782640058016,1.6499024529747075,1.6480486757223078,1.64873638019128
2021-12-28 00:00:00,1.64873638019128,1.6449440137575373,1.6428435934334156,1.6429771659860448
2021-12-28 04:00:00,1.6429771659860448,1.6383795379339927,1.6369493373189907,1.6372361845422974
2021-12-28 08:00:00,1.6372361845422974,1.62903964909788,1.6282301336255902,1.628568878806156
2021-12-28 12:00:00,1.628568878806156,1.6268011228093298,1.6260178989893448,1.6263111453274481
2021-12-28 16:00:00,1.6263111453274481,1.629261666750652,1.6278280752962053,1.6291876415722424
2021-12-28 20:00:00,1.6291876415722424,1.6361636643844284,1.6349607877473915,1.6358080917699238
2021-12-29 00:00:00,1.6358080917699238,1.6366664866233605,1.634884899498013,1.6358395004361466
2021-12-29 04:00:00,1.6358395004361466,1.633990568319171,1.633024936516733,1.633819015433299
2021-12-29 08:00:00,1.633819015433299,1.6351093918893551,1.633353800636878,1.6345966752350691
2021-12-29 12:00:00,1.6345966752350691,1.6299610514316316,1.628618879850055,1.6296541842248182
2021-12-29 16:00:00,1.6296541842248182,1.6426046747556622,1.6412977346668152,1.6418683374310268
2021-12-29 20:00:00,1.6418683374310268,1.633551695915358,1.6315325847592006,1.63250682765142
2021-12-30 00:00:00,1.63250682765142,1.633985227712462,1.6317608573633127,1.6329869295256003
2021-12-30 04:00:00,1.6329869295256003,1.646559735853296,1.6450035554603488,1.6460612873830587
2021-12-30 08:00:00,1.6460612873830587,1.6473250250817038,1.6468368516494718,1.6471585797936565
2021-12-30 12:00:00,1.6471585797936565,1.6481114834962771,1.64585089325919,1.6459773002263327
2021-12-30 16:00:00,1.6459773002263327,1.6437626164166568,1.6425204838250311,1.643567255422756
2021-12-30 20:00:00,1.643567255422756,1.6422304033878699,1.6421075024531384,1.6422292020913987
2021-12-31 00:00:00,1.6422292020913987,1.6507187644529877,1.6502247509749763,1.6506263411987938
2021-12-31 04:00:00,1.6506263411987938,1.6372265184517807,1.636987300397303,1.6371912223463925
2021-12-31 08:00:00,1.6371912223463925,1.6474247702975173,1.6462419809665607,1.6465512668403495
2021-12-31 12:00:00,1.6465512668403495,1.6376772663010855,1.6370232266290687,1.6373122055676375
2021-12-31 16:00:00,1.6373122055676375,1.6350741909544098,1.6345444284309572,1.6346608072623057
2021-12-31 20:00:00,1.6346608072623057,1.6318792989659863,1.630158185082957,1.6314340226843664
2022-01-01 00:00:00,1.6314340226843664,1.6358660835488839,1.6346467172025752,1.6352469286937377
2022-01-01 04:00:00,1.6352469286937377,1.625029771113065,1.6237142550877532,1.6246372251977523
2022-01-01 08:00:00,1.6246372251977523,1.6273305576970774,1.6269419508771208,1.6270637001084807
2022-01-01 12:00:00,1.6270637001084807,1.6414069679617007,1.6411487104196079,1.6413604604411758
2022-01-01 16:00:00,1.6413604604411758,1.6324419755046138,1.6316523637529716,1.6323824752500682
2022-01-01 20:00:00,1.6323824752500682,1.6331718660289771,1.6323632743030967,1.6331015123756898
2022-01-02 00:00:00,1.6331015123756898,1.6289786773492032,1.6281817305270665,1.628328506843102
2022-01-02 04:00:00,1.628328506843102,1.6314535502701093,1.630943736685932,1.6310336121216085
2022-01-02 08:00:00,1.6310336121216085,1.6327419197174433,1.6310983169414268,1.6313863398332606
2022-01-02 12:00:00,1.6313863398332606,1.6284601420648264,1.6269585733190333,1.6270241507375762
2022-01-02 16:00:00,1.6270241507375762,1.6300440632792603,1.6298697561494924,1.6299921320020692
2022-01-02 20:00:00,1.6299921320020692,1.644876128956828,1.6414363801684517,1.642355667762722
2022-01-03 00:00:00,1.642355667762722,1.642803428448893,1.6418718872721179,1.6419910812975171
2022-01-03 04:00:00,1.6419910812975171,1.647258413273078,1.646027368110115,1.6469024344298036
2022-01-03 08:00:00,1.6469024344298036,1.6389724131515553,1.638338596885494,1.638447137536553
2022-01-03 12:00:00,1.638447137536553,1.6313670454665545,1.6302105376323661,1.6311070827025127
2022-01-03 16:00:00,1.6311070827025127,1.6341481879262667,1.633672627098963,1.6338562877061074
2022-01-03 20:00:00,1.6338562877061074,1.6448019635078361,1.6436286827182984,1.6443992371043805
2022-01-04 00:00:00,1.6443992371043805,1.6488513331771286,1.6477397618313732,1.6478234632306306
2022-01-04 04:00:00,1.6478234632306306,1.6465713274573932,1.6453140918965872,1.6458618156880038
2022-01-04 08:00:00,1.6458618156880038,1.645925947378166,1.645308699558994,1.6457000529578398
2022-01-04 12:00:00,1.6457000529578398,1.6377357343569396,1.637230826504987,1.637327748938127
2022-01-04 16:00:00,1.637327748938127,1.6412158323972623,1.6396726288797538,1.6407947771251346
2022-01-04 20:00:00,1.6407947771251346,1.6475691000430872,1.6462843835403684,1.6470505846177543
2022-01-05 00:00:00,1.6470505846177543,1.645103402809862,1.644359221449772,1.6444599153511485
2022-01-05 04:00:00,1.6444599153511485,1.6414380080213389,1.6406356755789953,1.6411054315503222
2022-01-05 08:00:00,1.6411054315503222,1.6427516793933608,1.6423357028506531,1.642594073968797
2022-01-05 12:00:00,1.642594073968797,1.64087877339845,1.639882082656794,1.6399043570743679
2022-01-05 16:00:00,1.6399043570743679,1.6406139565492441,1.639034438930871,1.6392714344322727
2022-01-05 20:00:00,1.6392714344322727,1.6522597029768171,1.6516073263653381,1.6521138353635239
2022-01-06 00:00:00,1.6521138353635239,1.6523994455246955,1.6505724249966869,1.651519067981959
2022-01-06 04:00:00,1.651519067981959,1.6502824863955643,1.6486656900104273,1.6491925398765415
2022-01-06 08:00:00,1.6491925398765415,1.6456099353992275,1.6443670635230903,1.644973688103576
2022-01-06 12:00:00,1.644973688103576,1.649617138066589,1.648648919469254,1.6492578475252095
2022-01-06 16:00:00,1.6492578475252095,1.6487731699383683,1.6481133246021,1.6484768176455236
2022-01-06 20:00:00,1.6484768176455236,1.6451203685902942,1.6437650833973239,1.644514512446384
2022-01-07 00:00:00,1.644514512446384,1.6524320087293385,1.650990908200669,1.6521149884175088
2022-01-07 04:00:00,1.6521149884175088,1.6617967272670302,1.6603099767105822,1.661509194782472
2022-01-07 08:00:00,1.661509194782472,1.6598439289134193,1.6582388620772839,1.658394007890365
2022-01-07 12:00:00,1.658394007890365,1.6464932840139874,1.6460867924205427,1.6463309089948308
2022-01-07 16:00:00,1.6463309089948308,1.6525901976810835,1.6516996844915857,1.6521043916841058
2022-01-07 20:00:00,1.6521043916841058,1.6479654773033,1.6475981834024451,1.647961270690358
2022-01-08 00:00:00,1.647961270690358,1.6541343541950217,1.652778830794075,1.652912350454542
2022-01-08 04:00:00,1.652912350454542,1.6415245056793863,1.6393629709495718,1.6401830793211767
2022-01-08 08:00:00,1.6401830793211767,1.6458244495503511,1.6452421696510708,1.6454433752507212
2022-01-08 12:00:00,1.6454433752507212,1.6380542156359728,1.6370013667805898,1.6373625273901269
2022-01-08 16:00:00,1.6373625273901269,1.6424569651942278,1.6414625327065098,1.6419392343945571
2022-01-08 20:00:00,1.6419392343945571,1.643007945437963,1.6421779581693963,1.6424074305873022
2022-01-09 00:00:00,1.6424074305873022,1.6365577552908301,1.635734458872425,1.6359118670678439
2022-01-09 04:00:00,1.6359118670678439,1.6336437014434366,1.6319393610074122,1.6325884795187386
2022-01-09 08:00:00,1.6325884795187386,1.637619596403204,1.6369446717085978,1.6369877889831732
2022-01-09 12:00:00,1.6369877889831732,1.6381967458906965,1.6377526702521212,1.6380572984668833
2022-01-09 16:00:00,1.6380572984668833,1.6419937685332844,1.641868317003528,1.6419869692032325
2022-01-09 20:00:00,1.6419869692032325,1.6553862066001137,1.65411506245665,1.6552710832773516
2022-01-10 00:00:00,1.6552710832773516,1.6462863213004033,1.6452853659890114,1.645405310655142
2022-01-10 04:00:00,1.645405310655142,1.6567524658535946,1.655829221251439,1.6562853201721346
2022-01-10 08:00:00,1.6562853201721346,1.6588377702627466,1.6577174066486198,1.6579427429669154
2022-01-10 12:00:00,1.6579427429669154,1.6515364575300155,1.650518683432053,1.651523248325883
2022-01-10 16:00:00,1.651523248325883,1.6415739668793148,1.6411388213000262,1.6413114707971885
2022-01-10 20:00:00,1.6413114707971885,1.6412950397884891,1.6387612202560526,1.6390807184998255
2022-01-11 00:00:00,1.6390807184998255,1.646094398698349,1.6451272522784683,1.645649081135555
2022-01-11 04:00:00,1.645649081135555,1.6455037422289005,1.643692538219412,1.645234357757551
2022-01-11 08:00:00,1.645234357757551,1.6566832035783439,1.6558877504710878,1.6559836421851855
2022-01-11 12:00:00,1.6559836421851855,1.6473424503321958,1.645416853489793,1.6461043899294074
2022-01-11 16:00:00,1.6461043899294074,1.6458996477496206,1.6446669479171605,1.6452249613373429
2022-01-11 20:00:00,1.6452249613373429,1.6360789819604644,1.6347828291012696,1.636003763891974
2022-01-12 00:00:00,1.636003763891974,1.6389185114259095,1.6377720034429812,1.6379833352078388
2022-01-12 04:00:00,1.6379833352078388,1.6453495447855453,1.644058346576153,1.6446116475741337
2022-01-12 08:00:00,1.6446116475741337,1.6421993934024546,1.6412418668040065,1.6420489194341534
2022-01-12 12:00:00,1.6420489194341534,1.62343939386197,1.6225691913946725,1.6232295637383651
2022-01-12 16:00:00,1.6232295637383651,1.623452753518484,1.6231966840566443,1.62327821062212
2022-01-12 20:00:00,1.62327821062212,1.626882601428383,1.626090726531212,1.6265451661772612
2022-01-13 00:00:00,1.6265451661772612,1.6309017224273246,1.62972851212614,1.6297814992875892
2022-01-13 04:00:00,1.6297814992875892,1.639137437987343,1.638712742973771,1.6390134038901452
2022-01-13 08:00:00,1.6390134038901452,1.6318347206426917,1.6311855597960845,1.6317783669429577
2022-01-13 12:00:00,1.6317783669429577,1.6377588437434742,1.6360899612310214,1.636308536084071
2022-01-13 16:00:00,1.636308536084071,1.6457142086948724,1.645335498363219,1.645585566789798
2022-01-13 20:00:00,1.645585566789798,1.6332882003662648,1.6323791786345907,1.6327418952875452
2022-01-14 00:00:00,1.6327418952875452,1.6349580491943705,1.6336978335681873,1.634260074642991
2022-01-14 04:00:00,1.634260074642991,1.6309851268222377,1.6302479273720987,1.6304955083688648
2022-01-14 08:00:00,1.6304955083688648,1.6300934625104604,1.629031696701238,1.6295767491331483
2022-01-14 12:00:00,1.6295767491331483,1.6330166894086289,1.6319342707640356,1.6320526964472803
2022-01-14 16:00:00,1.6320526964472803,1.629446547894675,1.6281398793758866,1.6287573874124965
2022-01-14 20:00:00,1.6287573874124965,1.6240833433022415,1.6228394551872487,1.6237377184597928
2022-01-15 00:00:00,1.6237377184597928,1.6238284978329496,1.622216776229035,1.6235761497948065
2022-01-15 04:00:00,1.6235761497948065,1.6169705178396552,1.6152689612751794,1.6162439331780896
2022-01-15 08:00:00,1.6162439331780896,1.6085081548119038,1.607935958898117,1.6082649553910386
2022-01-15 12:00:00,1.6082649553910386,1.6139295918422385,1.6119518259849253,1.6123431287651568
2022-01-15 16:00:00,1.6123431287651568,1.6052771112869373,1.6040842404682987,1.6047754602500817
2022-01-15 20:00:00,1.6047754602500817,1.609376956109587,1.6083461438943494,1.608820764079388
2022-01-16 00:00:00,1.608820764079388,1.6130827381223953,1.612172811906724,1.6123503308317089
2022-01-16 04:00:00,1.6123503308317089,1.6010606593840504,1.5998433624936221,1.6008578758059642
2022-01-16 08:00:00,1.6008578758059642,1.5960110389295523,1.5942252746300578,1.5951340438149175
2022-01-16 12:00:00,1.5951340438149175,1.603688398332512,1.6030693436062657,1.603171102213797
2022-01-16 16:00:00,1.603171102213797,1.5985865582443732,1.5964538525663907,1.596706824555085
2022-01-16 20:00:00,1.596706824555085,1.5934588357325647,1.5925782811259561,1.5928191088420967
2022-01-17 00:00:00,1.5928191088420967,1.5964242168201943,1.594535015077142,1.5958213887650607
2022-01-17 04:00:00,1.5958213887650607,1.6016910541172495,1.6012137830619817,1.6015938967726622
2022-01-17 08:00:00,1.6015938967726622,1.6009291146156004,1.6001061813967523,1.6002737986878535
2022-01-17 12:00:00,1.6002737986878535,1.5964701340303233,1.5959417279978925,1.5960656338496644
2022-01-17 16:00:00,1.5960656338496644,1.6066593603412544,1.604614214500292,1.605435224574748
2022-01-17 20:00:00,1.605435224574748,1.6185602939832562,1.61760716897363,1.618503081008
2022-01-18 00:00:00,1.618503081008,1.6283459176003712,1.6265189253191699,1.6269072827143403
2022-01-18 04:00:00,1.6269072827143403,1.6287593643457512,1.6276815107048888,1.628235116020612
2022-01-18 08:00:00,1.628235116020612,1.6237703808057788,1.6221680114371764,1.6223489325323075
2022-01-18 12:00:00,1.6223489325323075,1.6163130699171515,1.6156991735442066,1.615742779226656
2022-01-18 16:00:00,1.615742779226656,1.6197596024415357,1.6188156751610168,1.6190941681164626
2022-01-18 20:00:00,1.6190941681164626,1.6237052425334388,1.6221989501376086,1.622424125378082
2022-01-19 00:00:00,1.622424125378082,1.6330700157980171,1.6322505871896744,1.6328236140545893
2022-01-19 04:00:00,1.6328236140545893,1.6386645373906652,1.6374367883097072,1.6385418254718012
2022-01-19 08:00:00,1.6385418254718012,1.6284180904885015,1.6261755141348713,1.6277457289436443
2022-01-19 12:00:00,1.6277457289436443,1.6359604106415118,1.6349158835141782,1.63500959354744
2022-01-19 16:00:00,1.63500959354744,1.6281343441028928,1.627329063895206,1.6278218253345744
2022-01-19 20:00:00,1.6278218253345744,1.624718719175993,1.6232913132682831,1.6242499157675088
2022-01-20 00:00:00,1.6242499157675088,1.6259748616963525,1.6249436521306206,1.6258845561448896
2022-01-20 04:00:00,1.6258845561448896,1.6415138911202851,1.6407483649325887,1.6409681058720036
2022-01-20 08:00:00,1.6409681058720036,1.667769836211856,1.666773356245266,1.6672375932521895
2022-01-20 12:00:00,1.6672375932521895,1.6758606751372513,1.674129690619525,1.6749065360884356
2022-01-20 16:00:00,1.6749065360884356,1.6751214947140405,1.6736541179230027,1.6738416044075253
2022-01-20 20:00:00,1.6738416044075253,1.6789207068451055,1.6779100294596754,1.6784902312168688
2022-01-21 00:00:00,1.6784902312168688,1.6868212046551547,1.6866338392904252,1.6866423767126204
2022-01-21 04:00:00,1.6866423767126204,1.6850715784526968,1.684445071588354,1.684463383165875
2022-01-21 08:00:00,1.684463383165875,1.7015932678983958,1.6993362191783805,1.699758664770682
2022-01-21 12:00:00,1.699758664770682,1.7032443052203037,1.7028269935257703,1.7030793989916369
2022-01-21 16:00:00,1.7030793989916369,1.7083586642577775,1.7076196584133594,1.7077773538691794
2022-01-21 20:00:00,1.7077773538691794,1.7146112851527247,1.7134637360050553,1.7140189726105164
2022-01-22 00:00:00,1.7140189726105164,1.7187545013778083,1.718123867681354,1.718225881776764
2022-01-22 04:00:00,1.718225881776764,1.725972781783358,1.7252738644693084,1.7258431868215067
2022-01-22 08:00:00,1.7258431868215067,1.721650902915173,1.720668914398374,1.721072204975698
2022-01-22 12:00:00,1.721072204975698,1.7164670260802022,1.7155083025576174,1.715900578498994
2022-01-22 16:00:00,1.715900578498994,1.7065176621232436,1.7052340922401104,1.706181258954078
2022-01-22 20:00:00,1.706181258954078,1.7105556321370163,1.7084160054646067,1.7091813022492346
2022-01-23 00:00:00,1.7091813022492346,1.7168906302973284,1.7156570904146735,1.7159818798691868
2022-01-23 04:00:00,1.7159818798691868,1.721641552109635,1.719184184599201,1.7203976146191597
2022-01-23 08:00:00,1.7203976146191597,1.7359297090424712,1.7346121388901639,1.7347906949985206
2022-01-23 12:00:00,1.7347906949985206,1.7359436957092353,1.7339433077055628,1.7358980147554022
2022-01-23 16:00:00,1.7358980147554022,1.7428484588040454,1.7415485312506591,1.7416899344187657
2022-01-23 20:00:00,1.7416899344187657,1.7330160347544652,1.732811542239462,1.732905077198236
2022-01-24 00:00:00,1.732905077198236,1.729066593980919,1.727088372393997,1.7288982613213602
2022-01-24 04:00:00,1.7288982613213602,1.73446311500105,1.7334984656860177,1.734423909633111
2022-01-24 08:00:00,1.734423909633111,1.7420698219112525,1.7414854674761917,1.7419827774042207
2022-01-24 12:00:00,1.7419827774042207,1.7402573951613522,1.7398789151865641,1.7401076092573078
2022-01-24 16:00:00,1.7401076092573078,1.7401666867662258,1.7392139429712845,1.7393711692851892
2022-01-24 20:00:00,1.7393711692851892,1.727459647404376,1.7264657357441278,1.7273559123205713
2022-01-25 00:00:00,1.7273559123205713,1.7239864273279377,1.722757237483654,1.7234952437550322
2022-01-25 04:00:00,1.7234952437550322,1.7310344941361564,1.729673449273996,1.7303206465292305
2022-01-25 08:00:00,1.7303206465292305,1.7357787027853737,1.7347555453294523,1.7355092227739704
2022-01-25 12:00:00,1.7355092227739704,1.7406224700625168,1.739844498257078,1.7399471817189103
2022-01-25 16:00:00,1.7399471817189103,1.7416405093807856,1.7403351724950624,1.7406985367114711
2022-01-25 20:00:00,1.7406985367114711,1.7409165094643653,1.7401621180601998,1.7408129097644471
2022-01-26 00:00:00,1.7408129097644471,1.736068258729284,1.7351187593455153,1.7359493418214265
2022-01-26 04:00:00,1.7359493418214265,1.7407506374878523,1.739670300859053,1.7406897889406674
2022-01-26 08:00:00,1.7406897889406674,1.7441602467103536,1.7433224984789655,1.7441490464554548
2022-01-26 12:00:00,1.7441490464554548,1.7497870071063435,1.747636284094742,1.7479805924594793
2022-01-26 16:00:00,1.7479805924594793,1.745458334092457,1.7443278393115162,1.7445300862026878
2022-01-26 20:00:00,1.7445300862026878,1.7305435132131692,1.7283261094540048,1.7291671333384158
2022-01-27 00:00:00,1.7291671333384158,1.7363934463494453,1.7359919094636487,1.736162622255501
2022-01-27 04:00:00,1.736162622255501,1.7333619856840026,1.7326269548262079,1.7331010343565179
2022-01-27 08:00:00,1.7331010343565179,1.726686444542479,1.7252074966739797,1.7264681720955546
2022-01-27 12:00:00,1.7264681720955546,1.731507409936566,1.7303711647932534,1.7311031052513743
2022-01-27 16:00:00,1.7311031052513743,1.7294616489374215,1.7280926636935732,1.7285737810541355
2022-01-27 20:00:00,1.7285737810541355,1.7371044453552131,1.7352273031954515,1.7360577929027563
2022-01-28 00:00:00,1.7360577929027563,1.7415981088604215,1.7405962412826126,1.7412103636710656
2022-01-28 04:00:00,1.7412103636710656,1.7469648199848302,1.7462762990471643,1.7466652590267087
2022-01-28 08:00:00,1.7466652590267087,1.737586382286274,1.7366252040798291,1.7370510484476023
2022-01-28 12:00:00,1.7370510484476023,1.7469696055470043,1.7450085963586899,1.7454381932989451
2022-01-28 16:00:00,1.7454381932989451,1.7487932787297753,1.7468259010066152,1.7481250027269315
2022-01-28 20:00:00,1.7481250027269315,1.7455936048514389,1.745523842721602,1.745553953828206
2022-01-29 00:00:00,1.745553953828206,1.7470285330396875,1.7461955897382215,1.7464065079221573
2022-01-29 04:00:00,1.7464065079221573,1.734225318314493,1.7333838081125026,1.73383396434954
2022-01-29 08:00:00,1.73383396434954,1.7362887140961163,1.7352306149692287,1.7358771703764408
2022-01-29 12:00:00,1.7358771703764408,1.7290213569078745,1.728238294971175,1.7285683104733924
2022-01-29 16:00:00,1.7285683104733924,1.718274857356816,1.7179487547916819,1.7180982386133805
2022-01-29 20:00:00,1.7180982386133805,1.7067446492177858,1.7053028706818714,1.7058414746834298
2022-01-30 00:00:00,1.7058414746834298,1.7138593864285294,1.712574676448108,1.7135606089937951
2022-01-30 04:00:00,1.7135606089937951,1.709803887461702,1.7083357013630245,1.7092039243728292
2022-01-30 08:00:00,1.7092039243728292,1.7211066451731085,1.720041226198205,1.7208645798568107
2022-01-30 12:00:00,1.7208645798568107,1.7178356954063292,1.7170237571630382,1.717445049054152
2022-01-30 16:00:00,1.717445049054152,1.7038810810731015,1.703389191248623,1.703620139818211
2022-01-30 20:00:00,1.703620139818211,1.6944021576545285,1.6923181984567357,1.6933005432359491
2022-01-31 00:00:00,1.6933005432359491,1.7030726344963925,1.7021474808885837,1.702911850284167
2022-01-31 04:00:00,1.702911850284167,1.702603172236253,1.7018452783273137,1.7023403153676664
2022-01-31 08:00:00,1.7023403153676664,1.698375698848667,1.6972317374809553,1.6977538082052797
2022-01-31 12:00:00,1.6977538082052797,1.6988647704810267,1.697595724285876,1.6986951663289742
2022-01-31 16:00:00,1.6986951663289742,1.7044011621558663,1.7013811249968833,1.7027388095764078
2022-01-31 20:00:00,1.7027388095764078,1.711939105911657,1.711298304338667,1.7118129185940203
2022-02-01 00:00:00,1.7118129185940203,1.724313547125252,1.7236313099573048,1.724171585830169
2022-02-01 04:00:00,1.724171585830169,1.7230972165739853,1.72175749816867,1.7221572832066734
2022-02-01 08:00:00,1.7221572832066734,1.7118991722394101,1.7099308120857566,1.7112637691602737
2022-02-01 12:00:00,1.7112637691602737,1.7075242346381128,1.7067886297947832,1.7069714097358568
2022-02-01 16:00:00,1.7069714097358568,1.708910614637754,1.7081698210243539,1.7087529228875233
2022-02-01 20:00:00,1.7087529228875233,1.7013353676062488,1.7011942895892307,1.7012660999896445
2022-02-02 00:00:00,1.7012660999896445,1.6932746568377606,1.692885671182591,1.6930671900543788
2022-02-02 04:00:00,1.6930671900543788,1.6952346065408095,1.6940441417354755,1.6951717986708617
2022-02-02 08:00:00,1.6951717986708617,1.695802475506789,1.6945939106735832,1.6949598346571713
2022-02-02 12:00:00,1.6949598346571713,1.695273327046104,1.6942054900445216,1.6951896326984253
2022-02-02 16:00:00,1.6951896326984253,1.6907077035090359,1.6895495400679696,1.6897221135311717
2022-02-02 20:00:00,1.6897221135311717,1.6887242752144964,1.6870511672847344,1.687623856727181
2022-02-03 00:00:00,1.687623856727181,1.6812143374869282,1.680573094130379,1.680965325827673
2022-02-03 04:00:00,1.680965325827673,1.6871395067459345,1.6866724688366244,1.6867419391537206
2022-02-03 08:00:00,1.6867419391537206,1.6954417979652523,1.6941675311063393,1.6945921960571133
2022-02-03 12:00:00,1.6945921960571133,1.6821108676915917,1.681099490065206,1.681844521226234
2022-02-03 16:00:00,1.681844521226234,1.6738848227847276,1.6730019976912323,1.6738063734852398
2022-02-03 20:00:00,1.6738063734852398,1.6628109151208672,1.661402392265995,1.6617645705777002
2022-02-04 00:00:00,1.6617645705777002,1.6559128024238925,1.6555921958100464,1.655683717202988
2022-02-04 04:00:00,1.655683717202988,1.655096957195091,1.6543467779891294,1.6545427642644899
2022-02-04 08:00:00,1.6545427642644899,1.6440588653899555,1.6430833349109357,1.643469979712911
2022-02-04 12:00:00,1.643469979712911,1.6360156653673954,1.6344613181209189,1.63541037912301
2022-02-04 16:00:00,1.63541037912301,1.627004428934329,1.626167688935157,1.6268946777293862
2022-02-04 20:00:00,1.6268946777293862,1.6283010928230244,1.6276903310112605,1.6278606868037635
2022-02-05 00:00:00,1.6278606868037635,1.6284948636707215,1.6283099965762657,1.6284703147277708
2022-02-05 04:00:00,1.6284703147277708,1.623334505456873,1.623147437093578,1.6231826631458839
2022-02-05 08:00:00,1.6231826631458839,1.6248183895468793,1.6232190763916474,1.6240615827722185
2022-02-05 12:00:00,1.6240615827722185,1.6206499567754948,1.6196803142860692,1.6202446892915687
2022-02-05 16:00:00,1.6202446892915687,1.618144118589584,1.617553351448244,1.6180345618329213
2022-02-05 20:00:00,1.6180345618329213,1.630241744246709,1.628920052052664,1.62936034988231
2022-02-06 00:00:00,1.62936034988231,1.6415101625627098,1.6394947563931774,1.639958856357664
2022-02-06 04:00:00,1.639958856357664,1.6324246135476457,1.630841167879366,1.6310857705163189
2022-02-06 08:00:00,1.6310857705163189,1.6378195709871723,1.635864319287967,1.6367027118364164
2022-02-06 12:00:00,1.6367027118364164,1.6437602568106904,1.6427867231392403,1.6433480441038661
2022-02-06 16:00:00,1.6433480441038661,1.6351071706139182,1.6343359365535501,1.6350804092298417
2022-02-06 20:00:00,1.6350804092298417,1.640876730753536,1.6405775200680002,1.640780593696783
2022-02-07 00:00:00,1.640780593696783,1.6538856423629809,1.6528469479806045,1.6532201147729404
2022-02-07 04:00:00,1.6532201147729404,1.6458023426469899,1.6445413275790182,1.6451062411976125
2022-02-07 08:00:00,1.6451062411976125,1.6371462886712191,1.636638066293736,1.636975541110358
2022-02-07 12:00:00,1.636975541110358,1.6450885271278686,1.644415715433344,1.6447081310720981
2022-02-07 16:00:00,1.6447081310720981,1.64778239142288,1.6470303637654715,1.64758788314233
2022-02-07 20:00:00,1.64758788314233,1.6523562102055989,1.6511622245030455,1.652313400576459
2022-02-08 00:00:00,1.652313400576459,1.6555060460565798,1.6546896146375616,1.6554445061303167
2022-02-08 04:00:00,1.6554445061303167,1.6591591063656055,1.6581501889009294,1.6587942215118625
2022-02-08 08:00:00,1.6587942215118625,1.6490921964804404,1.6479160931917918,1.6487558081203468
2022-02-08 12:00:00,1.6487558081203468,1.6564797758453786,1.6561991448868176,1.6562894532712993
2022-02-08 16:00:00,1.6562894532712993,1.6669552944562382,1.6657249099863363,1.666326279277277
2022-02-08 20:00:00,1.666326279277277,1.6656334329659546,1.6650606943597166,1.6652349227096177
2022-02-09 00:00:00,1.6652349227096177,1.6653788799233102,1.6645707631092066,1.6648003501183597
2022-02-09 04:00:00,1.6648003501183597,1.6534345291581443,1.6527460132748881,1.6530289022044615
2022-02-09 08:00:00,1.6530289022044615,1.6561908242410328,1.6548424036799911,1.6561692914612187
2022-02-09 12:00:00,1.6561692914612187,1.661431870023007,1.6605875956129321,1.6608801268845463
2022-02-09 16:00:00,1.6608801268845463,1.6613782533032146,1.6602395843708346,1.6607765226047315
2022-02-09 20:00:00,1.6607765226047315,1.6703373853088572,1.6686401806844307,1.6691493255959335
2022-02-10 00:00:00,1.6691493255959335,1.667637550647166,1.6665859751373826,1.667282083384766
2022-02-10 04:00:00,1.667282083384766,1.6718229171992043,1.670206121455656,1.6713105919060045
2022-02-10 08:00:00,1.6713105919060045,1.6642333935578155,1.663673289285438,1.6641809462961343
2022-02-10 12:00:00,1.6641809462961343,1.6638621998839327,1.6624757784531574,1.6634384587552562
2022-02-10 16:00:00,1.6634384587552562,1.6626316393305893,1.661976754489178,1.6621389700696698
2022-02-10 20:00:00,1.6621389700696698,1.6637826104818307,1.663463152946391,1.6635908648241258
2022-02-11 00:00:00,1.6635908648241258,1.661325933934365,1.6598091542704718,1.6612259450777904
2022-02-11 04:00:00,1.6612259450777904,1.660277457561922,1.660009185254753,1.6601727773208466
2022-02-11 08:00:00,1.6601727773208466,1.6654950638353725,1.6648934398311965,1.6653651952651551
2022-02-11 12:00:00,1.6653651952651551,1.6629943797929172,1.6627906941046868,1.6629783293178
2022-02-11 16:00:00,1.6629783293178,1.6530451891249371,1.6519570245996136,1.6527076396601943
2022-02-11 20:00:00,1.6527076396601943,1.6638889638647647,1.6625239496664244,1.6633595796291927
2022-02-12 00:00:00,1.6633595796291927,1.6746708232392165,1.673349256562538,1.6737339219372933
2022-02-12 04:00:00,1.6737339219372933,1.6654811189634966,1.664574549105521,1.6653235544530838
2022-02-12 08:00:00,1.6653235544530838,1.6705544024418615,1.6688683390525496,1.6696784563058873
2022-02-12 12:00:00,1.6696784563058873,1.6665170800086588,1.6661156234888246,1.6663917184548374
2022-02-12 16:00:00,1.6663917184548374,1.6685702865241117,1.6673720380950012,1.668002378096547
2022-02-12 20:00:00,1.668002378096547,1.670613806497731,1.6701347701067055,1.6701693179674428
2022-02-13 00:00:00,1.6701693179674428,1.670229868031931,1.6681723821897019,1.668754951933195
2022-02-13 04:00:00,1.668754951933195,1.6640115062044072,1.663378363349599,1.6634881248709426
2022-02-13 08:00:00,1.6634881248709426,1.658749337823804,1.6577777920541445,1.6585288381839376
2022-02-13 12:00:00,1.6585288381839376,1.653289500591523,1.6520182562743317,1.6521293716534426
2022-02-13 16:00:00,1.6521293716534426,1.6464252316974037,1.646027593204198,1.6461263575525982
2022-02-13 20:00:00,1.6461263575525982,1.6457837974355571,1.6451391686120085,1.6452009265699146
2022-02-14 00:00:00,1.6452009265699146,1.6409364971464069,1.6399997157194137,1.640526474053028
2022-02-14 04:00:00,1.640526474053028,1.6452562721310968,1.6440925560940192,1.6445318318556832
2022-02-14 08:00:00,1.6445318318556832,1.6548697994876225,1.6529317880397068,1.654385295398665
2022-02-14 12:00:00,1.654385295398665,1.6519673250069364,1.650990960863305,1.6513019795351405
2022-02-14 16:00:00,1.6513019795351405,1.6526454167918112,1.6519769480460251,1.652629957949284
2022-02-14 20:00:00,1.652629957949284,1.6565098622423795,1.655641620574386,1.6559372876768477
2022-02-15 00:00:00,1.6559372876768477,1.6602527897765464,1.6587729488645115,1.6591978564908079
2022-02-15 04:00:00,1.6591978564908079,1.660434454392644,1.6591825821496762,1.6599362012179157
2022-02-15 08:00:00,1.6599362012179157,1.6659637287894233,1.6641949854838574,1.6645242267325404
2022-02-15 12:00:00,1.6645242267325404,1.6681493712684996,1.667749176900323,1.6678435628046928
2022-02-15 16:00:00,1.6678435628046928,1.661347027417135,1.6605296289023854,1.6606131860608648
2022-02-15 20:00:00,1.6606131860608648,1.6660770227806632,1.664204378227416,1.6654184438532835
2022-02-16 00:00:00,1.6654184438532835,1.6715844200274788,1.6706966513235428,1.671329617339185
2022-02-16 04:00:00,1.671329617339185,1.6673981253725423,1.6658119789127737,1.6669955704534178
2022-02-16 08:00:00,1.6669955704534178,1.6678218208727855,1.6668661715099364,1.666887363585694
2022-02-16 12:00:00,1.666887363585694,1.6718257651916804,1.6697908469978748,1.6710177553410872
2022-02-16 16:00:00,1.6710177553410872,1.6704601996357182,1.6699624217783628,1.6700821350389747
2022-02-16 20:00:00,1.6700821350389747,1.6763747698415872,1.6756806596145806,1.6763240301465945
2022-02-17 00:00:00,1.6763240301465945,1.69211160348975,1.6908246260933393,1.6910715597668298
2022-02-17 04:00:00,1.6910715597668298,1.6875375764073035,1.686098039601205,1.6870932751849292
2022-02-17 08:00:00,1.6870932751849292,1.6782029496316568,1.6776935561147377,1.677803965368261
2022-02-17 12:00:00,1.677803965368261,1.6794206890469032,1.6785238396974669,1.6790995507966497
2022-02-17 16:00:00,1.6790995507966497,1.684303908119533,1.6835838369712677,1.6839151064510924
2022-02-17 20:00:00,1.6839151064510924,1.6828946341236157,1.6822713779925382,1.682791966391453
2022-02-18 00:00:00,1.682791966391453,1.6930006581974348,1.6912357453805595,1.6919506083241371
2022-02-18 04:00:00,1.6919506083241371,1.6853531757643825,1.6833863350154739,1.6838617255891437
2022-02-18 08:00:00,1.6838617255891437,1.6887966186288614,1.6873758557279217,1.687886706431272
2022-02-18 12:00:00,1.687886706431272,1.6843719411043718,1.6835766176910674,1.684155188510035
2022-02-18 16:00:00,1.684155188510035,1.6952971192118798,1.6945412712014931,1.6952750934954501
2022-02-18 20:00:00,1.6952750934954501,1.7114338807647036,1.7093192221519233,1.7101255060592235
2022-02-19 00:00:00,1.7101255060592235,1.7064684925119549,1.7053244786152446,1.7055646484605065
2022-02-19 04:00:00,1.7055646484605065,1.7024717402348433,1.7009115652001532,1.7011219311909005
2022-02-19 08:00:00,1.7011219311909005,1.7076112384604796,1.7066271171866807,1.707094209593703
2022-02-19 12:00:00,1.707094209593703,1.7049979379853193,1.7047100591112931,1.7047135267687208
2022-02-19 16:00:00,1.7047135267687208,1.7048668421779138,1.7031546258642385,1.7041956388038197
2022-02-19 20:00:00,1.7041956388038197,1.704720372868179,1.7036669590054259,1.7043310073768203
2022-02-20 00:00:00,1.7043310073768203,1.6920032495327735,1.6901931747376033,1.6915137345093507
2022-02-20 04:00:00,1.6915137345093507,1.6912515312637915,1.6900873650861303,1.6903950680896527
2022-02-20 08:00:00,1.6903950680896527,1.6862555947691298,1.6855264286514422,1.6856008655704153
2022-02-20 12:00:00,1.6856008655704153,1.6819475004046955,1.6813937048446073,1.681871373191712
2022-02-20 16:00:00,1.681871373191712,1.6916635668914326,1.6908467740555087,1.6912879162258478
2022-02-20 20:00:00,1.6912879162258478,1.6839719227992351,1.682741931648087,1.6833070010726858
2022-02-21 00:00:00,1.6833070010726858,1.6889282840227986,1.6869362110428516,1.688427618081719
2022-02-21 04:00:00,1.688427618081719,1.6872253300513878,1.6864236940346788,1.686864031610821
2022-02-21 08:00:00,1.686864031610821,1.6856301016997108,1.683253483400011,1.6848153181385532
2022-02-21 12:00:00,1.6848153181385532,1.6911701255656868,1.6895725795086929,1.6899669535199808
2022-02-21 16:00:00,1.6899669535199808,1.6933948541349322,1.6922165670490825,1.6926743363599885
2022-02-21 20:00:00,1.6926743363599885,1.6983821181248648,1.6958857270417824,1.6966817383632165
2022-02-22 00:00:00,1.6966817383632165,1.7037170756340656,1.7033977136949983,1.7034093437735311
2022-02-22 04:00:00,1.7034093437735311,1.7030129548774253,1.7011806534374694,1.7017229477243958
2022-02-22 08:00:00,1.7017229477243958,1.697763299172354,1.697097015334786,1.6975846037628517
2022-02-22 12:00:00,1.6975846037628517,1.69114823723455,1.6898559277116316,1.6902203672782794
2022-02-22 16:00:00,1.6902203672782794,1.6844041353337726,1.6839813042882001,1.6841982370854938
2022-02-22 20:00:00,1.6841982370854938,1.7040905003845583,1.7032590736269322,1.7033763060635745
2022-02-23 00:00:00,1.7033763060635745,1.7147625625481235,1.7137844208756916,1.7141878457726734
2022-02-23 04:00:00,1.7141878457726734,1.7050599797316683,1.704641895096759,1.7046506326617137
2022-02-23 08:00:00,1.7046506326617137,1.6939405794198825,1.6927469529381738,1.6935385066663573
2022-02-23 12:00:00,1.6935385066663573,1.6965370983068888,1.6959984931527354,1.696535021668802
2022-02-23 16:00:00,1.696535021668802,1.7015009832464756,1.7009110848955606,1.7011031816606565
2022-02-23 20:00:00,1.7011031816606565,1.705939251232975,1.7051330771714734,1.7057769775708902
2022-02-24 00:00:00,1.7057769775708902,1.7044943631884784,1.7038231648599969,1.7041674184514206
2022-02-24 04:00:00,1.7041674184514206,1.7033858639575474,1.702979692224788,1.7030913645909658
2022-02-24 08:00:00,1.7030913645909658,1.7055620064052839,1.705129520548585,1.7054039284617302
2022-02-24 12:00:00,1.7054039284617302,1.7068367811207128,1.7055560155662777,1.7062038661576375
2022-02-24 16:00:00,1.7062038661576375,1.6918361365589674,1.6906509610784715,1.690964658270895
2022-02-24 20:00:00,1.690964658270895,1.688489426173283,1.6871596530771733,1.6880611483705417
2022-02-25 00:00:00,1.6880611483705417,1.6824587384530467,1.6810680009328487,1.6816993856025464
2022-02-25 04:00:00,1.6816993856025464,1.682615333228917,1.6821188729533423,1.6824581196575916
2022-02-25 08:00:00,1.6824581196575916,1.7036613689353464,1.7034190269176284,1.7035237248924546
2022-02-25 12:00:00,1.7035237248924546,1.7084562841537638,1.7079000625557144,1.708118100990274
2022-02-25 16:00:00,1.708118100990274,1.7067311306313537,1.705227738333857,1.7060377999872791
2022-02-25 20:00:00,1.7060377999872791,1.7140887232578663,1.7120549433605141,1.7128932879150867
2022-02-26 00:00:00,1.7128932879150867,1.7178803085673318,1.7162385218986345,1.7171554463167091
2022-02-26 04:00:00,1.7171554463167091,1.7209220089938544,1.7206706247125136,1.7206990691289699
2022-02-26 08:00:00,1.7206990691289699,1.7256943147065626,1.7251650226146333,1.7255480716231844
2022-02-26 12:00:00,1.7255480716231844,1.742106299620372,1.7404666466890548,1.7414025087919789
2022-02-26 16:00:00,1.7414025087919789,1.7338888118325249,1.7331472048124557,1.7335797093974785
2022-02-26 20:00:00,1.7335797093974785,1.737407038730051,1.7365731151161652,1.7367943249499678
2022-02-27 00:00:00,1.7367943249499678,1.7306939370443335,1.7296846585693386,1.7296957539885076
2022-02-27 04:00:00,1.7296957539885076,1.7338926839451023,1.7329359930680233,1.7335597963500267
2022-02-27 08:00:00,1.7335597963500267,1.7276112173508942,1.7260238220079671,1.7266558969642773
2022-02-27 12:00:00,1.7266558969642773,1.7236950304958438,1.7226632705109894,1.7228223656526687
2022-02-27 16:00:00,1.7228223656526687,1.7207219340685396,1.7191953698798854,1.720233434048824
2022-02-27 20:00:00,1.720233434048824,1.7278588958008287,1.7272475783941865,1.7274176833936843
2022-02-28 00:00:00,1.7274176833936843,1.736221577123248,1.734406069411506,1.7350433967515868
2022-02-28 04:00:00,1.7350433967515868,1.7262216291473942,1.7249637137180174,1.725992361121124
2022-02-28 08:00:00,1.725992361121124,1.7261494105497956,1.7248309722990358,1.7257033992784798
2022-02-28 12:00:00,1.7257033992784798,1.720523012939182,1.720077685260163,1.7203022748562695
2022-02-28 16:00:00,1.7203022748562695,1.7113363790593452,1.7094733512214622,1.7104045210036198
2022-02-28 20:00:00,1.7104045210036198,1.7084118016069783,1.7079180393174236,1.7079446111891878
2022-03-01 00:00:00,1.7079446111891878,1.7054369971370713,1.7052865510674127,1.7054307490946916
2022-03-01 04:00:00,1.7054307490946916,1.7231802239679241,1.7223230106833327,1.723138327325885
2022-03-01 08:00:00,1.723138327325885,1.7293745873508017,1.7269755514917629,1.728043105354632
2022-03-01 12:00:00,1.728043105354632,1.7175363362430867,1.7171231423187794,1.717480499462931
2022-03-01 16:00:00,1.717480499462931,1.7128548443513334,1.7120396130345519,1.7120475499392909
2022-03-01 20:00:00,1.7120475499392909,1.7201717816756805,1.7194830520713917,1.7198724707275097
2022-03-02 00:00:00,1.7198724707275097,1.7378878031241538,1.7373351126251457,1.737671167044091
2022-03-02 04:00:00,1.737671167044091,1.7260588316027092,1.7245773178785968,1.7251417409830854
2022-03-02 08:00:00,1.7251417409830854,1.707749749901459,1.7071468631075664,1.7072428162345497
2022-03-02 12:00:00,1.7072428162345497,1.7239855330495268,1.7224851732031918,1.7236222063181383
2022-03-02 16:00:00,1.7236222063181383,1.728846460128104,1.7282458812331631,1.7288412319874695
2022-03-02 20:00:00,1.7288412319874695,1.7213552908851848,1.7203568466664567,1.7207062827221933
2022-03-03 00:00:00,1.7207062827221933,1.7254418910814873,1.7243913622540668,1.7253168028884196
2022-03-03 04:00:00,1.7253168028884196,1.7006008162535002,1.699217048099454,1.7003610968080194
2022-03-03 08:00:00,1.7003610968080194,1.699874795865408,1.6975212023604895,1.698415315746917
2022-03-03 12:00:00,1.698415315746917,1.7016165529765943,1.70090259111488,1.701552640230486
2022-03-03 16:00:00,1.701552640230486,1.7116774247326194,1.7106587560315911,1.7108815219849716
2022-03-03 20:00:00,1.7108815219849716,1.7018820320577386,1.7007096777151842,1.7016089515868122
2022-03-04 00:00:00,1.7016089515868122,1.70220129265109,1.700619715047828,1.701718277289641
2022-03-04 04:00:00,1.701718277289641,1.6935818092416524,1.6919428406503176,1.69295337434501
2022-03-04 08:00:00,1.69295337434501,1.6948236638978122,1.6945103968357418,1.6946823328341831
2022-03-04 12:00:00,1.6946823328341831,1.6881820675935855,1.6858187678913112,1.686593645219506
2022-03-04 16:00:00,1.686593645219506,1.6822132733513284,1.6820345540382557,1.6822009916282277
2022-03-04 20:00:00,1.6822009916282277,1.673720203123522,1.6724132980921669,1.6728968300381677
2022-03-05 00:00:00,1.6728968300381677,1.6784198621527229,1.6777699132816826,1.6780658031336377
2022-03-05 04:00:00,1.6780658031336377,1.6865111258391032,1.6857732595132304,1.6862104145772492
2022-03-05 08:00:00,1.6862104145772492,1.6858975203729192,1.683448654780165,1.684736900449442
2022-03-05 12:00:00,1.684736900449442,1.6854397764692683,1.6848055478417738,1.6849542029495201
2022-03-05 16:00:00,1.6849542029495201,1.6730907445003238,1.6719077944997929,1.672815494332683
2022-03-05 20:00:00,1.672815494332683,1.669538991721676,1.6691285507388225,1.669264976349348
2022-03-06 00:00:00,1.669264976349348,1.6693681826808948,1.6677651680600492,1.6685574861412318
2022-03-06 04:00:00,1.6685574861412318,1.6900594947522272,1.6896316779001745,1.6899615670528108
2022-03-06 08:00:00,1.6899615670528108,1.6819808603288053,1.6815850455658856,1.6817078693047602
2022-03-06 12:00:00,1.6817078693047602,1.6942773026424631,1.69412222105739,1.694266205712564
2022-03-06 16:00:00,1.694266205712564,1.7052737412407044,1.7044300504232028,1.7046008038878915
2022-03-06 20:00:00,1.7046008038878915,1.7096453142460626,1.7076392632013513,1.7081040637102523
2022-03-07 00:00:00,1.7081040637102523,1.7251521691099032,1.724055890456968,1.724854797455815
2022-03-07 04:00:00,1.724854797455815,1.7300009168246961,1.7298359936461245,1.7298805536674169
2022-03-07 08:00:00,1.7298805536674169,1.7345074096802198,1.7317691754841003,1.734078624029654
2022-03-07 12:00:00,1.734078624029654,1.7350294047814896,1.7337348658482399,1.7339064069668173
2022-03-07 16:00:00,1.7339064069668173,1.7456107402238878,1.7449611500782454,1.7451711389336508
2022-03-07 20:00:00,1.7451711389336508,1.7566464255031728,1.7557686384478601,1.7564595943569117
2022-03-08 00:00:00,1.7564595943569117,1.7517080823451172,1.7510968064204349,1.7513179764603493
2022-03-08 04:00:00,1.7513179764603493,1.739703611688833,1.7375919709007288,1.738407421369209
2022-03-08 08:00:00,1.738407421369209,1.7368987507175515,1.735081809758183,1.7354122445693092
2022-03-08 12:00:00,1.7354122445693092,1.7281256384973698,1.726989254008196,1.7276421745523838
2022-03-08 16:00:00,1.7276421745523838,1.7265700500636838,1.7263114999818008,1.7264254615077474
2022-03-08 20:00:00,1.7264254615077474,1.7385961143727668,1.7366566687175196,1.7375849607404914
2022-03-09 00:00:00,1.7375849607404914,1.7353584306035683,1.7337651758247334,1.734223275322082
2022-03-09 04:00:00,1.734223275322082,1.734907904040742,1.7327178815657074,1.733565527264864
2022-03-09 08:00:00,1.733565527264864,1.7341149251631685,1.7339775663567583,1.7340206943852603
2022-03-09 12:00:00,1.7340206943852603,1.7412864370013876,1.7399105478425627,1.7412195737088676
2022-03-09 16:00:00,1.7412195737088676,1.7229678933315757,1.7215930384426155,1.7228314038996067
2022-03-09 20:00:00,1.7228314038996067,1.7162359502087043,1.7158252588395653,1.715936510342692
2022-03-10 00:00:00,1.715936510342692,1.7179916822373738,1.716679338149025,1.7172717217286686
2022-03-10 04:00:00,1.7172717217286686,1.7285124540936356,1.7266560354351284,1.7277739891473287
2022-03-10 08:00:00,1.7277739891473287,1.7244967934848725,1.7239483918158436,1.7242585601410751
2022-03-10 12:00:00,1.7242585601410751,1.7080524468739806,1.7068812272914946,1.7077900062302722
2022-03-10 16:00:00,1.7077900062302722,1.7126215451315956,1.7108067247292726,1.7120996057808942
2022-03-10 20:00:00,1.7120996057808942,1.7085439944805518,1.70655239017088,1.7067785197275893
2022-03-11 00:00:00,1.7067785197275893,1.6961924109109943,1.6955643460310998,1.695908142289754
2022-03-11 04:00:00,1.695908142289754,1.6898850132975003,1.688028994731218,1.6894705756603918
2022-03-11 08:00:00,1.6894705756603918,1.6880893735573537,1.6859042724777427,1.6873214554879223
2022-03-11 12:00:00,1.6873214554879223,1.6829099541162318,1.6815665170421665,1.6819536961985837
2022-03-11 16:00:00,1.6819536961985837,1.6640480603879393,1.662261617006767,1.6628825181549858
2022-03-11 20:00:00,1.6628825181549858,1.6711423102749088,1.669296438654148,1.6694668619279112
2022-03-12 00:00:00,1.6694668619279112,1.6820453983356838,1.6805115486795144,1.6815283173405238
2022-03-12 04:00:00,1.6815283173405238,1.6888893989951568,1.687087970044805,1.6885793544326124
2022-03-12 08:00:00,1.6885793544326124,1.6789588393777226,1.6784840516171238,1.6785682544284029
2022-03-12 12:00:00,1.6785682544284029,1.6760271298828524,1.6752114436854229,1.6758805116109483
2022-03-12 16:00:00,1.6758805116109483,1.6757180097933715,1.6755772462788368,1.6756062034676338
2022-03-12 20:00:00,1.6756062034676338,1.6808467504036386,1.6801409374523364,1.6808386841632557
2022-03-13 00:00:00,1.6808386841632557,1.687740977889434,1.6860844218129685,1.6870809762744967
2022-03-13 04:00:00,1.6870809762744967,1.6822196288903084,1.680794390942423,1.6812127624063506
2022-03-13 08:00:00,1.6812127624063506,1.6819381165586815,1.6804167125551128,1.681449479522984
2022-03-13 12:00:00,1.681449479522984,1.685721653794357,1.6843786765856723,1.6852540253869221
2022-03-13 16:00:00,1.6852540253869221,1.6985408675687732,1.6970480960283618,1.6974650180595168
2022-03-13 20:00:00,1.6974650180595168,1.7049827545302076,1.7031971844050826,1.7044441385262068
2022-03-14 00:00:00,1.7044441385262068,1.7122304417347816,1.7102275767296853,1.7117560694782779
2022-03-14 04:00:00,1.7117560694782779,1.713257893660581,1.7129434094023948,1.7130634906052207
2022-03-14 08:00:00,1.7130634906052207,1.7257727803746012,1.724393323578263,1.7249513757891801
2022-03-14 12:00:00,1.7249513757891801,1.7301615209101584,1.7281648776645782,1.729454545642317
2022-03-14 16:00:00,1.729454545642317,1.7226148179525433,1.720922738763517,1.7224692972703597
2022-03-14 20:00:00,1.7224692972703597,1.7341443928905218,1.7336039597247366,1.7339089071453666
2022-03-15 00:00:00,1.7339089071453666,1.741659394508905,1.7401997698843557,1.7409902051046144
2022-03-15 04:00:00,1.7409902051046144,1.7380916797593882,1.7371268297631923,1.7376420443600693
2022-03-15 08:00:00,1.7376420443600693,1.7337110705981633,1.7321700804551559,1.7332365517492074
2022-03-15 12:00:00,1.7332365517492074,1.7363270842790015,1.7349193815628887,1.735405376696151
2022-03-15 16:00:00,1.735405376696151,1.7396175944055408,1.738587684277515,1.7394168428106804
2022-03-15 20:00:00,1.7394168428106804,1.7424062258953625,1.7412054460186868,1.7413506791447457
2022-03-16 00:00:00,1.7413506791447457,1.74478276672835,1.743612021979624,1.7439829850893684
2022-03-16 04:00:00,1.7439829850893684,1.7582613506586862,1.7570601997817803,1.7574793936159265
2022-03-16 08:00:00,1.7574793936159265,1.768222677205738,1.7673607866693546,1.7673971207678913
2022-03-16 12:00:00,1.7673971207678913,1.770705145476764,1.7693584060989997,1.7698027698736134
2022-03-16 16:00:00,1.7698027698736134,1.7785722284162802,1.7775577239826656,1.777764671060014
2022-03-16 20:00:00,1.777764671060014,1.770163938046533,1.7693325532951463,1.7698033970089881
2022-03-17 00:00:00,1.7698033970089881,1.7729409838813475,1.772090442951421,1.7725041883575434
2022-03-17 04:00:00,1.7725041883575434,1.7887696162480322,1.78615113184356,1.7876133558064267
2022-03-17 08:00:00,1.7876133558064267,1.7874809198722903,1.7867692958239274,1.7869302417232689
2022-03-17 12:00:00,1.7869302417232689,1.7805957888737987,1.7783695496874459,1.7797818152499119
2022-03-17 16:00:00,1.7797818152499119,1.7738877166610083,1.7733874693011025,1.7737565589609603
2022-03-17 20:00:00,1.7737565589609603,1.7644090604720688,1.764162730844827,1.7642310884711916
2022-03-18 00:00:00,1.7642310884711916,1.7582568436082964,1.7555753588828693,1.7568722114504727
2022-03-18 04:00:00,1.7568722114504727,1.7547106135557111,1.7524443928722182,1.7531657846287743
2022-03-18 08:00:00,1.7531657846287743,1.741449303118043,1.7406536815980531,1.741295674910915
2022-03-18 12:00:00,1.741295674910915,1.7406537427954485,1.7387982068697683,1.7404818485867757
2022-03-18 16:00:00,1.7404818485867757,1.748595342480908,1.7477869053217165,1.7478086902642733
2022-03-18 20:00:00,1.7478086902642733,1.7416752850739763,1.7400492522804314,1.7409171550600167
2022-03-19 00:00:00,1.7409171550600167,1.7533226394235562,1.7521190916390086,1.7529289507724009
2022-03-19 04:00:00,1.7529289507724009,1.7586764924739373,1.756593972534529,1.758280630021734
2022-03-19 08:00:00,1.758280630021734,1.7676173052586162,1.7665241489445669,1.767519921231333
2022-03-19 12:00:00,1.767519921231333,1.7630992259961287,1.7602576194119262,1.7625491684381724
2022-03-19 16:00:00,1.7625491684381724,1.7703216553235355,1.7679956305226567,1.7694905593727073
2022-03-19 20:00:00,1.7694905593727073,1.760916470288019,1.7605147090051125,1.760665797314185
2022-03-20 00:00:00,1.760665797314185,1.768857710831246,1.767038739923295,1.7676925344546703
2022-03-20 04:00:00,1.7676925344546703,1.769801772847167,1.7694329943505065,1.7697534075182593
2022-03-20 08:00:00,1.7697534075182593,1.7747029682320705,1.7744789080044916,1.7746133058844364
2022-03-20 12:00:00,1.7746133058844364,1.766775813119716,1.7647092629576875,1.7651476786144242
2022-03-20 16:00:00,1.7651476786144242,1.7577857373136991,1.7559524271863647,1.7568023902490035
2022-03-20 20:00:00,1.7568023902490035,1.7618050351907042,1.7610397031732334,1.7612439519241534
2022-03-21 00:00:00,1.7612439519241534,1.7547732141530215,1.7529888670048386,1.7536060236076327
2022-03-21 04:00:00,1.7536060236076327,1.757145636090738,1.7563356036315263,1.7569173366815285
2022-03-21 08:00:00,1.7569173366815285,1.7464649510107446,1.7453043256481926,1.7458646314160062
2022-03-21 12:00:00,1.7458646314160062,1.7528731989161603,1.752114323905902,1.7521849270117424
2022-03-21 16:00:00,1.7521849270117424,1.742737992023227,1.7407418599264932,1.7422594056330951
2022-03-21 20:00:00,1.7422594056330951,1.7464901515109343,1.745915443176305,1.746221256895377
2022-03-22 00:00:00,1.746221256895377,1.7524082387717832,1.7512180856022916,1.7518486515919849
2022-03-22 04:00:00,1.7518486515919849,1.7472069322687152,1.7461318142101214,1.746423880151355
2022-03-22 08:00:00,1.746423880151355,1.7519588091295526,1.7503868409104606,1.7508595294618892
2022-03-22 12:00:00,1.7508595294618892,1.7534172279585154,1.753022394943402,1.753369924451604
2022-03-22 16:00:00,1.753369924451604,1.7500576733137045,1.7486396695716135,1.7492225162905617
2022-03-22 20:00:00,1.7492225162905617,1.7411298928382275,1.740612815238061,1.740891526597638
2022-03-23 00:00:00,1.740891526597638,1.725184707479766,1.7232580734347238,1.724562422368762
2022-03-23 04:00:00,1.724562422368762,1.7263597482591877,1.7259364273945552,1.7262164800262785
2022-03-23 08:00:00,1.7262164800262785,1.7138675816348823,1.7130145502335303,1.7135621029262074
2022-03-23 12:00:00,1.7135621029262074,1.713649407352457,1.7125568416246149,1.7133591589145256
2022-03-23 16:00:00,1.7133591589145256,1.712302807646736,1.7104849972760385,1.7112044163268687
2022-03-23 20:00:00,1.7112044163268687,1.71717698690087,1.7159294589084462,1.7164052074559244
2022-03-24 00:00:00,1.7164052074559244,1.7145150403701641,1.7140493268506847,1.7144447197181452
2022-03-24 04:00:00,1.7144447197181452,1.7129232874677638,1.7111254582799336,1.7117679953366713
2022-03-24 08:00:00,1.7117679953366713,1.7176078595274784,1.716198730214862,1.717036971449369
2022-03-24 12:00:00,1.717036971449369,1.7205668782867283,1.719453180361389,1.7199672591960993
2022-03-24 16:00:00,1.7199672591960993,1.7227526497195647,1.7221165691792844,1.72252722564566
2022-03-24 20:00:00,1.72252722564566,1.7268916276538142,1.7257957210021095,1.7261175440183671
2022-03-25 00:00:00,1.7261175440183671,1.7164422040939822,1.715079555706545,1.7154951554286033
2022-03-25 04:00:00,1.7154951554286033,1.7216136684202707,1.719383982454339,1.7202118948303835
2022-03-25 08:00:00,1.7202118948303835,1.7251799293875523,1.7246992319854793,1.7250784417618283
2022-03-25 12:00:00,1.7250784417618283,1.718410338470108,1.7178682975919268,1.7180594864100696
2022-03-25 16:00:00,1.7180594864100696,1.715846602064829,1.7156013806175001,1.71570815220297
2022-03-25 20:00:00,1.71570815220297,1.7156022616899629,1.7145037382551809,1.7152383778550018
2022-03-26 00:00:00,1.7152383778550018,1.7143524000116164,1.7136079598347216,1.7142704175957566
2022-03-26 04:00:00,1.7142704175957566,1.7164562786815043,1.7160478740622713,1.7164325478070013
2022-03-26 08:00:00,1.7164325478070013,1.726662930787762,1.7246662448108832,1.7260376097308605
2022-03-26 12:00:00,1.7260376097308605,1.7358594707840753,1.7340398828200068,1.734232327883825
2022-03-26 16:00:00,1.734232327883825,1.7266506646540936,1.7251506690858294,1.7256842323127646
2022-03-26 20:00:00,1.7256842323127646,1.729531578984921,1.7287008241391977,1.729459763179045
2022-03-27 00:00:00,1.729459763179045,1.7400350870907038,1.7382083140264302,1.7392138577969047
2022-03-27 04:00:00,1.7392138577969047,1.7439534902878764,1.7425951166608724,1.7428436301064947
2022-03-27 08:00:00,1.7428436301064947,1.7514934780232336,1.7508282332750762,1.7510818071170626
2022-03-27 12:00:00,1.7510818071170626,1.7677968236012993,1.766738495202073,1.7667768980726029
2022-03-27 16:00:00,1.7667768980726029,1.7767114317212573,1.7757159135347387,1.7762579978169342
2022-03-27 20:00:00,1.7762579978169342,1.7803087228279613,1.7779868739588653,1.7790674239953403
2022-03-28 00:00:00,1.7790674239953403,1.7881912442469559,1.7865354522982815,1.78771671424649
2022-03-28 04:00:00,1.78771671424649,1.7897458427933968,1.7892233209501787,1.7895992403431538
2022-03-28 08:00:00,1.7895992403431538,1.7902336539696928,1.7889671927725344,1.7899407187707361
2022-03-28 12:00:00,1.7899407187707361,1.7882792318828586,1.7866427517414891,1.7872677522463647
2022-03-28 16:00:00,1.7872677522463647,1.7994730054407733,1.7988356322871042,1.7988439862009309
2022-03-28 20:00:00,1.7988439862009309,1.793430279032553,1.7924288398602546,1.7933500466288217
2022-03-29 00:00:00,1.7933500466288217,1.8052375702186352,1.8045038788168375,1.804910744093519
2022-03-29 04:00:00,1.804910744093519,1.8107569410898459,1.8087606604247313,1.8099114479741023
2022-03-29 08:00:00,1.8099114479741023,1.7992612543464725,1.7980279773767318,1.7990249522323178
2022-03-29 12:00:00,1.7990249522323178,1.8019971199113314,1.800752620293016,1.801199029446139
2022-03-29 16:00:00,1.801199029446139,1.7849156851840546,1.782499523749763,1.7845112420226301
2022-03-29 20:00:00,1.7845112420226301,1.7889720393142867,1.7883589375426299,1.7885110967226154
2022-03-30 00:00:00,1.7885110967226154,1.796384118777763,1.796072156511019,1.7962788743590343
2022-03-30 04:00:00,1.7962788743590343,1.792254243557182,1.7917001254327778,1.791879150367117
2022-03-30 08:00:00,1.791879150367117,1.7931337838924972,1.7921807662476512,1.7925597414856511
2022-03-30 12:00:00,1.7925597414856511,1.8086626992801687,1.8078049766717816,1.808438807404574
2022-03-30 16:00:00,1.808438807404574,1.8054991337258366,1.804645339915474,1.8053604789813487
2022-03-30 20:00:00,1.8053604789813487,1.7964271911481244,1.7959075604090118,1.7962277984680286
2022-03-31 00:00:00,1.7962277984680286,1.8083614761521707,1.8068274887191438,1.808129899658574
2022-03-31 04:00:00,1.808129899658574,1.8265776670677811,1.826227323274366,1.8264766006055249
2022-03-31 08:00:00,1.8264766006055249,1.828263357610794,1.8263026486983647,1.827987387523985
2022-03-31 12:00:00,1.827987387523985,1.8397312132857093,1.8371353287290386,1.8374103646118936
2022-03-31 16:00:00,1.8374103646118936,1.851392294639534,1.8504487179749305,1.8507210105362928
2022-03-31 20:00:00,1.8507210105362928,1.8449161435942187,1.8443460602609132,1.84461130499231
2022-04-01 00:00:00,1.84461130499231,1.8396603649717702,1.839183136745695,1.83948877120625
2022-04-01 04:00:00,1.83948877120625,1.8510285551479415,1.8489303627932567,1.850694527862384
2022-04-01 08:00:00,1.850694527862384,1.8680270255095448,1.8677503292098445,1.8679292950052142
2022-04-01 12:00:00,1.8679292950052142,1.875294422062333,1.8750463709117067,1.87507479166918
2022-04-01 16:00:00,1.87507479166918,1.8681070215368265,1.8657460672270574,1.866702935716615
2022-04-01 20:00:00,1.866702935716615,1.887481963536109,1.8862618589503741,1.8862978290614265
2022-04-02 00:00:00,1.8862978290614265,1.882613020011712,1.8808939592068739,1.882133540929372
2022-04-02 04:00:00,1.882133540929372,1.8784221041147022,1.8779433500724905,1.8782664788904793
2022-04-02 08:00:00,1.8782664788904793,1.8816650479830632,1.8808800188523307,1.8814849724507925
2022-04-02 12:00:00,1.8814849724507925,1.8985562027461096,1.8965108392048122,1.8974343475524107
2022-04-02 16:00:00,1.8974343475524107,1.9088648228551939,1.9070970742806552,1.9077336155823206
2022-04-02 20:00:00,1.9077336155823206,1.9135673127752082,1.9125772629261304,1.9129923855103126
2022-04-03 00:00:00,1.9129923855103126,1.919461429428324,1.917329165477211,1.9182950356521322
2022-04-03 04:00:00,1.9182950356521322,1.9192725308109406,1.9188011443756121,1.9191718746028874
2022-04-03 08:00:00,1.9191718746028874,1.925517929196497,1.9243500416325792,1.924836658220445
2022-04-03 12:00:00,1.924836658220445,1.901922858401768,1.9000040291719649,1.900363612381369
2022-04-03 16:00:00,1.900363612381369,1.8958036043720694,1.8952008063243289,1.8952776235767144
2022-04-03 20:00:00,1.8952776235767144,1.8974582343564157,1.8968539217311318,1.897382859427527
2022-04-04 00:00:00,1.897382859427527,1.886173326939695,1.8841431185234823,1.885967811593228
2022-04-04 04:00:00,1.885967811593228,1.8904751291677113,1.8889143017894598,1.8889982400695027
2022-04-04 08:00:00,1.8889982400695027,1.8874422350533024,1.8864191254093496,1.887207921730531
2022-04-04 12:00:00,1.887207921730531,1.904705343514028,1.9031486318978514,1.90403431445885
2022-04-04 16:00:00,1.90403431445885,1.9218704322825986,1.9213418439877363,1.9214549449032874
2022-04-04 20:00:00,1.9214549449032874,1.918341696803155,1.9178430274639582,1.9178667691879818
2022-04-05 00:00:00,1.9178667691879818,1.916294496771602,1.914853214560181,1.9160067056816223
2022-04-05 04:00:00,1.9160067056816223,1.9156143859030894,1.9143328481552917,1.9151117860832927
2022-04-05 08:00:00,1.9151117860832927,1.911623100734714,1.9101736152859266,1.9106530578424352
2022-04-05 12:00:00,1.9106530578424352,1.9125373812832314,1.9117310131806386,1.9121570018978025
2022-04-05 16:00:00,1.9121570018978025,1.9055099421163944,1.9046662016172875,1.9052858179812602
2022-04-05 20:00:00,1.9052858179812602,1.8945115226673273,1.8938015254401057,1.894387754979712
2022-04-06 00:00:00,1.894387754979712,1.9004330930609847,1.8991527092072493,1.8993225842047072
2022-04-06 04:00:00,1.8993225842047072,1.90626641553442,1.9049966410250143,1.9055259949346817
2022-04-06 08:00:00,1.9055259949346817,1.8996323125232875,1.8983183325595239,1.8986486161282243
2022-04-06 12:00:00,1.8986486161282243,1.9071962868106584,1.9046430270704615,1.9062907581599997
2022-04-06 16:00:00,1.9062907581599997,1.9015476485349085,1.900736670804875,1.9011074206345047
2022-04-06 20:00:00,1.9011074206345047,1.9030366008236235,1.9016199474792261,1.90298762732485
2022-04-07 00:00:00,1.90298762732485,1.9107222208008712,1.91003856840092,1.910374401391151
2022-04-07 04:00:00,1.910374401391151,1.9114448663308878,1.9105411800149887,1.9106686549856566
2022-04-07 08:00:00,1.9106686549856566,1.9147186561055687,1.913054747967408,1.914575094079929
2022-04-07 12:00:00,1.914575094079929,1.9105884373482185,1.9087631674673307,1.9105483483986654
2022-04-07 16:00:00,1.9105483483986654,1.9091980081399929,1.9079802129510244,1.9086026549343373
2022-04-07 20:00:00,1.9086026549343373,1.907078585217541,1.9064865016174217,1.9067924832127636
2022-04-08 00:00:00,1.9067924832127636,1.902012837920901,1.900167620299844,1.9008202488615769
2022-04-08 04:00:00,1.9008202488615769,1.8995643772755126,1.8983006504954618,1.8989657870854673
2022-04-08 08:00:00,1.8989657870854673,1.8876001204161916,1.8864505449908402,1.887104242964823
2022-04-08 12:00:00,1.887104242964823,1.8833889553558145,1.8815580050343208,1.8823093885502862
2022-04-08 16:00:00,1.8823093885502862,1.880749869724132,1.8794110542986633,1.8797143009130248
2022-04-08 20:00:00,1.8797143009130248,1.8778199931288588,1.8766521684025532,1.8775621398778712
2022-04-09 00:00:00,1.8775621398778712,1.8764586881436924,1.8748270270823506,1.875601757666206
2022-04-09 04:00:00,1.875601757666206,1.8758669003357153,1.874906483754537,1.8749989674029042
2022-04-09 08:00:00,1.8749989674029042,1.8784308153435616,1.8779336942410574,1.8783019671341359
2022-04-09 12:00:00,1.8783019671341359,1.8851698173776583,1.883819903533047,1.8846159882219673
2022-04-09 16:00:00,1.8846159882219673,1.881301740334406,1.880189400489112,1.8805826538041557
2022-04-09 20:00:00,1.8805826538041557,1.8728350499434945,1.8719170480094023,1.871948832599134
2022-04-10 00:00:00,1.871948832599134,1.864775793544966,1.8635296038430786,1.8639074636617878
2022-04-10 04:00:00,1.8639074636617878,1.8606655982202613,1.8593643750798357,1.8597699972268218
2022-04-10 08:00:00,1.8597699972268218,1.857106880226191,1.856280758052526,1.8569395650081677
2022-04-10 12:00:00,1.8569395650081677,1.851814818766499,1.8511924061202252,1.8513487523571064
2022-04-10 16:00:00,1.8513487523571064,1.8420989152982155,1.841570430235368,1.8418785757219172
2022-04-10 20:00:00,1.8418785757219172,1.8383598438872537,1.8376033859854122,1.8378604649849122
2022-04-11 00:00:00,1.8378604649849122,1.8393467774307584,1.8388055680559667,1.8388244508083318
2022-04-11 04:00:00,1.8388244508083318,1.844553953444378,1.8428110064731047,1.8429950055478355
2022-04-11 08:00:00,1.8429950055478355,1.8398294631555925,1.8394092638382913,1.8395175537701451
2022-04-11 12:00:00,1.8395175537701451,1.8364989077875837,1.8364383521873529,1.8364524586552116
2022-04-11 16:00:00,1.8364524586552116,1.8302567807138603,1.8289441966897628,1.830054859810205
2022-04-11 20:00:00,1.830054859810205,1.8301809950548373,1.8288448804125448,1.8293332064854955
2022-04-12 00:00:00,1.8293332064854955,1.8250960649863506,1.823639410444863,1.8237715334195947
2022-04-12 04:00:00,1.8237715334195947,1.8274441540292257,1.8263362495295394,1.8270684438565052
2022-04-12 08:00:00,1.8270684438565052,1.81647557410168,1.8158234637135664,1.8158235802948202
2022-04-12 12:00:00,1.8158235802948202,1.813411549234057,1.811240466880973,1.812500805685642
2022-04-12 16:00:00,1.812500805685642,1.815103761076242,1.813981718119623,1.814241841349428
2022-04-12 20:00:00,1.814241841349428,1.8161713821758638,1.8154336475245627,1.8155788429399564
2022-04-13 00:00:00,1.8155788429399564,1.8337108831811717,1.8323203913816601,1.832865047982684
2022-04-13 04:00:00,1.832865047982684,1.8370891083968204,1.8352032274255046,1.8367242360632998
2022-04-13 08:00:00,1.8367242360632998,1.830486627508042,1.8299915850152544,1.8300217287795733
2022-04-13 12:00:00,1.8300217287795733,1.8291068609416485,1.8284383600143834,1.8288141266108364
2022-04-13 16:00:00,1.8288141266108364,1.8180680927334163,1.8161239253264465,1.816604590097925
2022-04-13 20:00:00,1.816604590097925,1.8156843451171558,1.8150007862722348,1.8150549678482182
2022-04-14 00:00:00,1.8150549678482182,1.8091634531725793,1.8086882094521384,1.8091419686779768
2022-04-14 04:00:00,1.8091419686779768,1.8154196426997724,1.8145362202617412,1.8150659094455583
2022-04-14 08:00:00,1.8150659094455583,1.8122326237101132,1.8113806087284605,1.8116765785991478
2022-04-14 12:00:00,1.8116765785991478,1.8107009798909086,1.8100817953462052,1.810596505921544
2022-04-14 16:00:00,1.810596505921544,1.8064791935267304,1.8057462919711595,1.806240203522713
2022-04-14 20:00:00,1.806240203522713,1.8176094636468407,1.817013440780776,1.817547764837178
2022-04-15 00:00:00,1.817547764837178,1.8166901739795926,1.8155361441824578,1.8161920873866269
2022-04-15 04:00:00,1.8161920873866269,1.8289039957260684,1.8273819569862935,1.8286751438699673
2022-04-15 08:00:00,1.8286751438699673,1.8356556263735744,1.834901942386256,1.835607358960557
2022-04-15 12:00:00,1.835607358960557,1.8399177005446667,1.8383503456419743,1.8397202111431414
2022-04-15 16:00:00,1.8397202111431414,1.8428091674368172,1.8421855370756144,1.8427492475518854
2022-04-15 20:00:00,1.8427492475518854,1.8461890732702568,1.84565226540417,1.8458312836995079
2022-04-16 00:00:00,1.8458312836995079,1.8326329459000237,1.8321995888999474,1.8324368931917685
2022-04-16 04:00:00,1.8324368931917685,1.8295710528077056,1.8282017767532168,1.8292923956592475
2022-04-16 08:00:00,1.8292923956592475,1.8362231412234917,1.8343869587274102,1.8352374558423998
2022-04-16 12:00:00,1.8352374558423998,1.835548311280944,1.8347478119944898,1.8353536434522542
2022-04-16 16:00:00,1.8353536434522542,1.8258925261946026,1.8250667797033644,1.82541864859373
2022-04-16 20:00:00,1.82541864859373,1.8248890451674165,1.8232542776425027,1.8242442793176101
2022-04-17 00:00:00,1.8242442793176101,1.8372450540333665,1.835909380475144,1.8362415859524517
2022-04-17 04:00:00,1.8362415859524517,1.8473294546720411,1.8461993821174898,1.8465307094651766
2022-04-17 08:00:00,1.8465307094651766,1.847124890476587,1.8457260463971998,1.846876783070239
2022-04-17 12:00:00,1.846876783070239,1.8543952370959544,1.853195604943695,1.8540122747916592
2022-04-17 16:00:00,1.8540122747916592,1.852736682287271,1.8511911144874407,1.8518144407532062
2022-04-17 20:00:00,1.8518144407532062,1.8393952402251252,1.8386478151360073,1.8391136222874722
2022-04-18 00:00:00,1.8391136222874722,1.8314587186105704,1.8305283054973092,1.831014819219177
2022-04-18 04:00:00,1.831014819219177,1.8428970700978136,1.8421668125317017,1.8425383821759713
2022-04-18 08:00:00,1.8425383821759713,1.8419413871299817,1.840895403548628,1.841246428715699
2022-04-18 12:00:00,1.841246428715699,1.8397561486308263,1.8382185670486924,1.8392363764113504
2022-04-18 16:00:00,1.8392363764113504,1.836803241112468,1.8366996698663898,1.836789191747157
2022-04-18 20:00:00,1.836789191747157,1.8512446964326625,1.8506441216769949,1.8508405010539675
2022-04-19 00:00:00,1.8508405010539675,1.8659281748696037,1.8645959198983317,1.8649213786601255
2022-04-19 04:00:00,1.8649213786601255,1.8858520780931098,1.8845441190638224,1.8847813828399875
2022-04-19 08:00:00,1.8847813828399875,1.8853695281579423,1.884315470360306,1.884923092492329
2022-04-19 12:00:00,1.884923092492329,1.8880701136815525,1.8875134699603515,1.8875365681713387
2022-04-19 16:00:00,1.8875365681713387,1.875296406724445,1.8745883493540163,1.874756777110454
2022-04-19 20:00:00,1.874756777110454,1.8868836324142266,1.8857865176112616,1.8868306323828599
2022-04-20 00:00:00,1.8868306323828599,1.8773541578470605,1.876783277890802,1.8771385801157425
2022-04-20 04:00:00,1.8771385801157425,1.8786925249482926,1.8782146418456633,1.8783655304150213
2022-04-20 08:00:00,1.8783655304150213,1.8692489962626189,1.8679785995501488,1.8686947427100826
2022-04-20 12:00:00,1.8686947427100826,1.8628826197245352,1.862126555389508,1.8626265037229082
2022-04-20 16:00:00,1.8626265037229082,1.8547730391089843,1.854438001013748,1.8546829304039922
2022-04-20 20:00:00,1.8546829304039922,1.8489964149809595,1.847677833177547,1.848627095377765
2022-04-21 00:00:00,1.848627095377765,1.8438699589276055,1.843342042593254,1.8433766085173207
2022-04-21 04:00:00,1.8433766085173207,1.8395451214407483,1.8368354127518278,1.8381708560107457
2022-04-21 08:00:00,1.8381708560107457,1.84551958492032,1.843708260097193,1.8449629240849736
2022-04-21 12:00:00,1.8449629240849736,1.8371779337575092,1.8354148249096538,1.835955095648452
2022-04-21 16:00:00,1.835955095648452,1.8386336651842359,1.8367436409171236,1.837162656270938
2022-04-21 20:00:00,1.837162656270938,1.8476968607469977,1.8472628733013974,1.8475856596348146
2022-04-22 00:00:00,1.8475856596348146,1.844453804032349,1.8438804068203782,1.8439646632043167
2022-04-22 04:00:00,1.8439646632043167,1.8377265208391014,1.8374511051633196,1.8375737372399934
2022-04-22 08:00:00,1.8375737372399934,1.835209445329392,1.8350413791868208,1.8351121126917718
2022-04-22 12:00:00,1.8351121126917718,1.8458580758860135,1.8440365652084978,1.8446751102007322
2022-04-22 16:00:00,1.8446751102007322,1.8484251632997173,1.8470726088649625,1.8470842659533302
2022-04-22 20:00:00,1.8470842659533302,1.8431161452379947,1.842467130617609,1.8428979953278408
2022-04-23 00:00:00,1.8428979953278408,1.8465977300809824,1.846222754144463,1.846497702468119
2022-04-23 04:00:00,1.846497702468119,1.8382951104314922,1.8377441076419676,1.837982052096109
2022-04-23 08:00:00,1.837982052096109,1.844039838053193,1.8426512104317068,1.8428183122353188
2022-04-23 12:00:00,1.8428183122353188,1.8468412579571087,1.845811974907449,1.8464930896734173
2022-04-23 16:00:00,1.8464930896734173,1.8452872520743513,1.8442531696220885,1.8443489214524318
2022-04-23 20:00:00,1.8443489214524318,1.8379196381660972,1.8369627877555423,1.8377152971330073
2022-04-24 00:00:00,1.8377152971330073,1.8309660131384613,1.8292196227307056,1.8303455451143826
2022-04-24 04:00:00,1.8303455451143826,1.8339510686923712,1.8332912271920627,1.8339183866781283
2022-04-24 08:00:00,1.8339183866781283,1.8446644652696276,1.8432628562867153,1.8436570069505849
2022-04-24 12:00:00,1.8436570069505849,1.840182950147444,1.839164072389707,1.8394045430500825
2022-04-24 16:00:00,1.8394045430500825,1.8427022643484439,1.8420041219267638,1.8426419404270875
2022-04-24 20:00:00,1.8426419404270875,1.828242586507277,1.826885149422559,1.8269504524792841
2022-04-25 00:00:00,1.8269504524792841,1.821192891134656,1.820256732681366,1.820973883071585
2022-04-25 04:00:00,1.820973883071585,1.8205836538369702,1.8197991951544603,1.8202463246884797
2022-04-25 08:00:00,1.8202463246884797,1.8133643816869633,1.81286186520455,1.813122839187712
2022-04-25 12:00:00,1.813122839187712,1.8054560966129447,1.8046099751712827,1.80525687155416
2022-04-25 16:00:00,1.80525687155416,1.8002642313317745,1.7993171209171055,1.7993829639428245
2022-04-25 20:00:00,1.7993829639428245,1.801612416938745,1.801127768360147,1.801204234528759
2022-04-26 00:00:00,1.801204234528759,1.8003875566505372,1.799577831114783,1.7999206794013094
2022-04-26 04:00:00,1.7999206794013094,1.784870620789689,1.7832139305493637,1.7833323572626958
2022-04-26 08:00:00,1.7833323572626958,1.7656537035926951,1.764687879076921,1.7653915377444924
2022-04-26 12:00:00,1.7653915377444924,1.7595734426044338,1.7582577348834776,1.7588831515228984
2022-04-26 16:00:00,1.7588831515228984,1.7624633084178603,1.7619414721617768,1.7621905710488766
2022-04-26 20:00:00,1.7621905710488766,1.7412595481030742,1.7396325119429699,1.740049875880016
2022-04-27 00:00:00,1.740049875880016,1.7341583674354686,1.7329788810245363,1.7338608591411429
2022-04-27 04:00:00,1.7338608591411429,1.7289742729250062,1.7286363219158447,1.7287400230077044
2022-04-27 08:00:00,1.7287400230077044,1.74051481782385,1.7396489086448832,1.7404254307809415
2022-04-27 12:00:00,1.7404254307809415,1.737955974642028,1.73700400671528,1.7379085045695404
2022-04-27 16:00:00,1.7379085045695404,1.7412368690465683,1.7406844663047423,1.7410534151987407
2022-04-27 20:00:00,1.7410534151987407,1.74272462014811,1.7420327671763898,1.7425139366967737
2022-04-28 00:00:00,1.7425139366967737,1.725419009488382,1.7238132856408872,1.725052699955885
2022-04-28 04:00:00,1.725052699955885,1.7310430850673206,1.7299999236533659,1.730395341866999
2022-04-28 08:00:00,1.730395341866999,1.7334435720519539,1.7315740974460188,1.7326978924641356
2022-04-28 12:00:00,1.7326978924641356,1.7379752970073885,1.736673475276769,1.7371948135605892
2022-04-28 16:00:00,1.7371948135605892,1.7722368747608346,1.770371249586385,1.7707879066271692
2022-04-28 20:00:00,1.7707879066271692,1.75332692247625,1.7524488573643302,1.7529550555679827
2022-04-29 00:00:00,1.7529550555679827,1.7695689489989583,1.768892209275775,1.7693534472682746
2022-04-29 04:00:00,1.7693534472682746,1.7683224684907586,1.7674799235743694,1.7675747739890248
2022-04-29 08:00:00,1.7675747739890248,1.7708657195468251,1.7698063423903887,1.770424287407432
2022-04-29 12:00:00,1.770424287407432,1.7702739006060002,1.7698030522678407,1.7701913591699128
2022-04-29 16:00:00,1.7701913591699128,1.7662038388563674,1.7658644853597851,1.7660525454149136
2022-04-29 20:00:00,1.7660525454149136,1.760999359739135,1.7599584754661781,1.7603116972728114
2022-04-30 00:00:00,1.7603116972728114,1.7630590674339959,1.76277383411829,1.7629460492943922
2022-04-30 04:00:00,1.7629460492943922,1.7496323567491585,1.7483108803533145,1.7493357858789023
2022-04-30 08:00:00,1.7493357858789023,1.7558435827714054,1.7545105561040386,1.7553060300191712
2022-04-30 12:00:00,1.7553060300191712,1.752417607050927,1.7515457388497322,1.7519031737630948
2022-04-30 16:00:00,1.7519031737630948,1.7424421974229791,1.7408188124391486,1.7413711094419642
2022-04-30 20:00:00,1.7413711094419642,1.7367849578582846,1.7354964144683935,1.7363926885078855
2022-05-01 00:00:00,1.7363926885078855,1.7479003033135936,1.7468450708880123,1.7474218688981022
2022-05-01 04:00:00,1.7474218688981022,1.7439444711826668,1.7430811470290124,1.7433310671236317
2022-05-01 08:00:00,1.7433310671236317,1.7468450123648058,1.74494844722931,1.7462720057139394
2022-05-01 12:00:00,1.7462720057139394,1.740166157976555,1.7378251830504488,1.740010931127225
2022-05-01 16:00:00,1.740010931127225,1.7464092498302937,1.7461077687117117,1.74621225179583
2022-05-01 20:00:00,1.74621225179583,1.7528704560628985,1.752035030963712,1.7527632886156448
2022-05-02 00:00:00,1.7527632886156448,1.7699812980506784,1.7687979354691057,1.769674392297373
2022-05-02 04:00:00,1.769674392297373,1.770631601732505,1.7686786492107127,1.7693838466448395
2022-05-02 08:00:00,1.7693838466448395,1.7757691544866887,1.77408939947929,1.7754085926008663
2022-05-02 12:00:00,1.7754085926008663,1.7779933184545778,1.7767314812469954,1.7767743233618218
2022-05-02 16:00:00,1.7767743233618218,1.7888003794991274,1.7874865425013156,1.7882096097039049
2022-05-02 20:00:00,1.7882096097039049,1.7838722078311784,1.782572917424479,1.7826718888013722
2022-05-03 00:00:00,1.7826718888013722,1.7891384254306009,1.7872640392787533,1.7888573827962118
2022-05-03 04:00:00,1.7888573827962118,1.788405033094802,1.7876001465115123,1.7876272374309854
2022-05-03 08:00:00,1.7876272374309854,1.7870675597153503,1.7863921820788056,1.786979002494682
2022-05-03 12:00:00,1.786979002494682,1.7884848627669736,1.7876594663267538,1.787685035689057
2022-05-03 16:00:00,1.787685035689057,1.7902141661720077,1.789550528953913,1.7897539449094768
2022-05-03 20:00:00,1.7897539449094768,1.7899828412489682,1.7886383181814929,1.7890158492700106
2022-05-04 00:00:00,1.7890158492700106,1.7907851570287368,1.7901375768089058,1.7905701963644305
2022-05-04 04:00:00,1.7905701963644305,1.802991002783545,1.801070331640925,1.8022669688275954
2022-05-04 08:00:00,1.8022669688275954,1.8108718110287207,1.8107156148542065,1.810779950389898
2022-05-04 12:00:00,1.810779950389898,1.8185535089290894,1.81651533510118,1.8182870631961898
2022-05-04 16:00:00,1.8182870631961898,1.8154026509682812,1.814304934013278,1.815274302286822
2022-05-04 20:00:00,1.815274302286822,1.8081525709129125,1.8080746262115095,1.808136405772063
2022-05-05 00:00:00,1.808136405772063,1.8157481733173428,1.8136221138750643,1.8150318462946415
2022-05-05 04:00:00,1.8150318462946415,1.8229559975259224,1.8216940611468662,1.8224990043962581
2022-05-05 08:00:00,1.8224990043962581,1.8349236760343628,1.8345110740931245,1.834887884232869
2022-05-05 12:00:00,1.834887884232869,1.8315714264250804,1.8306965271079054,1.8308474880847003
2022-05-05 16:00:00,1.8308474880847003,1.8302822724359562,1.8286415858511733,1.8286431304548125
2022-05-05 20:00:00,1.8286431304548125,1.815770701445441,1.814881504980299,1.8154247322023107
2022-05-06 00:00:00,1.8154247322023107,1.8112377254835745,1.8110729037820672,1.8111266957717065
2022-05-06 04:00:00,1.8111266957717065,1.819953872176748,1.8187205173941476,1.818924212265178
2022-05-06 08:00:00,1.818924212265178,1.8170368404205077,1.815617279932086,1.8156991671932732
2022-05-06 12:00:00,1.8156991671932732,1.8207319196616985,1.8200810585114418,1.8206260688827536
2022-05-06 16:00:00,1.8206260688827536,1.8197425105302139,1.8185605586199356,1.819489676074189
2022-05-06 20:00:00,1.819489676074189,1.8226415922009997,1.821891482611616,1.8219215667441502
2022-05-07 00:00:00,1.8219215667441502,1.8135049403654044,1.8121540958421403,1.8133981727392912
2022-05-07 04:00:00,1.8133981727392912,1.813519674118091,1.8133156581701964,1.8133752840721018
2022-05-07 08:00:00,1.8133752840721018,1.791444265316909,1.7910742370321453,1.7913118321760158
2022-05-07 12:00:00,1.7913118321760158,1.78827530987191,1.787497981187727,1.7880373146108577
2022-05-07 16:00:00,1.7880373146108577,1.7752087187184413,1.7746988878055932,1.774811282779481
2022-05-07 20:00:00,1.774811282779481,1.7839273607340422,1.7824249546354576,1.783757801957141
2022-05-08 00:00:00,1.783757801957141,1.7919168910681995,1.7910466880829847,1.7910494910820975
2022-05-08 04:00:00,1.7910494910820975,1.7962820456807993,1.7951048708127126,1.7956079980644037
2022-05-08 08:00:00,1.7956079980644037,1.8092185503615132,1.8082772300801415,1.8088232084481695
2022-05-08 12:00:00,1.8088232084481695,1.8017441210848262,1.801178199602508,1.8015407339155805
2022-05-08 16:00:00,1.8015407339155805,1.817138608509953,1.816175299194238,1.8163751683784395
2022-05-08 20:00:00,1.8163751683784395,1.827068023955002,1.826177234660357,1.8262185116727072
2022-05-09 00:00:00,1.8262185116727072,1.8250406491421425,1.8244135286783854,1.8247797676427213
2022-05-09 04:00:00,1.8247797676427213,1.835735424088717,1.8345675781271984,1.8350359014312658
2022-05-09 08:00:00,1.8350359014312658,1.8258062599340699,1.8253810951603844,1.825587278932998
2022-05-09 12:00:00,1.825587278932998,1.817471616947192,1.8166798142280378,1.8171369616291753
2022-05-09 16:00:00,1.8171369616291753,1.8108773828495113,1.8106842057275458,1.8107763110792179
2022-05-09 20:00:00,1.8107763110792179,1.805558047503062,1.8051651614585091,1.8053726117190931
2022-05-10 00:00:00,1.8053726117190931,1.7954755825159079,1.7952842832975588,1.7953115107607902
2022-05-10 04:00:00,1.7953115107607902,1.8063062835262766,1.805753273990588,1.8058244422721774
2022-05-10 08:00:00,1.8058244422721774,1.8053416409639742,1.804081928956866,1.804226588223755
2022-05-10 12:00:00,1.804226588223755,1.8075805471038877,1.8073049061198636,1.807317898985617
2022-05-10 16:00:00,1.807317898985617,1.8026935151066104,1.800534423367243,1.8024796886162342
2022-05-10 20:00:00,1.8024796886162342,1.7865441988973687,1.7859402403900764,1.7861628922382677
2022-05-11 00:00:00,1.7861628922382677,1.7884095755606448,1.7868808620689998,1.7873422086653707
2022-05-11 04:00:00,1.7873422086653707,1.7708266864423041,1.770239537956221,1.7705497549910585
2022-05-11 08:00:00,1.7705497549910585,1.7696239253463044,1.7683913694593296,1.768577294205817
2022-05-11 12:00:00,1.768577294205817,1.7566289066682674,1.755256980656608,1.756165964582576
2022-05-11 16:00:00,1.756165964582576,1.7744556631983284,1.773306561358061,1.7735131144641842
2022-05-11 20:00:00,1.7735131144641842,1.7844262977395384,1.7830901838627664,1.7838430045333795
2022-05-12 00:00:00,1.7838430045333795,1.7863768914203106,1.78548569666562,1.7857244173043725
2022-05-12 04:00:00,1.7857244173043725,1.7983210198695032,1.7974097342401019,1.798100184945788
2022-05-12 08:00:00,1.798100184945788,1.7907395336410203,1.7904411079683529,1.7907028343786568
2022-05-12 12:00:00,1.7907028343786568,1.795924305658098,1.7946816552802942,1.795475017054499
2022-05-12 16:00:00,1.795475017054499,1.7979608470410653,1.7974150982903654,1.7978002879506747
2022-05-12 20:00:00,1.7978002879506747,1.8007044269395451,1.7996231252630084,1.8004831502786292
2022-05-13 00:00:00,1.8004831502786292,1.8134538915692977,1.8122300432935794,1.8124613191798753
2022-05-13 04:00:00,1.8124613191798753,1.8204730250595282,1.8193586114590647,1.8204011404079885
2022-05-13 08:00:00,1.8204011404079885,1.8244029652665121,1.8217397872283538,1.8238000736282287
2022-05-13 12:00:00,1.8238000736282287,1.8088138840282424,1.80745427702003,1.8086508511661477
2022-05-13 16:00:00,1.8086508511661477,1.7993990374745379,1.7981931809374636,1.7982002397655972
2022-05-13 20:00:00,1.7982002397655972,1.796660559447864,1.7953517678586184,1.7961731968559793
2022-05-14 00:00:00,1.7961731968559793,1.7973330795628892,1.7961467505290072,1.7968916598072
2022-05-14 04:00:00,1.7968916598072,1.7877977970327734,1.7860998100655034,1.7867082500628286
2022-05-14 08:00:00,1.7867082500628286,1.8084860010045316,1.8079347461487347,1.8081641865529505
2022-05-14 12:00:00,1.8081641865529505,1.8262965423894846,1.8241413124465535,1.825127676378237
2022-05-14 16:00:00,1.825127676378237,1.8335006597635979,1.8321771745152586,1.832846816896602
2022-05-14 20:00:00,1.832846816896602,1.8343376672599045,1.8340684403272933,1.8342242023660396
2022-05-15 00:00:00,1.8342242023660396,1.8335074203692048,1.8320021946792755,1.8321785094369119
2022-05-15 04:00:00,1.8321785094369119,1.8226872285633982,1.8224515635225564,1.8226731441816433
2022-05-15 08:00:00,1.8226731441816433,1.8227530805458212,1.8220157835082498,1.822678984960695
2022-05-15 12:00:00,1.822678984960695,1.8259722137101233,1.8242169090577096,1.8251200886969485
2022-05-15 16:00:00,1.8251200886969485,1.8150599351861327,1.81295532721574,1.8139074167404998
2022-05-15 20:00:00,1.8139074167404998,1.816636684177915,1.8154968053243805,1.8161390713861383
2022-05-16 00:00:00,1.8161390713861383,1.81548754763181,1.8147942775786423,1.814905919821284
2022-05-16 04:00:00,1.814905919821284,1.7986709279630644,1.7980172569811115,1.7981204138664464
2022-05-16 08:00:00,1.7981204138664464,1.789663305339907,1.788871849004574,1.7888952162005667
2022-05-16 12:00:00,1.7888952162005667,1.7846986408770158,1.7842968177547356,1.7843427073938278
2022-05-16 16:00:00,1.7843427073938278,1.8025850535404666,1.8005033447771326,1.801185534044117
2022-05-16 20:00:00,1.801185534044117,1.8080278325430872,1.807375074014609,1.8079154362971217
2022-05-17 00:00:00,1.8079154362971217,1.7964833336858688,1.7950453353833928,1.795653233668239
2022-05-17 04:00:00,1.795653233668239,1.799576406380668,1.79854049182143,1.7994305763715728
2022-05-17 08:00:00,1.7994305763715728,1.785660609359031,1.7846305805507996,1.7849609016610464
2022-05-17 12:00:00,1.7849609016610464,1.7947084329990772,1.7935827956032653,1.7944893970232891
2022-05-17 16:00:00,1.7944893970232891,1.791384405380277,1.790214652058765,1.7905621141766757
2022-05-17 20:00:00,1.7905621141766757,1.7895818450172931,1.7891010095503104,1.7893372398104197
2022-05-18 00:00:00,1.7893372398104197,1.802669160490655,1.8006128142190614,1.8017334655727661
2022-05-18 04:00:00,1.8017334655727661,1.792090079970203,1.7896225853230017,1.7902848662717814
2022-05-18 08:00:00,1.7902848662717814,1.7758276029096016,1.7749068347199637,1.7757219057184506
2022-05-18 12:00:00,1.7757219057184506,1.7688557303863996,1.768124264925561,1.7687043813150736
2022-05-18 16:00:00,1.7687043813150736,1.7792064254115703,1.777838259678112,1.7785114217492022
2022-05-18 20:00:00,1.7785114217492022,1.7652223367124422,1.7635368420129929,1.764022358915416
2022-05-19 00:00:00,1.764022358915416,1.7344093924192354,1.7337620614784166,1.733899803973711
2022-05-19 04:00:00,1.733899803973711,1.7266005037421843,1.7257825684252184,1.7264661905529968
2022-05-19 08:00:00,1.7264661905529968,1.7324491992993676,1.7318420572833386,1.7319878823706483
2022-05-19 12:00:00,1.7319878823706483,1.7457107851409965,1.7451014132098512,1.7455790769532973
2022-05-19 16:00:00,1.7455790769532973,1.7426007923931495,1.741386875537963,1.741480625211154
2022-05-19 20:00:00,1.741480625211154,1.7373856218907733,1.735755180681308,1.7366662224571836
2022-05-20 00:00:00,1.7366662224571836,1.7492561326608602,1.7478415007126284,1.748639870777998
2022-05-20 04:00:00,1.748639870777998,1.7293633220145073,1.7289845729532463,1.729330603948899
2022-05-20 08:00:00,1.729330603948899,1.723898559969787,1.722559137549838,1.7234196773946733
2022-05-20 12:00:00,1.7234196773946733,1.7253568861281205,1.724990697288936,1.7250556811502074
2022-05-20 16:00:00,1.7250556811502074,1.7307379201351343,1.7294840092560784,1.7299963188943892
2022-05-20 20:00:00,1.7299963188943892,1.7252400566910382,1.724888337425783,1.7250363473155288
2022-05-21 00:00:00,1.7250363473155288,1.7254636350871884,1.7246145432407873,1.7249948194555529
2022-05-21 04:00:00,1.7249948194555529,1.7006092304726836,1.6999482025151884,1.7006010512421996
2022-05-21 08:00:00,1.7006010512421996,1.69190955385896,1.69062162934483,1.6917474466538849
2022-05-21 12:00:00,1.6917474466538849,1.6961343685747141,1.69542470371583,1.6958025486172181
2022-05-21 16:00:00,1.6958025486172181,1.6868571618440946,1.6848852879873704,1.6860614913858736
2022-05-21 20:00:00,1.6860614913858736,1.6859103714322081,1.6852188888170605,1.685890577928991
2022-05-22 00:00:00,1.685890577928991,1.6905533891306745,1.6894597730447949,1.6902861161863623
2022-05-22 04:00:00,1.6902861161863623,1.6873437029355385,1.6872921068631401,1.6873214145621758
2022-05-22 08:00:00,1.6873214145621758,1.6896009581735998,1.6877889029095887,1.6886911310802055
2022-05-22 12:00:00,1.6886911310802055,1.6805714202052109,1.6792908662667936,1.6800512610301532
2022-05-22 16:00:00,1.6800512610301532,1.6774832453391113,1.6774676343442088,1.6774782257896534
2022-05-22 20:00:00,1.6774782257896534,1.6828385453161094,1.6824204625561543,1.682692696851371
2022-05-23 00:00:00,1.682692696851371,1.68469158922649,1.683607733923106,1.6844923706801924
2022-05-23 04:00:00,1.6844923706801924,1.679905164414677,1.6784960595612095,1.6796342060904923
2022-05-23 08:00:00,1.6796342060904923,1.6823615833927392,1.680564533733755,1.6811339131645986
2022-05-23 12:00:00,1.6811339131645986,1.6873005809943742,1.6869663094924747,1.6870970993387873
2022-05-23 16:00:00,1.6870970993387873,1.6719087145790905,1.6709122869981299,1.6709165650475513
2022-05-23 20:00:00,1.6709165650475513,1.6804433523620284,1.67924781137124,1.6795845599849581
2022-05-24 00:00:00,1.6795845599849581,1.677395785116269,1.677219504024056,1.6773549586186267
2022-05-24 04:00:00,1.6773549586186267,1.6809063540494644,1.6800771479562169,1.6807763688897204
2022-05-24 08:00:00,1.6807763688897204,1.6916262934282589,1.69075310237253,1.6910196926487455
2022-05-24 12:00:00,1.6910196926487455,1.6804570182631615,1.6800916589120574,1.6801731867428527
2022-05-24 16:00:00,1.6801731867428527,1.6739215976365418,1.6725451128696012,1.6731662403696719
2022-05-24 20:00:00,1.6731662403696719,1.6701630303616695,1.6694744378897928,1.6701156622990703
2022-05-25 00:00:00,1.6701156622990703,1.6635003027595199,1.6631276710836185,1.6632773125105316
2022-05-25 04:00:00,1.6632773125105316,1.678538012084739,1.6772326036117309,1.677367522960705
2022-05-25 08:00:00,1.677367522960705,1.671398668516388,1.6701105566550616,1.6709373051927863
2022-05-25 12:00:00,1.6709373051927863,1.6656821215261017,1.665280112352711,1.6655598425701645
2022-05-25 16:00:00,1.6655598425701645,1.6669769913688548,1.6655168462652692,1.6669003466698333
2022-05-25 20:00:00,1.6669003466698333,1.6579439543476922,1.6556941919504649,1.656961554154335
2022-05-26 00:00:00,1.656961554154335,1.653574803514125,1.6521936601557428,1.6528134081871615
2022-05-26 04:00:00,1.6528134081871615,1.6551981764749313,1.6540804885167153,1.6551305789169424
2022-05-26 08:00:00,1.6551305789169424,1.6526363121296026,1.65258631231458,1.652611487871245
2022-05-26 12:00:00,1.652611487871245,1.6519353319737158,1.6512974529598703,1.6516706407611106
2022-05-26 16:00:00,1.6516706407611106,1.6480702326939738,1.647228745391414,1.647550874405487
2022-05-26 20:00:00,1.647550874405487,1.6361460420275211,1.6357113740281686,1.635847430529099
2022-05-27 00:00:00,1.635847430529099,1.6376560768527804,1.6369896065758898,1.6374156553439523
2022-05-27 04:00:00,1.6374156553439523,1.651444355691368,1.6504134724156603,1.6508523035693183
2022-05-27 08:00:00,1.6508523035693183,1.6524581086917947,1.6515671616438827,1.6520791564313624
2022-05-27 12:00:00,1.6520791564313624,1.6549092237836684,1.6536787011881946,1.653922378672967
2022-05-27 16:00:00,1.653922378672967,1.6597815264279894,1.658981618141052,1.6593004425479108
2022-05-27 20:00:00,1.6593004425479108,1.6507990781652189,1.6491375654520481,1.6501898428839372
2022-05-28 00:00:00,1.6501898428839372,1.6628920963180915,1.6621979171708223,1.662545867412736
2022-05-28 04:00:00,1.662545867412736,1.6662293752501414,1.6644443191356189,1.6651652549047167
2022-05-28 08:00:00,1.6651652549047167,1.6792478846764423,1.6771627498916581,1.6782475568141297
2022-05-28 12:00:00,1.6782475568141297,1.6746234715053023,1.6730441341688982,1.6732483860162053
2022-05-28 16:00:00,1.6732483860162053,1.6887885384039956,1.6872295418354137,1.6877469914076941
2022-05-28 20:00:00,1.6877469914076941,1.695848837863467,1.6944700387693148,1.6956210915753118
2022-05-29 00:00:00,1.6956210915753118,1.7018681802934963,1.7003737445408467,1.7010825289731109
2022-05-29 04:00:00,1.7010825289731109,1.70427642686637,1.7023262302989437,1.7035502492561705
2022-05-29 08:00:00,1.7035502492561705,1.7027937741162802,1.7014158909763948,1.7016477262381708
2022-05-29 12:00:00,1.7016477262381708,1.7114445279410813,1.711217473196547,1.711371022078706
2022-05-29 16:00:00,1.711371022078706,1.714433123125948,1.7132850990026347,1.7133326989061497
2022-05-29 20:00:00,1.7133326989061497,1.697563741733816,1.6974432451445194,1.6974675546452924
2022-05-30 00:00:00,1.6974675546452924,1.6868616723684,1.6865645032123187,1.6866577062685384
2022-05-30 04:00:00,1.6866577062685384,1.6851039056024215,1.6825500460815987,1.684177205981662
2022-05-30 08:00:00,1.684177205981662,1.6868816262971082,1.6865991184643927,1.686609005980224
2022-05-30 12:00:00,1.686609005980224,1.6877086337635419,1.6848316730372213,1.6863355981009338
2022-05-30 16:00:00,1.6863355981009338,1.6973903500599878,1.6955421341022177,1.6960388822311114
2022-05-30 20:00:00,1.6960388822311114,1.6810278930591656,1.6805664841821546,1.6809397369555041
2022-05-31 00:00:00,1.6809397369555041,1.681350375704816,1.679511691681964,1.6809620504325598
2022-05-31 04:00:00,1.6809620504325598,1.666606650088834,1.6655993388252597,1.6661419710596697
2022-05-31 08:00:00,1.6661419710596697,1.6716843204066805,1.6710708304865702,1.6714519719064964
2022-05-31 12:00:00,1.6714519719064964,1.671849481945935,1.6702805050775846,1.671076405092164
2022-05-31 16:00:00,1.671076405092164,1.6753308445459483,1.6743409790837338,1.6744726848946858
2022-05-31 20:00:00,1.6744726848946858,1.6686420346831519,1.6676007131458297,1.66783050345981
2022-06-01 00:00:00,1.66783050345981,1.6776718352855409,1.6767748512002516,1.6775674828016718
2022-06-01 04:00:00,1.6775674828016718,1.68778881403652,1.6868717891644054,1.6869366648941733
2022-06-01 08:00:00,1.6869366648941733,1.6934353371208997,1.6920922809517174,1.692602897242881
2022-06-01 12:00:00,1.692602897242881,1.692044203073466,1.6915088020659714,1.6919716315078372
2022-06-01 16:00:00,1.6919716315078372,1.6969489697236586,1.695736680631463,1.6966097352982448
2022-06-01 20:00:00,1.6966097352982448,1.6915586663054165,1.6903313870153551,1.6913279063075062
2022-06-02 00:00:00,1.6913279063075062,1.6983993650444038,1.6967408665281158,1.697705368110661
2022-06-02 04:00:00,1.697705368110661,1.711918860277842,1.7107889513399905,1.7114169500733298
2022-06-02 08:00:00,1.7114169500733298,1.7224967013620938,1.720503000594558,1.7215476860250445
2022-06-02 12:00:00,1.7215476860250445,1.7167549274128748,1.7156622269872241,1.716074933939828
2022-06-02 16:00:00,1.716074933939828,1.718958194828552,1.7174422086191221,1.7187222544338974
2022-06-02 20:00:00,1.7187222544338974,1.708709283817542,1.7080451663679441,1.7081906896312278
2022-06-03 00:00:00,1.7081906896312278,1.712515265577526,1.7120328104682152,1.7122083841806253
2022-06-03 04:00:00,1.7122083841806253,1.717354160555279,1.7158830696643332,1.7163021494575101
2022-06-03 08:00:00,1.7163021494575101,1.7015530682587683,1.7010427336755127,1.7012668901892227
2022-06-03 12:00:00,1.7012668901892227,1.691359416084051,1.6888807765858118,1.6901100130032625
2022-06-03 16:00:00,1.6901100130032625,1.6871075816889125,1.6866135615492852,1.6867432331397798
2022-06-03 20:00:00,1.6867432331397798,1.6846170273385528,1.6836859395776866,1.6839015931556758
2022-06-04 00:00:00,1.6839015931556758,1.6738316617006865,1.6732533938984326,1.6736150859025052
2022-06-04 04:00:00,1.6736150859025052,1.6761023236612462,1.6754672617194515,1.676092744984372
2022-06-04 08:00:00,1.676092744984372,1.678983914950402,1.6779509107434598,1.6783723533892503
2022-06-04 12:00:00,1.6783723533892503,1.6780705732570327,1.676753364746022,1.6769885948586964
2022-06-04 16:00:00,1.6769885948586964,1.6714744161255934,1.670661062520705,1.6709869979413068
2022-06-04 20:00:00,1.6709869979413068,1.678734668227341,1.6782368747933143,1.6786788207505285
2022-06-05 00:00:00,1.6786788207505285,1.6933440666092914,1.6909908181162616,1.6924116594641065
2022-06-05 04:00:00,1.6924116594641065,1.6909703964793152,1.6887929331416254,1.6894890668894595
2022-06-05 08:00:00,1.6894890668894595,1.6852443683976557,1.6841873999297607,1.684286188426619
2022-06-05 12:00:00,1.684286188426619,1.68828591072391,1.6874256899348126,1.6878257188144976
2022-06-05 16:00:00,1.6878257188144976,1.685285144361623,1.6848508715133712,1.6852756337740125
2022-06-05 20:00:00,1.6852756337740125,1.6844034382796675,1.6839560877360782,1.6839955653583647
2022-06-06 00:00:00,1.6839955653583647,1.6894783857247844,1.6892722002729215,1.6894348607993066
2022-06-06 04:00:00,1.6894348607993066,1.6760162401987821,1.6753309106391803,1.6756335618916238
2022-06-06 08:00:00,1.6756335618916238,1.6854237075859126,1.6846952186075104,1.684874840856547
2022-06-06 12:00:00,1.684874840856547,1.686584534210527,1.6860250902823257,1.686199752811595
2022-06-06 16:00:00,1.686199752811595,1.683777671882867,1.6820566647428867,1.6831081889885968
2022-06-06 20:00:00,1.6831081889885968,1.6830032116800353,1.6818670832753424,1.6821819364086728
2022-06-07 00:00:00,1.6821819364086728,1.6831859747268518,1.6810600695758398,1.6818313911986027
2022-06-07 04:00:00,1.6818313911986027,1.6697341047626604,1.6691255407624308,1.6695710888810154
2022-06-07 08:00:00,1.6695710888810154,1.6798442646179435,1.679637912092869,1.6796602335938964
2022-06-07 12:00:00,1.6796602335938964,1.681810181711012,1.680544947355756,1.6807861308499417
2022-06-07 16:00:00,1.6807861308499417,1.684519563695085,1.6829621425902674,1.684161570631088
2022-06-07 20:00:00,1.684161570631088,1.691529368114362,1.6910351492158195,1.6913987366039478
2022-06-08 00:00:00,1.6913987366039478,1.6851270396179354,1.6838974504100246,1.6844193681792827
2022-06-08 04:00:00,1.6844193681792827,1.6878043678803427,1.687185458729353,1.6873919685245236
2022-06-08 08:00:00,1.6873919685245236,1.686207945171191,1.6847971479858888,1.6856709982607732
2022-06-08 12:00:00,1.6856709982607732,1.6915736303189954,1.691182639948325,1.6915725330182467
2022-06-08 16:00:00,1.6915725330182467,1.6769814095781754,1.6761861410403143,1.6768625749454917
2022-06-08 20:00:00,1.6768625749454917,1.6751089967243504,1.6737878424823351,1.6749422435151275
2022-06-09 00:00:00,1.6749422435151275,1.6706199609738486,1.670150644943471,1.670358612407772
2022-06-09 04:00:00,1.670358612407772,1.6734307629059737,1.6727899567634692,1.6731436265310975
2022-06-09 08:00:00,1.6731436265310975,1.6778770035959225,1.6760761248577911,1.6767336148621699
2022-06-09 12:00:00,1.6767336148621699,1.6721868955319297,1.6711732950214242,1.6720210616691369
2022-06-09 16:00:00,1.6720210616691369,1.6669726143978127,1.6665453222318725,1.6666526383269762
2022-06-09 20:00:00,1.6666526383269762,1.6657933226147024,1.6644451820188197,1.6654495864845642
2022-06-10 00:00:00,1.6654495864845642,1.6595542307837492,1.6590063071995653,1.6592775475385773
2022-06-10 04:00:00,1.6592775475385773,1.6649710225247416,1.6641394871633242,1.6645324968091988
2022-06-10 08:00:00,1.6645324968091988,1.6625829177061922,1.662360510801284,1.6624285149999747
2022-06-10 12:00:00,1.6624285149999747,1.6436089995675986,1.6421074720765638,1.6429548306893225
2022-06-10 16:00:00,1.6429548306893225,1.6390443905748064,1.6381854843336299,1.6386671288114252
2022-06-10 20:00:00,1.6386671288114252,1.631022902687702,1.6301163252048803,1.6308304280427748
2022-06-11 00:00:00,1.6308304280427748,1.6186249676758324,1.6183113472824011,1.6183253468521837
2022-06-11 04:00:00,1.6183253468521837,1.608162742968273,1.6077418798409246,1.6079615405179768
2022-06-11 08:00:00,1.6079615405179768,1.60835399641114,1.6074105308288649,1.6079849528594727
2022-06-11 12:00:00,1.6079849528594727,1.618835127736815,1.6172456758735538,1.6179304817715678
2022-06-11 16:00:00,1.6179304817715678,1.6219193283564879,1.6208934387439724,1.6211469017599822
2022-06-11 20:00:00,1.6211469017599822,1.6171616208138297,1.6162683192927925,1.6168114369139492
2022-06-12 00:00:00,1.6168114369139492,1.619944903569567,1.6195476370440296,1.6198788084449645
2022-06-12 04:00:00,1.6198788084449645,1.6171846101604552,1.6143997778172552,1.6167506627681232
2022-06-12 08:00:00,1.6167506627681232,1.6121887060566467,1.6101517076025755,1.611500274571613
2022-06-12 12:00:00,1.611500274571613,1.6034283206308457,1.6024733397833726,1.6028263186401102
2022-06-12 16:00:00,1.6028263186401102,1.5894629813748273,1.588934514128418,1.5894223698322518
2022-06-12 20:00:00,1.5894223698322518,1.586186404330173,1.5846779500867336,1.5853911577602566
2022-06-13 00:00:00,1.5853911577602566,1.5868876853614,1.5859393687901147,1.5862538586888382
2022-06-13 04:00:00,1.5862538586888382,1.5857957782074583,1.5851681804028142,1.5856228606343064
2022-06-13 08:00:00,1.5856228606343064,1.5828833542215932,1.5814688866857654,1.5826667026098586
2022-06-13 12:00:00,1.5826667026098586,1.5766524471751595,1.575870604795219,1.5759598573397118
2022-06-13 16:00:00,1.5759598573397118,1.5796536535547896,1.5785067118216278,1.5796254922373738
2022-06-13 20:00:00,1.5796254922373738,1.5713403089677058,1.5702311154828739,1.5709436618066008
2022-06-14 00:00:00,1.5709436618066008,1.576390031129936,1.5756137884223653,1.575664452361598
2022-06-14 04:00:00,1.575664452361598,1.569781144725588,1.5677047353056885,1.5690876097583204
2022-06-14 08:00:00,1.5690876097583204,1.5635536777909709,1.5629222958489764,1.5633175973557334
2022-06-14 12:00:00,1.5633175973557334,1.5534402297502525,1.5525809652267197,1.5526591719366565
2022-06-14 16:00:00,1.5526591719366565,1.5485400931729656,1.5478959828685828,1.5482097346651533
2022-06-14 20:00:00,1.5482097346651533,1.555443538752802,1.5545557507753778,1.5548050577555186
2022-06-15 00:00:00,1.5548050577555186,1.5593345741497293,1.5582383954918146,1.559048870967025
2022-06-15 04:00:00,1.559048870967025,1.566454694250131,1.566144874996431,1.5663950784294471
2022-06-15 08:00:00,1.5663950784294471,1.571027449591872,1.5695523825321522,1.5707833624821856
2022-06-15 12:00:00,1.5707833624821856,1.5633212302778847,1.562941498263755,1.5631861701039145
2022-06-15 16:00:00,1.5631861701039145,1.560382450616216,1.5595707234702483,1.5601740331144198
2022-06-15 20:00:00,1.5601740331144198,1.5544854739237464,1.5542042100419364,1.554379042873753
2022-06-16 00:00:00,1.554379042873753,1.563454789079617,1.5632514224768839,1.5634134446773913
2022-06-16 04:00:00,1.5634134446773913,1.5564468501286302,1.554638468257123,1.5553834491477638
2022-06-16 08:00:00,1.5553834491477638,1.5616197173348165,1.5609408372306837,1.5613750823260182
2022-06-16 12:00:00,1.5613750823260182,1.5685741308094643,1.5683529893326886,1.5685181640123764
2022-06-16 16:00:00,1.5685181640123764,1.5839716779808575,1.5829502063593033,1.5829520713372913
2022-06-16 20:00:00,1.5829520713372913,1.5814166284041125,1.5801529674643167,1.5808225140961703
2022-06-17 00:00:00,1.5808225140961703,1.587369553491245,1.5848382787636393,1.586222210206174
2022-06-17 04:00:00,1.586222210206174,1.6049334884128887,1.6044641751936248,1.6045368029547857
2022-06-17 08:00:00,1.6045368029547857,1.6009939234566168,1.600263223383991,1.6007720391519265
2022-06-17 12:00:00,1.6007720391519265,1.5884038724191492,1.5876946077676883,1.5877634111980918
2022-06-17 16:00:00,1.5877634111980918,1.5716864543255105,1.570389284461104,1.5707253281537736
2022-06-17 20:00:00,1.5707253281537736,1.5767404841960488,1.575478670145795,1.5757714498459294
2022-06-18 00:00:00,1.5757714498459294,1.5604172774267342,1.559483151692972,1.5595351354908886
2022-06-18 04:00:00,1.5595351354908886,1.556358413697233,1.5537629975267748,1.554811403243828
2022-06-18 08:00:00,1.554811403243828,1.558686399811958,1.5576323278498863,1.5584007617648175
2022-06-18 12:00:00,1.5584007617648175,1.561373502586637,1.55973596232591,1.560334823859969
2022-06-18 16:00:00,1.560334823859969,1.5644622975360387,1.5636903531831001,1.5641644414861193
2022-06-18 20:00:00,1.5641644414861193,1.5666662934511986,1.565550557428162,1.5663589035148222
2022-06-19 00:00:00,1.5663589035148222,1.5773137946678863,1.5767171624291922,1.5771354147681023
2022-06-19 04:00:00,1.5771354147681023,1.5706064261851993,1.569666228548069,1.5699025465797705
2022-06-19 08:00:00,1.5699025465797705,1.5646517658938066,1.5632062620374443,1.5635855408122057
2022-06-19 12:00:00,1.5635855408122057,1.5572363769890383,1.556274312287167,1.5565810269195084
2022-06-19 16:00:00,1.5565810269195084,1.5641633293743937,1.5627280478421453,1.563011117025417
2022-06-19 20:00:00,1.563011117025417,1.5712806995971496,1.5694279419643566,1.5711253018232187
2022-06-20 00:00:00,1.5711253018232187,1.5761866654317058,1.5755798815719946,1.5756278976787863
2022-06-20 04:00:00,1.5756278976787863,1.5869121653110552,1.5853975030186285,1.5859915122740766
2022-06-20 08:00:00,1.5859915122740766,1.5772390672546053,1.5763591302688946,1.5766561658642593
2022-06-20 12:00:00,1.5766561658642593,1.5912772162899076,1.5900023811950872,1.5905053890750873
2022-06-20 16:00:00,1.5905053890750873,1.6059372218818742,1.6049917116542134,1.6055949785738262
2022-06-20 20:00:00,1.6055949785738262,1.6142846274245395,1.6136508790094766,1.6138861358868544
2022-06-21 00:00:00,1.6138861358868544,1.6326418608395183,1.6307675124192293,1.631857101409999
2022-06-21 04:00:00,1.631857101409999,1.6171575687767141,1.6158057523577258,1.616377481906911
2022-06-21 08:00:00,1.616377481906911,1.6098219516240435,1.609335017668981,1.6096487194949278
2022-06-21 12:00:00,1.6096487194949278,1.6020938247090004,1.6013811237403732,1.6015171758826061
2022-06-21 16:00:00,1.6015171758826061,1.608561307186254,1.6077286891199856,1.6082953281389663
2022-06-21 20:00:00,1.6082953281389663,1.5983195080318724,1.5980217328538542,1.5981364339959807
2022-06-22 00:00:00,1.5981364339959807,1.6052160395410144,1.6042694483606497,1.6050949544975308
2022-06-22 04:00:00,1.6050949544975308,1.6203001319038985,1.6192631099416037,1.6196918034057641
2022-06-22 08:00:00,1.6196918034057641,1.6292443206510128,1.6275051221800478,1.6282479800286773
2022-06-22 12:00:00,1.6282479800286773,1.6329278653927326,1.6317512982725877,1.6319524385886712
2022-06-22 16:00:00,1.6319524385886712,1.6221419703159838,1.6219745440344875,1.6220246193576817
2022-06-22 20:00:00,1.6220246193576817,1.612789753444927,1.6121225714888876,1.6124727126631966
2022-06-23 00:00:00,1.6124727126631966,1.6251074205738036,1.6246821060417456,1.6246999142415939
2022-06-23 04:00:00,1.6246999142415939,1.6351320116033967,1.6337541926745711,1.6339764264035268
2022-06-23 08:00:00,1.6339764264035268,1.6343166223727523,1.6342548565283945,1.6343038448330307
2022-06-23 12:00:00,1.6343038448330307,1.6300867897171571,1.6300335821971672,1.6300523922811563
2022-06-23 16:00:00,1.6300523922811563,1.609994769782091,1.6093776846666554,1.6095740406599046
2022-06-23 20:00:00,1.6095740406599046,1.596815167089126,1.5966414140018017,1.5967711561587858
2022-06-24 00:00:00,1.5967711561587858,1.616209160662386,1.6158625361781485,1.616123438838814
2022-06-24 04:00:00,1.616123438838814,1.6040894765325748,1.6027852178422812,1.6033346261821728
2022-06-24 08:00:00,1.6033346261821728,1.60530210195605,1.604335261995452,1.6044597815548545
2022-06-24 12:00:00,1.6044597815548545,1.615908275073932,1.6141032780375253,1.6155616471339695
2022-06-24 16:00:00,1.6155616471339695,1.603700178878622,1.6025258674875842,1.6026288873900698
2022-06-24 20:00:00,1.6026288873900698,1.6041950307575659,1.6033038980828593,1.603657252713861
2022-06-25 00:00:00,1.603657252713861,1.6146142757382977,1.612107458060822,1.6138314660430382
2022-06-25 04:00:00,1.6138314660430382,1.615288883563284,1.6145166494303815,1.614783816302673
2022-06-25 08:00:00,1.614783816302673,1.6451219858735258,1.6444274104988348,1.645078943874325
2022-06-25 12:00:00,1.645078943874325,1.6280789426299236,1.6276845548613295,1.6280701489381493
2022-06-25 16:00:00,1.6280701489381493,1.640121948569515,1.6389876542627928,1.639396199028146
2022-06-25 20:00:00,1.639396199028146,1.6384162623244563,1.637868869142061,1.638219876787664
2022-06-26 00:00:00,1.638219876787664,1.6476073828132785,1.6463782806697496,1.6471043799952567
2022-06-26 04:00:00,1.6471043799952567,1.6532036013728457,1.6527070657098581,1.6529500685756062
2022-06-26 08:00:00,1.6529500685756062,1.64570080446974,1.6441768626989017,1.6450486472171615
2022-06-26 12:00:00,1.6450486472171615,1.6478816622068382,1.6468907200786926,1.6470055907052457
2022-06-26 16:00:00,1.6470055907052457,1.6280819683819852,1.6265192769426426,1.6269915063181086
2022-06-26 20:00:00,1.6269915063181086,1.6327678166309578,1.63200785162539,1.6322412426575352
2022-06-27 00:00:00,1.6322412426575352,1.6370850354251982,1.6357688332648785,1.6359874838083415
2022-06-27 04:00:00,1.6359874838083415,1.6435356831622698,1.6429334093914587,1.643249666521278
2022-06-27 08:00:00,1.643249666521278,1.6561999579940814,1.6551391069260664,1.6553293351039648
2022-06-27 12:00:00,1.6553293351039648,1.6605136779657266,1.6599651607890444,1.6603681821849028
2022-06-27 16:00:00,1.6603681821849028,1.6626978437162432,1.6622081753920535,1.6623817303649573
2022-06-27 20:00:00,1.6623817303649573,1.6538555592792574,1.6526941032190388,1.6533027806321128
2022-06-28 00:00:00,1.6533027806321128,1.6458623668044614,1.6444385118910076,1.6451412219065698
2022-06-28 04:00:00,1.6451412219065698,1.6586932205284013,1.6560984762639555,1.6568584991934316
2022-06-28 08:00:00,1.6568584991934316,1.6732850058434952,1.6720920873657457,1.6731166555739196
2022-06-28 12:00:00,1.6731166555739196,1.6730740508385726,1.6713003143987366,1.6717863959116062
2022-06-28 16:00:00,1.6717863959116062,1.6731698158640216,1.6714716145679618,1.672170720774284
2022-06-28 20:00:00,1.672170720774284,1.66337217861066,1.6621575784378848,1.6629657026278308
2022-06-29 00:00:00,1.6629657026278308,1.6747617840672553,1.6736292029790045,1.6742484819638108
2022-06-29 04:00:00,1.6742484819638108,1.6827335651070288,1.681898952394179,1.6821057231232548
2022-06-29 08:00:00,1.6821057231232548,1.703557183758705,1.7018487007671743,1.703098387585417
2022-06-29 12:00:00,1.703098387585417,1.6951672282347305,1.694718236475433,1.6949998176267052
2022-06-29 16:00:00,1.6949998176267052,1.691486810907601,1.6892236663594273,1.6901847076052319
2022-06-29 20:00:00,1.6901847076052319,1.6935082948222762,1.6916224200523426,1.6922984774339125
2022-06-30 00:00:00,1.6922984774339125,1.699534554667472,1.6986209148959388,1.6992395731603636
2022-06-30 04:00:00,1.6992395731603636,1.6985686157863793,1.6974240893957955,1.6975530908168577
2022-06-30 08:00:00,1.6975530908168577,1.6895380396965634,1.6886510198930593,1.6886744954934976
2022-06-30 12:00:00,1.6886744954934976,1.697495014019051,1.696744924510672,1.6968156025736896
2022-06-30 16:00:00,1.6968156025736896,1.705443085625027,1.7041137176655814,1.7047385581851446
2022-06-30 20:00:00,1.7047385581851446,1.6966014578476207,1.6958821998524138,1.6961594776655782
2022-07-01 00:00:00,1.6961594776655782,1.7104097511413607,1.7071262310362518,1.709133574882497
2022-07-01 04:00:00,1.709133574882497,1.7226280113537518,1.721431030598796,1.7223354911574236
2022-07-01 08:00:00,1.7223354911574236,1.7251028357343536,1.7233193503661541,1.7248284931371523
2022-07-01 12:00:00,1.7248284931371523,1.7261715238453084,1.7257310160571462,1.7258520778431328
2022-07-01 16:00:00,1.7258520778431328,1.7316820160421227,1.7313027993261885,1.7314693581246128
2022-07-01 20:00:00,1.7314693581246128,1.7242179397594153,1.7232343502214185,1.7234295975319902
2022-07-02 00:00:00,1.7234295975319902,1.7231563792629654,1.7224220548861122,1.7230829800769978
2022-07-02 04:00:00,1.7230829800769978,1.7034424646702557,1.7024088630522747,1.7028680543684198
2022-07-02 08:00:00,1.7028680543684198,1.7104740558640037,1.7095039470533406,1.7099938688443184
2022-07-02 12:00:00,1.7099938688443184,1.6952550184840027,1.6942699330741153,1.6951209848833058
2022-07-02 16:00:00,1.6951209848833058,1.7110223216470148,1.7082958931615826,1.7092982517754918
2022-07-02 20:00:00,1.7092982517754918,1.707249139642574,1.7069565777845848,1.706956667697658
2022-07-03 00:00:00,1.706956667697658,1.7048772988906582,1.703388416728697,1.7046101328164578
2022-07-03 04:00:00,1.7046101328164578,1.6982412254164143,1.6970729373276607,1.6982275573137189
2022-07-03 08:00:00,1.6982275573137189,1.6955139283724032,1.6945274199622178,1.6949093876980552
2022-07-03 12:00:00,1.6949093876980552,1.7086399306526185,1.7076817163756313,1.7081805028082344
2022-07-03 16:00:00,1.7081805028082344,1.6851209039500394,1.6842964229521777,1.6848941173441705
2022-07-03 20:00:00,1.6848941173441705,1.697520875551014,1.6961505560938535,1.6964575635202357
2022-07-04 00:00:00,1.6964575635202357,1.7012799539417869,1.7004807564621418,1.7010029691614357
2022-07-04 04:00:00,1.7010029691614357,1.690070737196614,1.687303193410674,1.688751444243999
2022-07-04 08:00:00,1.688751444243999,1.6771025530658978,1.676366773234036,1.6764354280918423
2022-07-04 12:00:00,1.6764354280918423,1.6939611670046228,1.6930198346407588,1.6934464933022155
2022-07-04 16:00:00,1.6934464933022155,1.6847371301636582,1.6841938247775456,1.6842587902632933
2022-07-04 20:00:00,1.6842587902632933,1.6708470397132484,1.6692234912763155,1.670760161370561
2022-07-05 00:00:00,1.670760161370561,1.683214018140035,1.682384302070464,1.6824985953256923
2022-07-05 04:00:00,1.6824985953256923,1.687597512031183,1.6856723763921224,1.6873132015259138
2022-07-05 08:00:00,1.6873132015259138,1.6777898426500553,1.6764918205107733,1.6772217073143905
2022-07-05 12:00:00,1.6772217073143905,1.6791952619927224,1.6784859613591587,1.6788364293655718
2022-07-05 16:00:00,1.6788364293655718,1.6691206623662422,1.667754898919326,1.6679408174579846
2022-07-05 20:00:00,1.6679408174579846,1.6796695599716576,1.6786232819588738,1.6790012048881107
2022-07-06 00:00:00,1.6790012048881107,1.6922134975285434,1.690917448974253,1.6915792450233782
2022-07-06 04:00:00,1.6915792450233782,1.6991344318443053,1.6985212228683297,1.6985703968316412
2022-07-06 08:00:00,1.6985703968316412,1.7034177868632587,1.702622330154524,1.7031637822974903
2022-07-06 12:00:00,1.7031637822974903,1.723030761600119,1.7207465833714843,1.7228790177803657
2022-07-06 16:00:00,1.7228790177803657,1.7251745540932657,1.7241539387603055,1.7244624274022589
2022-07-06 20:00:00,1.7244624274022589,1.7127543372661922,1.7114220463776748,1.7114375479834973
2022-07-07 00:00:00,1.7114375479834973,1.7161216691114756,1.7153330109120888,1.7154677050568694
2022-07-07 04:00:00,1.7154677050568694,1.739676687840854,1.7379132580416217,1.7389267753936624
2022-07-07 08:00:00,1.7389267753936624,1.7288552451873944,1.728018426351827,1.7287956244906777
2022-07-07 12:00:00,1.7287956244906777,1.7238165412587758,1.723298849258797,1.7237271328755022
2022-07-07 16:00:00,1.7237271328755022,1.729188710951552,1.7268022374611385,1.7281265831388088
2022-07-07 20:00:00,1.7281265831388088,1.728067711051811,1.7268270471911702,1.7278708793208348
2022-07-08 00:00:00,1.7278708793208348,1.7179445380428402,1.7170903353123037,1.7172595129484398
2022-07-08 04:00:00,1.7172595129484398,1.728916391445513,1.7282925320618487,1.7285956647431466
2022-07-08 08:00:00,1.7285956647431466,1.7560181787124778,1.7552102952760198,1.7552471433072994
2022-07-08 12:00:00,1.7552471433072994,1.7600806082974894,1.7593167689385125,1.7597646190586123
2022-07-08 16:00:00,1.7597646190586123,1.7497815749882466,1.7492542948404464,1.7494973793861048
2022-07-08 20:00:00,1.7494973793861048,1.7306715393034655,1.7287715853028616,1.7306045615021863
2022-07-09 00:00:00,1.7306045615021863,1.7333304554501359,1.731897094851893,1.7322116200601552
2022-07-09 04:00:00,1.7322116200601552,1.7462345203799718,1.7449006351147982,1.7452254183743054
2022-07-09 08:00:00,1.7452254183743054,1.7521773615954033,1.7515303614351274,1.7519237431138575
2022-07-09 12:00:00,1.7519237431138575,1.7529914631772825,1.7521571671761318,1.7524324805942355
2022-07-09 16:00:00,1.7524324805942355,1.7465933779344196,1.7447942052229684,1.7458429938120537
2022-07-09 20:00:00,1.7458429938120537,1.7334121534524962,1.733228335465667,1.7332559734159712
2022-07-10 00:00:00,1.7332559734159712,1.7420181836360866,1.7410496961382627,1.7415954899463788
2022-07-10 04:00:00,1.7415954899463788,1.7534904128437285,1.7520715484151455,1.7525015166712907
2022-07-10 08:00:00,1.7525015166712907,1.736189788281647,1.7354140916751926,1.7359747282247053
2022-07-10 12:00:00,1.7359747282247053,1.7535104198470868,1.7520445190897036,1.753107565051372
2022-07-10 16:00:00,1.753107565051372,1.7620251070411705,1.760405887241031,1.761410936454127
2022-07-10 20:00:00,1.761410936454127,1.779303477490907,1.7774695089899517,1.7789409196797041
2022-07-11 00:00:00,1.7789409196797041,1.7638104050045047,1.762864909614966,1.7636782488473919
2022-07-11 04:00:00,1.7636782488473919,1.746328588639625,1.744281710089661,1.7453571521937834
2022-07-11 08:00:00,1.7453571521937834,1.7421376983939423,1.7417206866773594,1.7419898074241722
2022-07-11 12:00:00,1.7419898074241722,1.7480026700594855,1.7477275533317784,1.7479797549975074
2022-07-11 16:00:00,1.7479797549975074,1.770598136804688,1.7704275165496435,1.7705831062178732
2022-07-11 20:00:00,1.7705831062178732,1.7822819579649711,1.7807942886639319,1.7816159230190882
2022-07-12 00:00:00,1.7816159230190882,1.7793863972004356,1.7788391316905439,1.7793311771594735
2022-07-12 04:00:00,1.7793311771594735,1.7672485635787394,1.7657141416398339,1.766261745950897
2022-07-12 08:00:00,1.766261745950897,1.7811240759746447,1.7797305651203987,1.780807114877878
2022-07-12 12:00:00,1.780807114877878,1.7695780415068953,1.7692335259843994,1.769556054117197
2022-07-12 16:00:00,1.769556054117197,1.7897929062075204,1.7891494885567405,1.7896771017279562
2022-07-12 20:00:00,1.7896771017279562,1.7877130847649425,1.7873036204113009,1.7874765179474068
2022-07-13 00:00:00,1.7874765179474068,1.8085531249955056,1.8073425787113124,1.8080108905036478
2022-07-13 04:00:00,1.8080108905036478,1.8193479682369613,1.8177613536519779,1.8189047092855273
2022-07-13 08:00:00,1.8189047092855273,1.8181571966482202,1.8167193145542435,1.8179158756878644
2022-07-13 12:00:00,1.8179158756878644,1.811304836160449,1.8107861101189762,1.8110695553375584
2022-07-13 16:00:00,1.8110695553375584,1.8065171594289575,1.8055281983660902,1.806170418243757
2022-07-13 20:00:00,1.806170418243757,1.8118477629074665,1.8107437747884039,1.8111181032772905
2022-07-14 00:00:00,1.8111181032772905,1.8125780485165286,1.812296931413342,1.8124560843293531
2022-07-14 04:00:00,1.8124560843293531,1.8071575482017566,1.8050765494616405,1.8055965710473172
2022-07-14 08:00:00,1.8055965710473172,1.8034844279368838,1.8028423712477044,1.80313639829865
2022-07-14 12:00:00,1.80313639829865,1.8042945468440765,1.8032236529700065,1.803818091344751
2022-07-14 16:00:00,1.803818091344751,1.781672961206871,1.7808899295084186,1.7811403673744257
2022-07-14 20:00:00,1.7811403673744257,1.7847984477647196,1.7839674397555383,1.7845164607205386
2022-07-15 00:00:00,1.7845164607205386,1.7742501679912852,1.773368082706392,1.7740308645417164
2022-07-15 04:00:00,1.7740308645417164,1.7615510165106476,1.759412323170217,1.760548240735585
2022-07-15 08:00:00,1.760548240735585,1.7417741626205794,1.7407413536289842,1.7407897323455204
2022-07-15 12:00:00,1.7407897323455204,1.7186909424677004,1.7182799199836403,1.7186708871601564
2022-07-15 16:00:00,1.7186708871601564,1.7008337495069756,1.7000816158133567,1.700738970976814
2022-07-15 20:00:00,1.700738970976814,1.6914008172930453,1.6896707368988022,1.690649552721062
2022-07-16 00:00:00,1.690649552721062,1.7147919174849564,1.713391508713753,1.7137631098333883
2022-07-16 04:00:00,1.7137631098333883,1.7090351856635422,1.707575186323563,1.7088143550767967
2022-07-16 08:00:00,1.7088143550767967,1.7115758522930142,1.7100190267527797,1.7106619684592204
2022-07-16 12:00:00,1.7106619684592204,1.716361624712526,1.7155300397441655,1.7156923670622366
2022-07-16 16:00:00,1.7156923670622366,1.7179146457827645,1.7168255747098182,1.7176609377961196
2022-07-16 20:00:00,1.7176609377961196,1.717959385322697,1.715999164982233,1.7169252246663642
2022-07-17 00:00:00,1.7169252246663642,1.7037104861414294,1.7026220268576895,1.7036764737854961
2022-07-17 04:00:00,1.7036764737854961,1.7193267845878377,1.718803575998428,1.7189211773608515
2022-07-17 08:00:00,1.7189211773608515,1.7414384919516035,1.7411148238654286,1.7412079289266562
2022-07-17 12:00:00,1.7412079289266562,1.7228864035512468,1.7211601733680781,1.7223288191032997
2022-07-17 16:00:00,1.7223288191032997,1.7086564518165217,1.7077106100117776,1.707955695770629
2022-07-17 20:00:00,1.707955695770629,1.7046710444570983,1.7024756818174818,1.7032642399819544
2022-07-18 00:00:00,1.7032642399819544,1.6918491601746863,1.6902452036512532,1.6910227203818207
2022-07-18 04:00:00,1.6910227203818207,1.696570770725465,1.6958460411807987,1.6962995185150342
2022-07-18 08:00:00,1.6962995185150342,1.6880297323311053,1.6871610381387891,1.6879236322982945
2022-07-18 12:00:00,1.6879236322982945,1.7133181204633796,1.7131019948048136,1.7133165866225484
2022-07-18 16:00:00,1.7133165866225484,1.7315346146957793,1.7303334294616761,1.7307956107094233
2022-07-18 20:00:00,1.7307956107094233,1.735914399380933,1.733795214910148,1.7350405878912722
2022-07-19 00:00:00,1.7350405878912722,1.7494858361118806,1.7479982553718967,1.7487826050698978
2022-07-19 04:00:00,1.7487826050698978,1.7650902319564128,1.7639529068032802,1.764579796589737
2022-07-19 08:00:00,1.764579796589737,1.7584735466651993,1.757599606537419,1.7582157175189432
2022-07-19 12:00:00,1.7582157175189432,1.747495105996818,1.7458569657975587,1.7469390778842715
2022-07-19 16:00:00,1.7469390778842715,1.7482874904477803,1.746511413690236,1.7470669959912737
2022-07-19 20:00:00,1.7470669959912737,1.7586742608414494,1.7578849724392558,1.7579519879592562
2022-07-20 00:00:00,1.7579519879592562,1.7611573993202991,1.7600381099949667,1.760588124031064
2022-07-20 04:00:00,1.760588124031064,1.7416426733049912,1.74111729346562,1.7415593160744498
2022-07-20 08:00:00,1.7415593160744498,1.7310481156121909,1.729553766162071,1.7300002332018192
2022-07-20 12:00:00,1.7300002332018192,1.72830446402206,1.727570458771666,1.728153765121164
2022-07-20 16:00:00,1.728153765121164,1.7271158490317184,1.726851537049148,1.7270942524682347
2022-07-20 20:00:00,1.7270942524682347,1.7501314689721708,1.750000059074445,1.7500124859454291
2022-07-21 00:00:00,1.7500124859454291,1.735235540033633,1.734298536652753,1.7347485454341394
2022-07-21 04:00:00,1.7347485454341394,1.7403121302515392,1.7387194215539787,1.7398688756342202
2022-07-21 08:00:00,1.7398688756342202,1.7589851529314826,1.758566314585295,1.7586509211280474
2022-07-21 12:00:00,1.7586509211280474,1.7899180982111316,1.7888765750087583,1.7895365735093862
2022-07-21 16:00:00,1.7895365735093862,1.7868135175839786,1.7858447916710374,1.7863562797176114
2022-07-21 20:00:00,1.7863562797176114,1.7932889718268212,1.792685159694584,1.7927760682145364
2022-07-22 00:00:00,1.7927760682145364,1.8011911900612976,1.8003651624086854,1.8009078344123504
2022-07-22 04:00:00,1.8009078344123504,1.805293442853967,1.8031840222092377,1.8041480339597933
2022-07-22 08:00:00,1.8041480339597933,1.803288234263524,1.8018060714856323,1.8031387063926558
2022-07-22 12:00:00,1.8031387063926558,1.808892689413714,1.8082183569024106,1.8084416454050818
2022-07-22 16:00:00,1.8084416454050818,1.7797503107701833,1.778134131378648,1.7784659618068912
2022-07-22 20:00:00,1.7784659618068912,1.7857424953183558,1.7848178184321861,1.7848872073815707
2022-07-23 00:00:00,1.7848872073815707,1.7873098098968259,1.7869911295823386,1.7870048959299174
2022-07-23 04:00:00,1.7870048959299174,1.7847244928617474,1.784340703592511,1.7844465449257692
2022-07-23 08:00:00,1.7844465449257692,1.8096546702177134,1.8079374420313299,1.8086737863869642
2022-07-23 12:00:00,1.8086737863869642,1.8020727666331218,1.8020418650578491,1.8020475801345828
2022-07-23 16:00:00,1.8020475801345828,1.797153931541606,1.7959507230991079,1.7965019259770452
2022-07-23 20:00:00,1.7965019259770452,1.8208687810803295,1.8201460265162235,1.8204619476791668
2022-07-24 00:00:00,1.8204619476791668,1.8118760885418084,1.8114411064443479,1.8115828740565727
2022-07-24 04:00:00,1.8115828740565727,1.8047116609444667,1.803248173530828,1.8038282272145765
2022-07-24 08:00:00,1.8038282272145765,1.8019984757452217,1.8004786352305775,1.8013551950112099
2022-07-24 12:00:00,1.8013551950112099,1.8126885921261555,1.8108280417627036,1.8114321523862245
2022-07-24 16:00:00,1.8114321523862245,1.8150658333560712,1.814551022827293,1.8147869302065056
2022-07-24 20:00:00,1.8147869302065056,1.7998045610800089,1.799500248506624,1.7997269856081013
2022-07-25 00:00:00,1.7997269856081013,1.7923056944717053,1.7918728277186204,1.7921265579914556
2022-07-25 04:00:00,1.7921265579914556,1.7845328529104745,1.783808670880707,1.7843243375947975
2022-07-25 08:00:00,1.7843243375947975,1.7829976892405819,1.7825720329114754,1.7827978476240378
2022-07-25 12:00:00,1.7827978476240378,1.7876948816272247,1.7864893343296089,1.7874859825532405
2022-07-25 16:00:00,1.7874859825532405,1.7925801943277153,1.7919110045637008,1.7924978504967302
2022-07-25 20:00:00,1.7924978504967302,1.7742816383172106,1.7735450877731982,1.7736652553465886
2022-07-26 00:00:00,1.7736652553465886,1.7841924081558305,1.7836222637964694,1.7841759192687243
2022-07-26 04:00:00,1.7841759192687243,1.7885955316890585,1.7875950882103377,1.7878961504572717
2022-07-26 08:00:00,1.7878961504572717,1.8040794305395915,1.8036260879486927,1.8036375949595744
2022-07-26 12:00:00,1.8036375949595744,1.8114650458593307,1.8099199439086802,1.8100322108269127
2022-07-26 16:00:00,1.8100322108269127,1.8246211154984773,1.8222763405399613,1.8231430444874528
2022-07-26 20:00:00,1.8231430444874528,1.830275824412847,1.829165525587193,1.8296444107660355
2022-07-27 00:00:00,1.8296444107660355,1.8463680486781344,1.8453221805408682,1.845755205903074
2022-07-27 04:00:00,1.845755205903074,1.8535146290625275,1.8527356440841738,1.8533056911971588
2022-07-27 08:00:00,1.8533056911971588,1.8532208516261937,1.8526653518102927,1.8527488627608715
2022-07-27 12:00:00,1.8527488627608715,1.879934324128926,1.87787659756673,1.8787750844220164
2022-07-27 16:00:00,1.8787750844220164,1.8929980258787327,1.8914221335805177,1.8919235062854838
2022-07-27 20:00:00,1.8919235062854838,1.9003118484429364,1.9001624002407507,1.9002248363428826
2022-07-28 00:00:00,1.9002248363428826,1.885040605932549,1.883590562178183,1.8849587777287606
2022-07-28 04:00:00,1.8849587777287606,1.8681272123519368,1.8674342598559868,1.8675095607327237
2022-07-28 08:00:00,1.8675095607327237,1.8699697324703564,1.86865431768619,1.8698919380637935
2022-07-28 12:00:00,1.8698919380637935,1.8732140852555133,1.8717326414002569,1.8718976104575547
2022-07-28 16:00:00,1.8718976104575547,1.8648603884795565,1.864384373183052,1.8646730874123456
2022-07-28 20:00:00,1.8646730874123456,1.8664934915692994,1.8646191270905592,1.8657679599220653
2022-07-29 00:00:00,1.8657679599220653,1.8841425636812243,1.8837532389886604,1.8840825899059526
2022-07-29 04:00:00,1.8840825899059526,1.894988960238528,1.893415582848757,1.8939024836579392
2022-07-29 08:00:00,1.8939024836579392,1.8823335212392727,1.8806706978312475,1.8810247604579262
2022-07-29 12:00:00,1.8810247604579262,1.8792546972554924,1.8784334871588855,1.8786533608029925
2022-07-29 16:00:00,1.8786533608029925,1.8695099678512763,1.8676096742658668,1.869096753209101
2022-07-29 20:00:00,1.869096753209101,1.864129861136078,1.8631475369157426,1.8638453406004725
2022-07-30 00:00:00,1.8638453406004725,1.8592919726319228,1.8579276118288104,1.8587416916603465
2022-07-30 04:00:00,1.8587416916603465,1.8531728533424212,1.8516819040090056,1.8530442191505299
2022-07-30 08:00:00,1.8530442191505299,1.8392888744450386,1.83867248675377,1.8389830127853306
2022-07-30 12:00:00,1.8389830127853306,1.83691287621651,1.8362704874835574,1.8364531950542937
2022-07-30 16:00:00,1.8364531950542937,1.8304290298758565,1.8296494019444167,1.8302607012783823
2022-07-30 20:00:00,1.8302607012783823,1.7997310205864245,1.798559675175331,1.799171264127712
2022-07-31 00:00:00,1.799171264127712,1.8209090522144553,1.8191829130686252,1.8203758280547606
2022-07-31 04:00:00,1.8203758280547606,1.8359807750422625,1.8353743669932545,1.8354071309362996
2022-07-31 08:00:00,1.8354071309362996,1.8319469826423713,1.831787275574161,1.831908605792075
2022-07-31 12:00:00,1.831908605792075,1.832623371448053,1.8313330077386,1.831857317851233
2022-07-31 16:00:00,1.831857317851233,1.818435669800735,1.8178982693537629,1.8182891739512435
2022-07-31 20:00:00,1.8182891739512435,1.837466043071829,1.8360480983657144,1.8371858761534998
2022-08-01 00:00:00,1.8371858761534998,1.862231841211905,1.8616235019588943,1.8622015944161547
2022-08-01 04:00:00,1.8622015944161547,1.8663597840048178,1.8658491322461315,1.866287960090314
2022-08-01 08:00:00,1.866287960090314,1.8800188639745508,1.8793842348617087,1.8798241665039819
2022-08-01 12:00:00,1.8798241665039819,1.8836105255264113,1.8831020352271353,1.8832061578737567
2022-08-01 16:00:00,1.8832061578737567,1.8674961969972697,1.8654186798869588,1.866563240224921
2022-08-01 20:00:00,1.866563240224921,1.8610084447551651,1.859293111836484,1.8599418546938307
2022-08-02 00:00:00,1.8599418546938307,1.8624632494086655,1.8606269301715521,1.861078857581868
2022-08-02 04:00:00,1.861078857581868,1.8561634034838614,1.8552177682102529,1.8556550934520635
2022-08-02 08:00:00,1.8556550934520635,1.852698245500464,1.8519765038065366,1.8526283872778473
2022-08-02 12:00:00,1.8526283872778473,1.8516407941681683,1.850927186335472,1.8513354304819525
2022-08-02 16:00:00,1.8513354304819525,1.8515028705775824,1.8495960535493123,1.8503362908860714
2022-08-02 20:00:00,1.8503362908860714,1.8521893274373966,1.8500115242236534,1.8508135869834035
2022-08-03 00:00:00,1.8508135869834035,1.840388761012982,1.8390413787259243,1.840015095069016
2022-08-03 04:00:00,1.840015095069016,1.8333392489205294,1.8311368256613831,1.831780891743381
2022-08-03 08:00:00,1.831780891743381,1.8180296529903897,1.817871726018289,1.8180066574067537
2022-08-03 12:00:00,1.8180066574067537,1.8273414341786511,1.8271307247256257,1.8271428722886762
2022-08-03 16:00:00,1.8271428722886762,1.8069987234261133,1.8052110920015634,1.8058496282662544
2022-08-03 20:00:00,1.8058496282662544,1.8169971235451816,1.8157398380949845,1.8169094505703278
2022-08-04 00:00:00,1.8169094505703278,1.834142323758763,1.8321406302416516,1.8333766872254842
2022-08-04 04:00:00,1.8333766872254842,1.8316115065032017,1.8309508023287044,1.8311838612866675
2022-08-04 08:00:00,1.8311838612866675,1.8022824672494304,1.8017770042818613,1.8019687457903646
2022-08-04 12:00:00,1.8019687457903646,1.7963197119225547,1.7943020511113015,1.7953079045761733
2022-08-04 16:00:00,1.7953079045761733,1.7942145453331102,1.793669083503886,1.7940172017916431
2022-08-04 20:00:00,1.7940172017916431,1.7835101974645338,1.78214137066117,1.782446360740408
2022-08-05 00:00:00,1.782446360740408,1.7765772933786956,1.7754594204948593,1.7756573557923516
2022-08-05 04:00:00,1.7756573557923516,1.7924891398506173,1.7912655346795099,1.7923729495594813
2022-08-05 08:00:00,1.7923729495594813,1.8023775335871508,1.7994451982516435,1.8015162809609608
2022-08-05 12:00:00,1.8015162809609608,1.7917900727392244,1.791255224151101,1.7914459614557605
2022-08-05 16:00:00,1.7914459614557605,1.77231117196747,1.7720414233735338,1.772120597560969
2022-08-05 20:00:00,1.772120597560969,1.766812942518413,1.765889135566049,1.7666650027985613
2022-08-06 00:00:00,1.7666650027985613,1.763759218609526,1.763543514546041,1.7637274403907401
2022-08-06 04:00:00,1.7637274403907401,1.769444715303485,1.7690223346815397,1.7691385414552943
2022-08-06 08:00:00,1.7691385414552943,1.7638695606818473,1.7622604732053893,1.7635927076529478
2022-08-06 12:00:00,1.7635927076529478,1.7694178333210215,1.7680053570517762,1.7687625681560413
2022-08-06 16:00:00,1.7687625681560413,1.7910486913563086,1.7896134221956437,1.7901826473007347
2022-08-06 20:00:00,1.7901826473007347,1.8022477375893282,1.7999514857794254,1.8013522299910134
2022-08-07 00:00:00,1.8013522299910134,1.802210902910443,1.8014222444757226,1.8016868513087312
2022-08-07 04:00:00,1.8016868513087312,1.799709710538012,1.7988682065351045,1.7996622774810505
2022-08-07 08:00:00,1.7996622774810505,1.7968397634142048,1.7955318899817876,1.795643762401115
2022-08-07 12:00:00,1.795643762401115,1.8080150991269477,1.8077588862224754,1.807821470225453
2022-08-07 16:00:00,1.807821470225453,1.8029908378297437,1.8012510195438949,1.802037413553964
2022-08-07 20:00:00,1.802037413553964,1.8021813376735978,1.8008562137211683,1.802054780026002
2022-08-08 00:00:00,1.802054780026002,1.8033153352098723,1.8016383280706825,1.8025764585786728
2022-08-08 04:00:00,1.8025764585786728,1.79905031386365,1.7969545998041743,1.7977214092964553
2022-08-08 08:00:00,1.7977214092964553,1.7849288612904164,1.7841740143287748,1.7842218021335536
2022-08-08 12:00:00,1.7842218021335536,1.7864001143049228,1.786115343245558,1.7863136416974732
2022-08-08 16:00:00,1.7863136416974732,1.786419905498064,1.7857149397121008,1.785900443308159
2022-08-08 20:00:00,1.785900443308159,1.7907399167480091,1.7901730163563456,1.790450792294708
2022-08-09 00:00:00,1.790450792294708,1.786593280693809,1.7854147159310423,1.7860009363126252
2022-08-09 04:00:00,1.7860009363126252,1.7982246940777407,1.7957858371647353,1.7965064588432866
2022-08-09 08:00:00,1.7965064588432866,1.7901200769315853,1.7881834761713924,1.7893901479478342
2022-08-09 12:00:00,1.7893901479478342,1.8050844961338632,1.80413993987518,1.8043777143502024
2022-08-09 16:00:00,1.8043777143502024,1.7892027707722014,1.7880479995707417,1.7890241148608887
2022-08-09 20:00:00,1.7890241148608887,1.7922189375513369,1.791813372798184,1.7920701654094444
2022-08-10 00:00:00,1.7920701654094444,1.797843351954062,1.7955213601290232,1.7968753495710976
2022-08-10 04:00:00,1.7968753495710976,1.7910743005099798,1.7894099441970237,1.7897514114844624
2022-08-10 08:00:00,1.7897514114844624,1.794026089805644,1.7926795060095855,1.793172159960555
2022-08-10 12:00:00,1.793172159960555,1.8054045581598692,1.8047572418693691,1.8052596425896301
2022-08-10 16:00:00,1.8052596425896301,1.7855778153760917,1.7851521040428737,1.7852888157812714
2022-08-10 20:00:00,1.7852888157812714,1.7894696119040727,1.788727982420084,1.788732937010728
2022-08-11 00:00:00,1.788732937010728,1.7661753740630552,1.7641240693587465,1.764775927611991
2022-08-11 04:00:00,1.764775927611991,1.7534918428892932,1.751223393647642,1.7528231336731475
2022-08-11 08:00:00,1.7528231336731475,1.7706572177733944,1.7683335465765373,1.7691203456591351
2022-08-11 12:00:00,1.7691203456591351,1.7646798589460988,1.7637536339943978,1.7640290371353367
2022-08-11 16:00:00,1.7640290371353367,1.751593805864847,1.7502512572200728,1.7510199008061822
2022-08-11 20:00:00,1.7510199008061822,1.7486600239737693,1.7477566976848835,1.7478287977637776
2022-08-12 00:00:00,1.7478287977637776,1.7699014105754538,1.7692213318886594,1.7695887167110114
2022-08-12 04:00:00,1.7695887167110114,1.7507569289488445,1.7500100461838861,1.7506339619335949
2022-08-12 08:00:00,1.7506339619335949,1.7369780670658204,1.7364161839824552,1.7368724991747895
2022-08-12 12:00:00,1.7368724991747895,1.754102174959802,1.7525817792852476,1.7535345497741552
2022-08-12 16:00:00,1.7535345497741552,1.778670378913933,1.777037820451111,1.7777940483299581
2022-08-12 20:00:00,1.7777940483299581,1.7794778716524766,1.7779613921169786,1.7783925809685812
2022-08-13 00:00:00,1.7783925809685812,1.7633481609723562,1.7618866345484365,1.7629271936836144
2022-08-13 04:00:00,1.7629271936836144,1.7890835350183398,1.788245218035198,1.7884968053391366
2022-08-13 08:00:00,1.7884968053391366,1.8127670702245056,1.811016233691932,1.812427973154605
2022-08-13 12:00:00,1.812427973154605,1.8247556117249792,1.8233545324756282,1.824173185276652
2022-08-13 16:00:00,1.824173185276652,1.8141444322187494,1.8122903768261707,1.8134056236190823
2022-08-13 20:00:00,1.8134056236190823,1.8127819798839673,1.8118071403109814,1.8118474289295938
2022-08-14 00:00:00,1.8118474289295938,1.8097424229153416,1.8092613223876894,1.8095241365388253
2022-08-14 04:00:00,1.8095241365388253,1.813956882109026,1.813165518667118,1.8137184550151328
2022-08-14 08:00:00,1.8137184550151328,1.8332826658530008,1.8311689918779446,1.8328619727732307
2022-08-14 12:00:00,1.8328619727732307,1.846840200229769,1.8461888540448892,1.8462618360700092
2022-08-14 16:00:00,1.8462618360700092,1.8331333990073895,1.8321388679714932,1.8327163629510095
2022-08-14 20:00:00,1.8327163629510095,1.8514963362137649,1.8498735170119414,1.8504537021511371
2022-08-15 00:00:00,1.8504537021511371,1.8563773859513453,1.8560206626210185,1.856284017614419
2022-08-15 04:00:00,1.856284017614419,1.866733963175432,1.8661330764653146,1.8662328646193693
2022-08-15 08:00:00,1.8662328646193693,1.8878559485719146,1.8872859055724958,1.8872927623291191
2022-08-15 12:00:00,1.8872927623291191,1.8735603809545545,1.8724278882129979,1.8730902053415146
2022-08-15 16:00:00,1.8730902053415146,1.872982807295441,1.8712807678760015,1.8714456119391778
2022-08-15 20:00:00,1.8714456119391778,1.864275656635098,1.8626963366229097,1.8640066761810326
2022-08-16 00:00:00,1.8640066761810326,1.8424245044448744,1.8421420118860414,1.8423712316564236
2022-08-16 04:00:00,1.8423712316564236,1.845863519856739,1.843344770421001,1.8454532194839144
2022-08-16 08:00:00,1.8454532194839144,1.8798925961807784,1.879504608305928,1.8797222726866931
2022-08-16 12:00:00,1.8797222726866931,1.8557155623816968,1.854713935061254,1.8553961168293243
2022-08-16 16:00:00,1.8553961168293243,1.854462612763303,1.852188781212488,1.852973953493046
2022-08-16 20:00:00,1.852973953493046,1.863267129964553,1.8616367742385542,1.862170420291936
2022-08-17 00:00:00,1.862170420291936,1.8652437033303368,1.8638342292550687,1.864696265443926
2022-08-17 04:00:00,1.864696265443926,1.8637402385886763,1.8608465137441619,1.8633119735797188
2022-08-17 08:00:00,1.8633119735797188,1.8460194956627232,1.845659834871086,1.845771587409809
2022-08-17 12:00:00,1.845771587409809,1.847787756622947,1.8454281528529572,1.8475534108549816
2022-08-17 16:00:00,1.8475534108549816,1.8383524070705501,1.837674903157577,1.8377617987438006
2022-08-17 20:00:00,1.8377617987438006,1.8091187218810811,1.8087002631005256,1.8087054513438836
2022-08-18 00:00:00,1.8087054513438836,1.8238374278737775,1.8210133729845266,1.822823468760426
2022-08-18 04:00:00,1.822823468760426,1.8377001676157754,1.8359400905340117,1.8373547348853942
2022-08-18 08:00:00,1.8373547348853942,1.8393298902999409,1.8390434097387809,1.8392538320068634
2022-08-18 12:00:00,1.8392538320068634,1.8432610900224624,1.8419083280915296,1.842534069931442
2022-08-18 16:00:00,1.842534069931442,1.8574621751335636,1.855989731435518,1.857078261147174
2022-08-18 20:00:00,1.857078261147174,1.8628852763651826,1.8599429928378126,1.8612798483189954
2022-08-19 00:00:00,1.8612798483189954,1.8738369911500106,1.8726305245403692,1.8735516907275858
2022-08-19 04:00:00,1.8735516907275858,1.870866269335398,1.8688644148917557,1.8705849456460595
2022-08-19 08:00:00,1.8705849456460595,1.887703052791518,1.885919849733394,1.8872794799901795
2022-08-19 12:00:00,1.8872794799901795,1.8932496886937928,1.8926274912941277,1.8928791278980444
2022-08-19 16:00:00,1.8928791278980444,1.8979343012645575,1.8953523767408826,1.8958524281346427
2022-08-19 20:00:00,1.8958524281346427,1.880443462787094,1.8799124840347103,1.8801388536806687
2022-08-20 00:00:00,1.8801388536806687,1.8831861914585475,1.8821174154578728,1.8825494739366346
2022-08-20 04:00:00,1.8825494739366346,1.873700646586467,1.8724360829745788,1.8724945630124838
2022-08-20 08:00:00,1.8724945630124838,1.8644451400858018,1.8636816103901204,1.8638835967287908
2022-08-20 12:00:00,1.8638835967287908,1.8541452031025287,1.8532632926072983,1.8533430630401315
2022-08-20 16:00:00,1.8533430630401315,1.8399346512063275,1.8392375864044226,1.8396854333962587
2022-08-20 20:00:00,1.8396854333962587,1.8656788232912616,1.8645503263008238,1.86458510063784
2022-08-21 00:00:00,1.86458510063784,1.885124470510825,1.88385626257823,1.8840624502830636
2022-08-21 04:00:00,1.8840624502830636,1.9131182252075536,1.9118615815195426,1.9119461271039355
2022-08-21 08:00:00,1.9119461271039355,1.8965955332740754,1.8952702756761173,1.8963912493135664
2022-08-21 12:00:00,1.8963912493135664,1.8970666254675843,1.8951746220270527,1.8961947646988946
2022-08-21 16:00:00,1.8961947646988946,1.8793304118773835,1.8773341789357743,1.8781476733836757
2022-08-21 20:00:00,1.8781476733836757,1.8671899668106153,1.8666562736876837,1.8668855227836199
2022-08-22 00:00:00,1.8668855227836199,1.8535808270507845,1.8527167217486358,1.8531501552957017
2022-08-22 04:00:00,1.8531501552957017,1.8710385216833911,1.8686819958658463,1.8694986825588151
2022-08-22 08:00:00,1.8694986825588151,1.8657291084137368,1.8640343383912927,1.8651333838127966
2022-08-22 12:00:00,1.8651333838127966,1.8803587296081867,1.8790653440146616,1.879699627309932
2022-08-22 16:00:00,1.879699627309932,1.8896727705970622,1.8892689218179637,1.8894371309014666
2022-08-22 20:00:00,1.8894371309014666,1.9239234968530765,1.9224485966301996,1.9229602119625584
2022-08-23 00:00:00,1.9229602119625584,1.9038432530794653,1.90199326209829,1.9029781930093597
2022-08-23 04:00:00,1.9029781930093597,1.9211621886926398,1.9209449977956425,1.9210829494570882
2022-08-23 08:00:00,1.9210829494570882,1.941264844556661,1.9394789052161212,1.9409143578207195
2022-08-23 12:00:00,1.9409143578207195,1.9273549152857223,1.9262935592268224,1.9266052131699754
2022-08-23 16:00:00,1.9266052131699754,1.941938296810057,1.9400351370683124,1.9419091188415072
2022-08-23 20:00:00,1.9419091188415072,1.9491212517620633,1.947853987633412,1.9486771412889143
2022-08-24 00:00:00,1.9486771412889143,1.9458093639782574,1.9443823146031287,1.9455570821431116
2022-08-24 04:00:00,1.9455570821431116,1.9342507024695639,1.932373781175795,1.9325519884945885
2022-08-24 08:00:00,1.9325519884945885,1.9214505901160894,1.919880871445175,1.9204759762939596
2022-08-24 12:00:00,1.9204759762939596,1.9511405167849754,1.949319902294045,1.9509920671862497
2022-08-24 16:00:00,1.9509920671862497,1.9537620077767623,1.9523404925711938,1.9534653744529413
2022-08-24 20:00:00,1.9534653744529413,1.9667099047388,1.9654524447173556,1.9660358230997157
2022-08-25 00:00:00,1.9660358230997157,1.9557706029863549,1.954479020372814,1.9545785926014991
2022-08-25 04:00:00,1.9545785926014991,1.943722147812108,1.9413561722102275,1.9415461315845957
2022-08-25 08:00:00,1.9415461315845957,1.957641833683983,1.9566258548873607,1.9573018396676256
2022-08-25 12:00:00,1.9573018396676256,1.9385879566513637,1.9374597210800826,1.9374823136058976
2022-08-25 16:00:00,1.9374823136058976,1.9297279761459025,1.9285518446065049,1.9293427940420131
2022-08-25 20:00:00,1.9293427940420131,1.9293188894238216,1.928666438088375,1.9292201695282005
2022-08-26 00:00:00,1.9292201695282005,1.9313525281112514,1.9308580666630384,1.9308615281543189
2022-08-26 04:00:00,1.9308615281543189,1.9288240366294376,1.9274866992576773,1.928438929215394
2022-08-26 08:00:00,1.928438929215394,1.9351462200229599,1.9333663847104472,1.9336973082781663
2022-08-26 12:00:00,1.9336973082781663,1.9438217721036983,1.942870416980192,1.9434716609770133
2022-08-26 16:00:00,1.9434716609770133,1.9544781851681015,1.9536533572888268,1.9541601669910516
2022-08-26 20:00:00,1.9541601669910516,1.942562836217043,1.941473596312161,1.9417741711780694
2022-08-27 00:00:00,1.9417741711780694,1.937883045428972,1.9362852429365391,1.9369751221984004
2022-08-27 04:00:00,1.9369751221984004,1.953065679206329,1.9502902858892945,1.9522636421144735
2022-08-27 08:00:00,1.9522636421144735,1.9660129854082244,1.96522151746064,1.9655036272741004
2022-08-27 12:00:00,1.9655036272741004,1.9483157327246794,1.9474086855280337,1.948033306948101
2022-08-27 16:00:00,1.948033306948101,1.9518692183582094,1.9508893555640148,1.9514712010123743
2022-08-27 20:00:00,1.9514712010123743,1.9256764189544209,1.925449641330832,1.9255361085057934
2022-08-28 00:00:00,1.9255361085057934,1.9248138589528887,1.9241046718237504,1.9241274244665107
2022-08-28 04:00:00,1.9241274244665107,1.950471088136595,1.9493632199398845,1.949514255562415
2022-08-28 08:00:00,1.949514255562415,1.93863619343292,1.9361996650123194,1.9381091007104754
2022-08-28 12:00:00,1.9381091007104754,1.9256197545007427,1.925241162793574,1.9254772979955803
2022-08-28 16:00:00,1.9254772979955803,1.9370751721244732,1.934761864913168,1.9352161387407285
2022-08-28 20:00:00,1.9352161387407285,1.9151956469842175,1.913056517114299,1.914534604354591
2022-08-29 00:00:00,1.914534604354591,1.9054449963912328,1.9035623293103272,1.9038913191130815
2022-08-29 04:00:00,1.9038913191130815,1.9130019731550711,1.9105962146490003,1.9114694156186995
2022-08-29 08:00:00,1.9114694156186995,1.9033347593673675,1.9028590138628307,1.9032606759727821
2022-08-29 12:00:00,1.9032606759727821,1.8996080827204733,1.8974744126972376,1.8993815605562745
2022-08-29 16:00:00,1.8993815605562745,1.9094898230844446,1.9089318588982904,1.908961372791763
2022-08-29 20:00:00,1.908961372791763,1.9153709954859364,1.9153055786317594,1.915318743652052
2022-08-30 00:00:00,1.915318743652052,1.92038834989563,1.9187524892137306,1.9193083785383642
2022-08-30 04:00:00,1.9193083785383642,1.9153843141835767,1.9137852912870388,1.9153259051576337
2022-08-30 08:00:00,1.9153259051576337,1.9207255064588988,1.9192843394156538,1.9195761561859592
2022-08-30 12:00:00,1.9195761561859592,1.9188947637934872,1.9177687451413947,1.9184258352449322
2022-08-30 16:00:00,1.9184258352449322,1.9238342833361384,1.9227511595734397,1.9236490557041168
2022-08-30 20:00:00,1.9236490557041168,1.9197136803348707,1.918256289277029,1.9184082875412283
2022-08-31 00:00:00,1.9184082875412283,1.91624026174589,1.9155862193012605,1.9159535875060083
2022-08-31 04:00:00,1.9159535875060083,1.9052908602879184,1.9046735068902665,1.9050893157950288
2022-08-31 08:00:00,1.9050893157950288,1.9038918765793167,1.9032503688618203,1.9038433648533306
2022-08-31 12:00:00,1.9038433648533306,1.8954489952029308,1.8949318015014578,1.8952846156139167
2022-08-31 16:00:00,1.8952846156139167,1.8832659667099454,1.8830128932277717,1.88304545612247
2022-08-31 20:00:00,1.88304545612247,1.8851719994820788,1.8841132619420966,1.8847936081411172
2022-09-01 00:00:00,1.8847936081411172,1.8871251516047716,1.886739668526875,1.8871033996420419
2022-09-01 04:00:00,1.8871033996420419,1.895298258002894,1.8932176894820982,1.8950595018276941
2022-09-01 08:00:00,1.8950595018276941,1.8915768249187483,1.8912357879009856,1.8914141762993104
2022-09-01 12:00:00,1.8914141762993104,1.8959378561187479,1.8950662918668864,1.8950862594726312
2022-09-01 16:00:00,1.8950862594726312,1.901144215575357,1.900486238091758,1.9006295295862266
2022-09-01 20:00:00,1.9006295295862266,1.9054244211989129,1.9048930920144882,1.9052774390714682
2022-09-02 00:00:00,1.9052774390714682,1.899124153937742,1.897678474055305,1.8979713853117397
2022-09-02 04:00:00,1.8979713853117397,1.8990929526622913,1.8986899176465788,1.898773754721128
2022-09-02 08:00:00,1.898773754721128,1.9030933070890959,1.9020634104452732,1.90210043904778
2022-09-02 12:00:00,1.90210043904778,1.9028917308997806,1.9013612192058733,1.902429864602063
2022-09-02 16:00:00,1.902429864602063,1.8862864270155355,1.8844575939248076,1.8848976954047356
2022-09-02 20:00:00,1.8848976954047356,1.8859176921312046,1.8848958273896466,1.8849338812292902
2022-09-03 00:00:00,1.8849338812292902,1.9041067037275803,1.9034433261110644,1.9040037532992309
2022-09-03 04:00:00,1.9040037532992309,1.9022356821232576,1.901541680643941,1.902196150857167
2022-09-03 08:00:00,1.902196150857167,1.895727931023839,1.8950152323693472,1.8955146110624532
2022-09-03 12:00:00,1.8955146110624532,1.898583961777648,1.8981577591975267,1.8983220061264134
2022-09-03 16:00:00,1.8983220061264134,1.9014531408804212,1.9011918330606168,1.9012804826639176
2022-09-03 20:00:00,1.9012804826639176,1.9122118666197558,1.911188575561181,1.911759256800272
2022-09-04 00:00:00,1.911759256800272,1.9025266148630924,1.9008722116991763,1.9015573741389895
2022-09-04 04:00:00,1.9015573741389895,1.9073622796332326,1.9067461375052688,1.9072756220972047
2022-09-04 08:00:00,1.9072756220972047,1.9132784882262706,1.9113742333221737,1.912985737252498
2022-09-04 12:00:00,1.912985737252498,1.9128937577173428,1.9112729320318047,1.9121863055259647
2022-09-04 16:00:00,1.9121863055259647,1.915220528984279,1.9138447181084866,1.915014645155286
2022-09-04 20:00:00,1.915014645155286,1.9240076954005725,1.923492691411462,1.9238637079767982
2022-09-05 00:00:00,1.9238637079767982,1.932318127382233,1.9318350676186429,1.9320179500518861
2022-09-05 04:00:00,1.9320179500518861,1.92362128148474,1.9221460211221888,1.9228311886975629
2022-09-05 08:00:00,1.9228311886975629,1.9304898491638274,1.9277506479545967,1.929254214933156
2022-09-05 12:00:00,1.929254214933156,1.929687423506861,1.9286346128680638,1.9292046660429285
2022-09-05 16:00:00,1.9292046660429285,1.9309578888001677,1.9293949103236643,1.9298118570127811
2022-09-05 20:00:00,1.9298118570127811,1.9312456248293242,1.9301790847421734,1.9304530938190463
2022-09-06 00:00:00,1.9304530938190463,1.930556206416695,1.9285895594516071,1.9293295839805449
2022-09-06 04:00:00,1.9293295839805449,1.9385123707120142,1.9377236127434943,1.9382922496701163
2022-09-06 08:00:00,1.9382922496701163,1.9383651245352165,1.9383511146716554,1.938359648355544
2022-09-06 12:00:00,1.938359648355544,1.9303035091323406,1.9294019878948503,1.929996602078943
2022-09-06 16:00:00,1.929996602078943,1.9274086586347574,1.9259230311765874,1.9263418366409968
2022-09-06 20:00:00,1.9263418366409968,1.9281489938868346,1.9268619699615765,1.9273874996489788
2022-09-07 00:00:00,1.9273874996489788,1.9370208582079664,1.9345763260399236,1.9364200983093005
2022-09-07 04:00:00,1.9364200983093005,1.9422693189244291,1.9407893932763611,1.9416636700076655
2022-09-07 08:00:00,1.9416636700076655,1.9364933303405103,1.93553705930694,1.9357252916023289
2022-09-07 12:00:00,1.9357252916023289,1.9554060982814783,1.9534496255226719,1.953934407823153
2022-09-07 16:00:00,1.953934407823153,1.9587625530210004,1.957339521212296,1.9575695335587762
2022-09-07 20:00:00,1.9575695335587762,1.968200603821096,1.967929206511916,1.9681863271930455
2022-09-08 00:00:00,1.9681863271930455,1.9680032237178415,1.9673683435917486,1.967772376918651
2022-09-08 04:00:00,1.967772376918651,1.9724157959187847,1.9714152129404012,1.9720334307464502
2022-09-08 08:00:00,1.9720334307464502,1.9793157322419948,1.9779700419322692,1.979076819281045
2022-09-08 12:00:00,1.979076819281045,1.9914876270898998,1.9892794943924605,1.98947398523838
2022-09-08 16:00:00,1.98947398523838,1.9992976454754352,1.9986709219796466,1.9991154120648258
2022-09-08 20:00:00,1.9991154120648258,2.0075163167288057,2.007100100417692,2.007331011048791
2022-09-09 00:00:00,2.007331011048791,2.005909728967871,2.005104620039433,2.005270459438455
2022-09-09 04:00:00,2.005270459438455,2.0004103984975603,2.000201011773854,2.0003112576175672
2022-09-09 08:00:00,2.0003112576175672,2.0031711733217765,2.0020091691845816,2.002678545455494
2022-09-09 12:00:00,2.002678545455494,2.0114253592627853,2.009513431115181,2.010457462270321
2022-09-09 16:00:00,2.010457462270321,2.010444961936682,2.00842982927686,2.0092480253496774
2022-09-09 20:00:00,2.0092480253496774,2.017863352187573,2.0174080421792233,2.0176648177317626
2022-09-10 00:00:00,2.0176648177317626,2.030553228252977,2.0298545572788282,2.0301904708873866
2022-09-10 04:00:00,2.0301904708873866,2.0238908400405426,2.0226479128910975,2.023415695468686
2022-09-10 08:00:00,2.023415695468686,2.0157888602143825,2.0157246350013915,2.0157835799436334
2022-09-10 12:00:00,2.0157835799436334,2.014416402289022,2.01324663780832,2.0139794300022307
2022-09-10 16:00:00,2.0139794300022307,2.017034423623952,2.0152600023704776,2.0163819515466925
2022-09-10 20:00:00,2.0163819515466925,2.0135879605873663,2.01141730556392,2.0123339501903104
2022-09-11 00:00:00,2.0123339501903104,2.0236233438283864,2.0222910940696956,2.0228201805649855
2022-09-11 04:00:00,2.0228201805649855,2.028251467403099,2.026168232952141,2.0271609133865924
2022-09-11 08:00:00,2.0271609133865924,2.028702789987479,2.0267294658988173,2.0278307391839747
2022-09-11 12:00:00,2.0278307391839747,2.0174248128765577,2.015296806768405,2.0165803321523303
2022-09-11 16:00:00,2.0165803321523303,2.0055757726414964,2.0045967197951837,2.0050320320381334
2022-09-11 20:00:00,2.0050320320381334,2.0074875878204375,2.0063438906140374,2.0064564876757074
2022-09-12 00:00:00,2.0064564876757074,1.989621557703608,1.9888356806285696,1.9893581473211206
2022-09-12 04:00:00,1.9893581473211206,1.9970665849379352,1.9959785283651599,1.9967034210083858
2022-09-12 08:00:00,1.9967034210083858,1.9959764560242024,1.9952655971456392,1.9959236311632667
2022-09-12 12:00:00,1.9959236311632667,2.023356542512002,2.0225047759137897,2.0231470355080243
2022-09-12 16:00:00,2.0231470355080243,2.048325972475292,2.04673852968189,2.0474531000491356
2022-09-12 20:00:00,2.0474531000491356,2.047995468503682,2.0469804268588683,2.047508280801521
2022-09-13 00:00:00,2.047508280801521,2.0469453945433442,2.0458227203593244,2.0464434331631463
2022-09-13 04:00:00,2.0464434331631463,2.056310498770498,2.05533309925115,2.056043525898528
2022-09-13 08:00:00,2.056043525898528,2.0738577234318094,2.0731649510539887,2.073660533471124
2022-09-13 12:00:00,2.073660533471124,2.0581454687759075,2.057196495103471,2.0580606122848204
2022-09-13 16:00:00,2.0580606122848204,2.0378089440929283,2.0374252634932892,2.037789397601527
2022-09-13 20:00:00,2.037789397601527,2.029846897964454,2.0291102639596565,2.0292376178907925
2022-09-14 00:00:00,2.0292376178907925,2.035279617580785,2.03434445321498,2.035035780072909
2022-09-14 04:00:00,2.035035780072909,2.0409634244658403,2.0398424088534717,2.0409616418157843
2022-09-14 08:00:00,2.0409616418157843,2.054213376966067,2.051111551066676,2.0530841107088325
2022-09-14 12:00:00,2.0530841107088325,2.0411742916090185,2.040161017686659,2.0407967173052994
2022-09-14 16:00:00,2.0407967173052994,2.0144084472656774,2.013685591084003,2.014096117450008
2022-09-14 20:00:00,2.014096117450008,2.023242583050203,2.019908865671082,2.022209285385488
2022-09-15 00:00:00,2.022209285385488,2.0139830519256026,2.011927475842483,2.0130517484392207
2022-09-15 04:00:00,2.0130517484392207,1.9897002702017117,1.9881929202768114,1.9886903231579174
2022-09-15 08:00:00,1.9886903231579174,1.9895375701411238,1.9885230657118182,1.9885471538875288
2022-09-15 12:00:00,1.9885471538875288,1.999044968857327,1.996702755852166,1.997959980978837
2022-09-15 16:00:00,1.997959980978837,1.9973788475769552,1.9960296492866,1.9972641394336683
2022-09-15 20:00:00,1.9972641394336683,1.9923192137684094,1.991640694869226,1.9919857437542514
2022-09-16 00:00:00,1.9919857437542514,1.9901779519117875,1.9895333504363495,1.9897826608509803
2022-09-16 04:00:00,1.9897826608509803,1.9863327314564683,1.9855472473625149,1.9855996124759725
2022-09-16 08:00:00,1.9855996124759725,1.9713904775887414,1.9689769603191007,1.97107030164465
2022-09-16 12:00:00,1.97107030164465,1.962859700931422,1.961126108180689,1.9622206815881906
2022-09-16 16:00:00,1.9622206815881906,1.9680379616503905,1.9670419078995878,1.9671211242631244
2022-09-16 20:00:00,1.9671211242631244,1.9720706776917913,1.9704337675053782,1.9709194223189856
2022-09-17 00:00:00,1.9709194223189856,1.9731132807921827,1.9727363564207292,1.9729649597764307
2022-09-17 04:00:00,1.9729649597764307,1.9636026784790317,1.9624523206983773,1.9631531388594545
2022-09-17 08:00:00,1.9631531388594545,1.961051673329926,1.9598060458772228,1.960541175323138
2022-09-17 12:00:00,1.960541175323138,1.9392111749874228,1.9379698086569443,1.939119663203247
2022-09-17 16:00:00,1.939119663203247,1.9401633558854983,1.9385382619059452,1.9392658663918956
2022-09-17 20:00:00,1.9392658663918956,1.9540872401182312,1.9527809576782014,1.953554252069468
2022-09-18 00:00:00,1.953554252069468,1.9404012725800641,1.939073428149749,1.939507277151631
2022-09-18 04:00:00,1.939507277151631,1.9325938899066473,1.931387750152841,1.9322193264351823
2022-09-18 08:00:00,1.9322193264351823,1.935188312138553,1.9349644807639512,1.9350773024577914
2022-09-18 12:00:00,1.9350773024577914,1.9489393703637314,1.9477025552017206,1.9481011799732149
2022-09-18 16:00:00,1.9481011799732149,1.9447121810540366,1.944166167803747,1.9444503934399695
2022-09-18 20:00:00,1.9444503934399695,1.937451241507209,1.9370024769180563,1.9370966098220905
2022-09-19 00:00:00,1.9370966098220905,1.9174601703659981,1.9159983622308845,1.9166576943753346
2022-09-19 04:00:00,1.9166576943753346,1.9167249475397719,1.9160690981763078,1.9161320520537815
2022-09-19 08:00:00,1.9161320520537815,1.9374758599158102,1.936327189629499,1.9370917687522775
2022-09-19 12:00:00,1.9370917687522775,1.9419256310113857,1.9414843392484857,1.9418272471475708
2022-09-19 16:00:00,1.9418272471475708,1.942394371223348,1.9412723314622886,1.9419662715634
2022-09-19 20:00:00,1.9419662715634,1.9464185346674334,1.9447405037696868,1.945314037338512
2022-09-20 00:00:00,1.945314037338512,1.9461371527962052,1.945237271937327,1.9454699014206513
2022-09-20 04:00:00,1.9454699014206513,1.9377535563107011,1.9365235543651775,1.9375999299585775
2022-09-20 08:00:00,1.9375999299585775,1.9452091330528376,1.9446794778115588,1.9449560868764793
2022-09-20 12:00:00,1.9449560868764793,1.9478528625819584,1.9465610494856953,1.9477371296750132
2022-09-20 16:00:00,1.9477371296750132,1.9483616085058464,1.9477881891367168,1.94812648284458
2022-09-20 20:00:00,1.94812648284458,1.9400174948605837,1.9392813913147022,1.9392936987849752
2022-09-21 00:00:00,1.9392936987849752,1.9505996499191904,1.9498573928335718,1.9505500732525523
2022-09-21 04:00:00,1.9505500732525523,1.958269379185015,1.957649554445292,1.957718669925431
2022-09-21 08:00:00,1.957718669925431,1.9544727557443573,1.9529278368444256,1.9530870208688993
2022-09-21 12:00:00,1.9530870208688993,1.9650947170830255,1.9610288723943488,1.962016391647714
2022-09-21 16:00:00,1.962016391647714,1.9582889613537686,1.9578962487956542,1.9580666909999227
2022-09-21 20:00:00,1.9580666909999227,1.9516881509293587,1.9499493533264023,1.9505765051655524
2022-09-22 00:00:00,1.9505765051655524,1.9431908347201388,1.9425702762411277,1.943025715071506
2022-09-22 04:00:00,1.943025715071506,1.9265177934067221,1.9252785159977215,1.926285023404426
2022-09-22 08:00:00,1.926285023404426,1.9306825354100627,1.928510494054594,1.9294574066701893
2022-09-22 12:00:00,1.9294574066701893,1.912983006147349,1.9113669438375063,1.9126769804677162
2022-09-22 16:00:00,1.9126769804677162,1.8995604964740502,1.8993368114253282,1.8994344811322468
2022-09-22 20:00:00,1.8994344811322468,1.8785123870795573,1.8771512875704053,1.8778836782683008
2022-09-23 00:00:00,1.8778836782683008,1.87554434569765,1.8746995357182878,1.875267933014453
2022-09-23 04:00:00,1.875267933014453,1.8738721939903278,1.8731946273035311,1.873529205505107
2022-09-23 08:00:00,1.873529205505107,1.8709788459253633,1.8701161611072845,1.8701773059379152
2022-09-23 12:00:00,1.8701773059379152,1.8607589703589915,1.8596325736166575,1.8599333458516225
2022-09-23 16:00:00,1.8599333458516225,1.8480594400578307,1.847216844899865,1.8478205189435046
2022-09-23 20:00:00,1.8478205189435046,1.8525654924001191,1.850883243232708,1.8514194120967438
2022-09-24 00:00:00,1.8514194120967438,1.8465674759546367,1.8462053971108936,1.8464168498046643
2022-09-24 04:00:00,1.8464168498046643,1.849154020743935,1.847948730583356,1.849011284733745
2022-09-24 08:00:00,1.849011284733745,1.8423082522091652,1.8406678444670053,1.8410736613792174
2022-09-24 12:00:00,1.8410736613792174,1.8432610217088639,1.8412195563113343,1.8421078814115388
2022-09-24 16:00:00,1.8421078814115388,1.854270119903484,1.8529693673399834,1.8538245441455397
2022-09-24 20:00:00,1.8538245441455397,1.860773134986138,1.8592736304546156,1.860161006277953
2022-09-25 00:00:00,1.860161006277953,1.8571396123265882,1.8560019644453016,1.8568905533482765
2022-09-25 04:00:00,1.8568905533482765,1.8590664624182365,1.8572099467061003,1.8589323924580543
2022-09-25 08:00:00,1.8589323924580543,1.8577114216018695,1.8565385417305271,1.8570012035414123
2022-09-25 12:00:00,1.8570012035414123,1.8573522416945263,1.8566877030611026,1.8569134022909703
2022-09-25 16:00:00,1.8569134022909703,1.8551854058384036,1.8541005171258313,1.8542619529698294
2022-09-25 20:00:00,1.8542619529698294,1.852784773827823,1.8525135246205293,1.8527466004343753
2022-09-26 00:00:00,1.8527466004343753,1.854537671277711,1.8540874351475132,1.8542592655999077
2022-09-26 04:00:00,1.8542592655999077,1.8470397623430412,1.8463985679690513,1.846954663294645
2022-09-26 08:00:00,1.846954663294645,1.8395960199564145,1.8376402037342032,1.8387258719781534
2022-09-26 12:00:00,1.8387258719781534,1.8281810941924042,1.8264193557557795,1.8274984793389473
2022-09-26 16:00:00,1.8274984793389473,1.814435899174243,1.813747925689024,1.8140707395166598
2022-09-26 20:00:00,1.8140707395166598,1.8047467687996408,1.8026207469576758,1.8030838661665625
2022-09-27 00:00:00,1.8030838661665625,1.8042727760234865,1.8029920943474842,1.8035401193184337
2022-09-27 04:00:00,1.8035401193184337,1.7969920115669595,1.795665328249085,1.7964009432583423
2022-09-27 08:00:00,1.7964009432583423,1.8009218072209183,1.7992451510827718,1.7999775073654032
2022-09-27 12:00:00,1.7999775073654032,1.8006532099252726,1.7998262526930413,1.8005398864168383
2022-09-27 16:00:00,1.8005398864168383,1.78624573490808,1.7851150039319745,1.785548295038002
2022-09-27 20:00:00,1.785548295038002,1.7911224162228754,1.7890038815274663,1.7896390666408257
2022-09-28 00:00:00,1.7896390666408257,1.79658949491238,1.796417270923853,1.7964422351715457
2022-09-28 04:00:00,1.7964422351715457,1.7894236468211104,1.7877345584687887,1.789020609292488
2022-09-28 08:00:00,1.789020609292488,1.7923194059541707,1.7905641309270097,1.791816294544107
2022-09-28 12:00:00,1.791816294544107,1.7855635546440207,1.7849099795233396,1.7852884683616426
2022-09-28 16:00:00,1.7852884683616426,1.7863382096204738,1.7852501435986805,1.785537798944652
2022-09-28 20:00:00,1.785537798944652,1.7760704937788754,1.775794107210695,1.7759758138689752
2022-09-29 00:00:00,1.7759758138689752,1.761530268752137,1.7609450919464207,1.761385492427179
2022-09-29 04:00:00,1.761385492427179,1.7572032003301525,1.755744498049712,1.7571228585209808
2022-09-29 08:00:00,1.7571228585209808,1.7557956331184386,1.7546284711620361,1.7557943664839184
2022-09-29 12:00:00,1.7557943664839184,1.7533776693397323,1.7520349603220866,1.7526139904808196
2022-09-29 16:00:00,1.7526139904808196,1.7441776623377045,1.742886528707535,1.743404675337306
2022-09-29 20:00:00,1.743404675337306,1.73979498239908,1.7394941306254799,1.7395895748850785
2022-09-30 00:00:00,1.7395895748850785,1.7416042868831374,1.7407808783275998,1.7413292394092803
2022-09-30 04:00:00,1.7413292394092803,1.7416983937944788,1.7404860168794072,1.7411366963900434
2022-09-30 08:00:00,1.7411366963900434,1.742740723166282,1.7414574769187101,1.7424206611224957
2022-09-30 12:00:00,1.7424206611224957,1.7380161207044122,1.736677316440211,1.73789367970082
2022-09-30 16:00:00,1.73789367970082,1.7466671431402554,1.7445075707587623,1.7455959583944327
2022-09-30 20:00:00,1.7455959583944327,1.7391394287912734,1.737176673925925,1.7379659303327029
2022-10-01 00:00:00,1.7379659303327029,1.7412457943464763,1.7406451840752688,1.7408274749452075
2022-10-01 04:00:00,1.7408274749452075,1.7497152799737767,1.7480026937592767,1.749349651365534
2022-10-01 08:00:00,1.749349651365534,1.753956918108702,1.7532825968017447,1.753498807854859
2022-10-01 12:00:00,1.753498807854859,1.7530979464736178,1.7523614272067511,1.752383811379535
2022-10-01 16:00:00,1.752383811379535,1.7492074973689566,1.7476359867304596,1.7486376613627874
2022-10-01 20:00:00,1.7486376613627874,1.7557619694487163,1.7552313620587037,1.7554422385196848
2022-10-02 00:00:00,1.7554422385196848,1.746362120346733,1.745291894580204,1.7461149689739788
2022-10-02 04:00:00,1.7461149689739788,1.7399812010318139,1.7381851778077417,1.7384753187930226
2022-10-02 08:00:00,1.7384753187930226,1.7357355536016543,1.7340523138162343,1.7350036453477007
2022-10-02 12:00:00,1.7350036453477007,1.7442409221206465,1.74347681190864,1.7435262339012123
2022-10-02 16:00:00,1.7435262339012123,1.747796782717812,1.7456310593286506,1.746980188020014
2022-10-02 20:00:00,1.746980188020014,1.7409989966291382,1.7397900036171097,1.740303695968933
2022-10-03 00:00:00,1.740303695968933,1.7383788162084488,1.7370811087379638,1.737529258495213
2022-10-03 04:00:00,1.737529258495213,1.733729430183003,1.732926759127276,1.732962164448531
2022-10-03 08:00:00,1.732962164448531,1.7285407724656743,1.7270289512525088,1.7276185654370164
2022-10-03 12:00:00,1.7276185654370164,1.7344426009918588,1.733599412956559,1.7340630549658258
2022-10-03 16:00:00,1.7340630549658258,1.7257399930743849,1.721786271986269,1.7248766190660376
2022-10-03 20:00:00,1.7248766190660376,1.736133744856522,1.7351272242062266,1.7358344896288258
2022-10-04 00:00:00,1.7358344896288258,1.7431590624692286,1.742392352382466,1.7429927073885403
2022-10-04 04:00:00,1.7429927073885403,1.7521340986663638,1.7515092891374546,1.751946000441838
2022-10-04 08:00:00,1.751946000441838,1.7492074359475784,1.7479337663944194,1.7490318674146241
2022-10-04 12:00:00,1.7490318674146241,1.7482269816308709,1.7468794777708712,1.747648034377046
2022-10-04 16:00:00,1.747648034377046,1.7373754846440639,1.7355918437072848,1.7368991182506317
2022-10-04 20:00:00,1.7368991182506317,1.7324763056153596,1.7307634577600637,1.732033463779245
2022-10-05 00:00:00,1.732033463779245,1.7354981348339737,1.7343629361992008,1.7353896546987768
2022-10-05 04:00:00,1.7353896546987768,1.7458470163036455,1.7445927159029297,1.745367547033725
2022-10-05 08:00:00,1.745367547033725,1.7380795233359794,1.7369357371035072,1.7376334232066901
2022-10-05 12:00:00,1.7376334232066901,1.7345714935132193,1.7335217672662213,1.734176551157962
2022-10-05 16:00:00,1.734176551157962,1.7331559454651744,1.7325216770212195,1.732745861319422
2022-10-05 20:00:00,1.732745861319422,1.7229188614606208,1.7219374537644248,1.7223279423337672
2022-10-06 00:00:00,1.7223279423337672,1.7262592395311678,1.7245626633960038,1.7259935801062012
2022-10-06 04:00:00,1.7259935801062012,1.7212455269367815,1.7195519072369954,1.7208629844795382
2022-10-06 08:00:00,1.7208629844795382,1.720411193593241,1.7189943576269793,1.718998800615968
2022-10-06 12:00:00,1.718998800615968,1.7159931086228886,1.714235855654384,1.7155776612451334
2022-10-06 16:00:00,1.7155776612451334,1.710011142722294,1.7086702178098039,1.7096879161257081
2022-10-06 20:00:00,1.7096879161257081,1.709530301164162,1.7088592764721333,1.709167409657039
2022-10-07 00:00:00,1.709167409657039,1.70837591646874,1.7062704572829737,1.7076428661825134
2022-10-07 04:00:00,1.7076428661825134,1.7051130915224806,1.70488559553792,1.7050342529628884
2022-10-07 08:00:00,1.7050342529628884,1.7000717496504776,1.699613151494759,1.700051507825126
2022-10-07 12:00:00,1.700051507825126,1.7019664912866348,1.7016070208202565,1.7017475890001392
2022-10-07 16:00:00,1.7017475890001392,1.7125797803078004,1.7124388509176254,1.7124999722931458
2022-10-07 20:00:00,1.7124999722931458,1.7145674774946367,1.7142638961039107,1.714307108752162
2022-10-08 00:00:00,1.714307108752162,1.7212426138650199,1.7206676858527965,1.7210281963351581
2022-10-08 04:00:00,1.7210281963351581,1.7123056093763966,1.711435003982709,1.7122654677662692
2022-10-08 08:00:00,1.7122654677662692,1.7134899102814651,1.7123669683756848,1.7126487746458119
2022-10-08 12:00:00,1.7126487746458119,1.7056431375281123,1.7051250134576121,1.7054249063922553
2022-10-08 16:00:00,1.7054249063922553,1.6959092472427524,1.6948306956219592,1.6949662808561752
2022-10-08 20:00:00,1.6949662808561752,1.689223835657358,1.6883616183392403,1.6890084476658305
2022-10-09 00:00:00,1.6890084476658305,1.6968551590821277,1.6960099145386105,1.6968409592128715
2022-10-09 04:00:00,1.6968409592128715,1.705537722037413,1.7040533811511818,1.7042451384872015
2022-10-09 08:00:00,1.7042451384872015,1.7075300741534203,1.7065201968956067,1.706601113157903
2022-10-09 12:00:00,1.706601113157903,1.6966995872832054,1.6955980870155014,1.6959469561742975
2022-10-09 16:00:00,1.6959469561742975,1.694823333161106,1.6930534275806137,1.6936630307612492
2022-10-09 20:00:00,1.6936630307612492,1.6956665121609424,1.6951467325824072,1.695635338965992
2022-10-10 00:00:00,1.695635338965992,1.6971824837112335,1.6966408068681123,1.6970178166173964
2022-10-10 04:00:00,1.6970178166173964,1.6854736582424963,1.6841871644305246,1.6846655549545597
2022-10-10 08:00:00,1.6846655549545597,1.6776782530503127,1.6766451548939876,1.6773778707262894
2022-10-10 12:00:00,1.6773778707262894,1.6767026729303889,1.676007392480074,1.67633759351141
2022-10-10 16:00:00,1.67633759351141,1.6807126645100616,1.6796680279902947,1.6799771742926237
2022-10-10 20:00:00,1.6799771742926237,1.6653437622949503,1.6639343072846542,1.6652503247091954
2022-10-11 00:00:00,1.6652503247091954,1.6631212981896693,1.6628483605658206,1.662898126730239
2022-10-11 04:00:00,1.662898126730239,1.6638978015425097,1.6629873847081267,1.6637274510603732
2022-10-11 08:00:00,1.6637274510603732,1.670399795707342,1.6685360601433046,1.6696522922143477
2022-10-11 12:00:00,1.6696522922143477,1.67578441708511,1.6742574435034017,1.6749456395131754
2022-10-11 16:00:00,1.6749456395131754,1.6800486676102382,1.6794221548993098,1.6794334415760759
2022-10-11 20:00:00,1.6794334415760759,1.674490021164294,1.6738167842119827,1.6742468029570456
2022-10-12 00:00:00,1.6742468029570456,1.660831274660317,1.659832339697797,1.6606875131195078
2022-10-12 04:00:00,1.6606875131195078,1.6568418356880992,1.6562344936044806,1.6567514286511504
2022-10-12 08:00:00,1.6567514286511504,1.664157425183103,1.6632371106382133,1.6636394952437958
2022-10-12 12:00:00,1.6636394952437958,1.6746596336485058,1.6728620100884097,1.674362648986364
2022-10-12 16:00:00,1.674362648986364,1.6808003158948797,1.6800723694607733,1.6806186273291481
2022-10-12 20:00:00,1.6806186273291481,1.6854835266223533,1.6838393227751647,1.6843968424659803
2022-10-13 00:00:00,1.6843968424659803,1.6882003898600022,1.6868567269531607,1.6875613992532161
2022-10-13 04:00:00,1.6875613992532161,1.6843276064005122,1.6833211142371565,1.6836981358451513
2022-10-13 08:00:00,1.6836981358451513,1.6826892868768775,1.6823443549743484,1.6824403357678563
2022-10-13 12:00:00,1.6824403357678563,1.694950983046053,1.6934573235250563,1.6941937956515551
2022-10-13 16:00:00,1.6941937956515551,1.6881586869765703,1.6876774004021629,1.6881306700141023
2022-10-13 20:00:00,1.6881306700141023,1.700351051356973,1.698752744452418,1.699691239064006
2022-10-14 00:00:00,1.699691239064006,1.6989704616233663,1.6975674495580393,1.6981157900093107
2022-10-14 04:00:00,1.6981157900093107,1.7084528886855241,1.70708518852746,1.7080179909537088
2022-10-14 08:00:00,1.7080179909537088,1.699459853846688,1.697744376264502,1.6978824468728808
2022-10-14 12:00:00,1.6978824468728808,1.7024576277118793,1.700926468996848,1.7017348555532044
2022-10-14 16:00:00,1.7017348555532044,1.697231515471143,1.696170524366182,1.6962720842115768
2022-10-14 20:00:00,1.6962720842115768,1.6850015100201508,1.6842022183598726,1.6848543624216834
2022-10-15 00:00:00,1.6848543624216834,1.686345292729587,1.6854881566412008,1.6856926384253752
2022-10-15 04:00:00,1.6856926384253752,1.6940682044841338,1.6929261185501883,1.693581907197792
2022-10-15 08:00:00,1.693581907197792,1.6881224526715743,1.687203450077032,1.687585217469644
2022-10-15 12:00:00,1.687585217469644,1.6758624198440286,1.6752892145544536,1.675423868844311
2022-10-15 16:00:00,1.675423868844311,1.6739084591707376,1.6733718554556414,1.6737143677717916
2022-10-15 20:00:00,1.6737143677717916,1.6737742564549856,1.6718295518971849,1.6728936402777836
2022-10-16 00:00:00,1.6728936402777836,1.6773371537242068,1.6769640917919855,1.676975742082898
2022-10-16 04:00:00,1.676975742082898,1.684551381479629,1.6840301035450005,1.6844253477107376
2022-10-16 08:00:00,1.6844253477107376,1.684635515859562,1.6841342704549376,1.6845711908176864
2022-10-16 12:00:00,1.6845711908176864,1.6989017953369598,1.698112270072533,1.698202400208006
2022-10-16 16:00:00,1.698202400208006,1.701196472533046,1.7006675275042888,1.7010420642201982
2022-10-16 20:00:00,1.7010420642201982,1.6997988190141524,1.697691790781212,1.6986308876968543
2022-10-17 00:00:00,1.6986308876968543,1.6872051955026885,1.6856974543971908,1.6864989204258694
2022-10-17 04:00:00,1.6864989204258694,1.6835428919716728,1.682715637551748,1.6835114861547538
2022-10-17 08:00:00,1.6835114861547538,1.681089718612408,1.6804067984451054,1.6807395244957601
2022-10-17 12:00:00,1.6807395244957601,1.6881737997764625,1.6869608314092108,1.687610560688595
2022-10-17 16:00:00,1.687610560688595,1.6917749234783699,1.6915606911411765,1.6916161964040335
2022-10-17 20:00:00,1.6916161964040335,1.6837070585189116,1.6831424258290142,1.6832436550024508
2022-10-18 00:00:00,1.6832436550024508,1.6842341194323616,1.6834551215396105,1.683865191992124
2022-10-18 04:00:00,1.683865191992124,1.689253831673886,1.6879830116786203,1.6887772331049038
2022-10-18 08:00:00,1.6887772331049038,1.7008156192090944,1.7002119947250847,1.7002402309337472
2022-10-18 12:00:00,1.7002402309337472,1.708339938230454,1.7076151309704093,1.707891173629457
2022-10-18 16:00:00,1.707891173629457,1.7148612471858604,1.713893868607378,1.7143659000824663
2022-10-18 20:00:00,1.7143659000824663,1.7153913681144033,1.7148939056799553,1.715350261615747
2022-10-19 00:00:00,1.715350261615747,1.7184263546764376,1.7175846736867744,1.7183412935914284
2022-10-19 04:00:00,1.7183412935914284,1.728026865762378,1.7269408620054394,1.7278111919848613
2022-10-19 08:00:00,1.7278111919848613,1.719059896390533,1.718194248962508,1.7184699316195469
2022-10-19 12:00:00,1.7184699316195469,1.7158931106439816,1.7145276553333912,1.7150267045785337
2022-10-19 16:00:00,1.7150267045785337,1.7102072695196553,1.7080666500150563,1.7089008767810128
2022-10-19 20:00:00,1.7089008767810128,1.7116731976571824,1.7109913879080965,1.7112847721006479
2022-10-20 00:00:00,1.7112847721006479,1.721856159836975,1.7198807317372147,1.7206162642053975
2022-10-20 04:00:00,1.7206162642053975,1.718202037783464,1.7165576791299233,1.7168133595792938
2022-10-20 08:00:00,1.7168133595792938,1.6999005133693976,1.6975926293739831,1.698656297140394
2022-10-20 12:00:00,1.698656297140394,1.6940319335505418,1.693529278618757,1.6939011770041459
2022-10-20 16:00:00,1.6939011770041459,1.7020051314868532,1.700524621649644,1.7007927281379953
2022-10-20 20:00:00,1.7007927281379953,1.7072563859620922,1.7048663585103498,1.7056578167785923
2022-10-21 00:00:00,1.7056578167785923,1.7098795645054776,1.7091551399780018,1.7094596951101064
2022-10-21 04:00:00,1.7094596951101064,1.7077015758209069,1.706929323491023,1.7075662862796892
2022-10-21 08:00:00,1.7075662862796892,1.6985644777997138,1.6964189970931172,1.6976812588524495
2022-10-21 12:00:00,1.6976812588524495,1.7014986886578454,1.700731725796214,1.7009082656661951
2022-10-21 16:00:00,1.7009082656661951,1.6949429424834086,1.6947760388226354,1.6947887810527567
2022-10-21 20:00:00,1.6947887810527567,1.7116712643092966,1.7104766845411723,1.7110622323971953
2022-10-22 00:00:00,1.7110622323971953,1.7177360107484043,1.7162659752988425,1.7170761180947178
2022-10-22 04:00:00,1.7170761180947178,1.7129570836757286,1.7124285852264691,1.712782977445123
2022-10-22 08:00:00,1.712782977445123,1.7079708916166665,1.7070650388758148,1.7074948072459648
2022-10-22 12:00:00,1.7074948072459648,1.7065946484109418,1.7059807715417896,1.706327177351716
2022-10-22 16:00:00,1.706327177351716,1.7050817935004416,1.703807807188445,1.704376455739038
2022-10-22 20:00:00,1.704376455739038,1.7131139376930677,1.7120435329403911,1.7126681865939162
2022-10-23 00:00:00,1.7126681865939162,1.7150628559181142,1.714311999518991,1.71477072005582
2022-10-23 04:00:00,1.71477072005582,1.7101779401831738,1.7084769345280182,1.709445841688815
2022-10-23 08:00:00,1.709445841688815,1.7237426890707659,1.7228013423583135,1.7232020716624181
2022-10-23 12:00:00,1.7232020716624181,1.7251737695358935,1.7236133704338599,1.7246987902661215
2022-10-23 16:00:00,1.7246987902661215,1.7309145415427918,1.730646951114345,1.7307521917706157
2022-10-23 20:00:00,1.7307521917706157,1.7276358749467615,1.7262295110837738,1.7265383854202165
2022-10-24 00:00:00,1.7265383854202165,1.7293191873278182,1.728129796301533,1.728972611810501
2022-10-24 04:00:00,1.728972611810501,1.7318282926491069,1.7312191712863214,1.7314912535906775
2022-10-24 08:00:00,1.7314912535906775,1.7179340384030515,1.717166139747117,1.7179270254123626
2022-10-24 12:00:00,1.7179270254123626,1.7323760608473129,1.7319758277930695,1.7323321404120189
2022-10-24 16:00:00,1.7323321404120189,1.7445461272895482,1.743340382216632,1.7440379911380801
2022-10-24 20:00:00,1.7440379911380801,1.742253884520142,1.7401828011820546,1.7416181324587765
2022-10-25 00:00:00,1.7416181324587765,1.7328570826371692,1.7316309540374581,1.732371055616874
2022-10-25 04:00:00,1.732371055616874,1.7351163785243553,1.7343272999168193,1.7345299177953821
2022-10-25 08:00:00,1.7345299177953821,1.7358259295021201,1.7334987046271424,1.73540680691326
2022-10-25 12:00:00,1.73540680691326,1.7393239016749018,1.7382239889546347,1.7382702887063808
2022-10-25 16:00:00,1.7382702887063808,1.7403520710442204,1.7399319982709391,1.7399750022891929
2022-10-25 20:00:00,1.7399750022891929,1.745076448838741,1.7433585107858023,1.743908538804652
2022-10-26 00:00:00,1.743908538804652,1.7556263337139413,1.7549650506246421,1.7549938892908232
2022-10-26 04:00:00,1.7549938892908232,1.7609988659750515,1.759083737276692,1.760285819560303
2022-10-26 08:00:00,1.760285819560303,1.7538533565344756,1.751825753611288,1.752619541203048
2022-10-26 12:00:00,1.752619541203048,1.7629449461500497,1.7612184538632574,1.7626306371588283
2022-10-26 16:00:00,1.7626306371588283,1.7770033095483564,1.776349138795283,1.7766453351723765
2022-10-26 20:00:00,1.7766453351723765,1.8050706764928073,1.8038194026189955,1.8046910147792021
2022-10-27 00:00:00,1.8046910147792021,1.7962748559886597,1.7958434807257873,1.7960996350161684
2022-10-27 04:00:00,1.7960996350161684,1.7986209530933341,1.7972642389236722,1.7977630797007405
2022-10-27 08:00:00,1.7977630797007405,1.7787768794140166,1.777871986900724,1.7784974943616125
2022-10-27 12:00:00,1.7784974943616125,1.7826823005780827,1.7818106436784245,1.7824174604211749
2022-10-27 16:00:00,1.7824174604211749,1.7787034466243985,1.7765717917993262,1.7774407653266997
2022-10-27 20:00:00,1.7774407653266997,1.7960953536670123,1.79519373657993,1.7953908805438208
2022-10-28 00:00:00,1.7953908805438208,1.7895731099496601,1.7888906075976456,1.7890215090837949
2022-10-28 04:00:00,1.7890215090837949,1.7727737441560134,1.7708763346905863,1.7717577296718858
2022-10-28 08:00:00,1.7717577296718858,1.7656629986495833,1.7650779710603655,1.7655277940254999
2022-10-28 12:00:00,1.7655277940254999,1.7455118026868814,1.7447253741969815,1.745049595760321
2022-10-28 16:00:00,1.745049595760321,1.7524885940484476,1.7511866512320782,1.7514386867736158
2022-10-28 20:00:00,1.7514386867736158,1.731076579306703,1.730048432543877,1.730250063432708
2022-10-29 00:00:00,1.730250063432708,1.7297803438249795,1.7285552626500633,1.7288805637976676
2022-10-29 04:00:00,1.7288805637976676,1.7081408949204917,1.7059639311377983,1.706776603546197
2022-10-29 08:00:00,1.706776603546197,1.7019285670627604,1.7012560797797251,1.7014485430178514
2022-10-29 12:00:00,1.7014485430178514,1.7194240985637184,1.718633008063728,1.7190831936578925
2022-10-29 16:00:00,1.7190831936578925,1.7250905533659227,1.724256108452929,1.724646016574114
2022-10-29 20:00:00,1.724646016574114,1.715829780680971,1.7147609015309973,1.7153642344433966
2022-10-30 00:00:00,1.7153642344433966,1.7144834057883749,1.7142469671895917,1.71427392188331
2022-10-30 04:00:00,1.71427392188331,1.7147908377998284,1.7137555527825865,1.7143811822599508
2022-10-30 08:00:00,1.7143811822599508,1.7193620536549532,1.7189680502194622,1.7192861175688556
2022-10-30 12:00:00,1.7192861175688556,1.7066243023804848,1.7055735031650137,1.7058074399621126
2022-10-30 16:00:00,1.7058074399621126,1.7114068234534447,1.7096346903474695,1.7108791594703545
2022-10-30 20:00:00,1.7108791594703545,1.6845640769923886,1.683563954038668,1.6838899683538626
2022-10-31 00:00:00,1.6838899683538626,1.6753866839205527,1.6743238429787954,1.6748630064656882
2022-10-31 04:00:00,1.6748630064656882,1.6693979874462488,1.6686131799594517,1.6688321684226308
2022-10-31 08:00:00,1.6688321684226308,1.6756880901773745,1.675065565842916,1.67513958607732
2022-10-31 12:00:00,1.67513958607732,1.676503297768953,1.6748694214906914,1.6758852739291918
2022-10-31 16:00:00,1.6758852739291918,1.6622357044638871,1.6611617988320508,1.6616697995922904
2022-10-31 20:00:00,1.6616697995922904,1.6512028909869687,1.6495148652540692,1.6503342887550336
2022-11-01 00:00:00,1.6503342887550336,1.6518165823146362,1.6511305944535553,1.6515087734633205
2022-11-01 04:00:00,1.6515087734633205,1.6513490736507341,1.6499761250581562,1.6508056359683272
2022-11-01 08:00:00,1.6508056359683272,1.6451730189433842,1.645052317971854,1.6451456819915338
2022-11-01 12:00:00,1.6451456819915338,1.6408178754126295,1.6393597928981356,1.640113484166669
2022-11-01 16:00:00,1.640113484166669,1.6465478281790624,1.645706747661204,1.6462460265445906
2022-11-01 20:00:00,1.6462460265445906,1.6423856134603199,1.641454121075556,1.6419161520266703
2022-11-02 00:00:00,1.6419161520266703,1.6419438374440858,1.640113441380935,1.6407660792442444
2022-11-02 04:00:00,1.6407660792442444,1.660927342381046,1.6598897732197853,1.6599016284373878
2022-11-02 08:00:00,1.6599016284373878,1.6483403838882014,1.6463105072316895,1.6479421768370774
2022-11-02 12:00:00,1.6479421768370774,1.6301130572621396,1.6286890099855726,1.6292261022026662
2022-11-02 16:00:00,1.6292261022026662,1.6356870979273295,1.6354854082665709,1.6356447076757565
2022-11-02 20:00:00,1.6356447076757565,1.629875277307821,1.6288447661166812,1.6293764029913012
2022-11-03 00:00:00,1.6293764029913012,1.626700041517964,1.625105123453261,1.6257390864607923
2022-11-03 04:00:00,1.6257390864607923,1.6181127310706296,1.6177367703692063,1.61795384885579
2022-11-03 08:00:00,1.61795384885579,1.6150159444217504,1.6145353878458557,1.6148511087070112
2022-11-03 12:00:00,1.6148511087070112,1.6306516522026686,1.6284495786317417,1.6295405519600241
2022-11-03 16:00:00,1.6295405519600241,1.6386110297063525,1.6375954881943966,1.6385565421133763
2022-11-03 20:00:00,1.6385565421133763,1.6483290088570517,1.6473690153388372,1.6477862786870219
2022-11-04 00:00:00,1.6477862786870219,1.6351191071129108,1.6337300235563066,1.6345008516558255
2022-11-04 04:00:00,1.6345008516558255,1.6221784879976466,1.6214151903283236,1.6218512859454781
2022-11-04 08:00:00,1.6218512859454781,1.5923847184417805,1.5912403749705328,1.5920400105150465
2022-11-04 12:00:00,1.5920400105150465,1.5819765925956797,1.58037064526502,1.5807266667678888
2022-11-04 16:00:00,1.5807266667678888,1.5908090713561804,1.5897801128105653,1.5904940166960388
2022-11-04 20:00:00,1.5904940166960388,1.5972752668477004,1.5967776491694803,1.5970808415025926
2022-11-05 00:00:00,1.5970808415025926,1.5953524080628647,1.5951197410927844,1.5951527402630565
2022-11-05 04:00:00,1.5951527402630565,1.5951545563260792,1.5943116369013197,1.5947599767574883
2022-11-05 08:00:00,1.5947599767574883,1.5889348503866245,1.5876139564224339,1.5876738078151986
2022-11-05 12:00:00,1.5876738078151986,1.5892637007154358,1.5890646221174192,1.5891851764048683
2022-11-05 16:00:00,1.5891851764048683,1.5969664802556098,1.5961685320668508,1.596828046895778
2022-11-05 20:00:00,1.596828046895778,1.5818173277092822,1.5810929574277606,1.5816533280919813
2022-11-06 00:00:00,1.5816533280919813,1.5835424048699738,1.5832971570049044,1.5834636213685935
2022-11-06 04:00:00,1.5834636213685935,1.5932518081395524,1.592695554409213,1.5927241107623922
2022-11-06 08:00:00,1.5927241107623922,1.5894549943574097,1.5889572792373494,1.589378577951661
2022-11-06 12:00:00,1.589378577951661,1.5961332174347211,1.5952655392384056,1.595845446709019
2022-11-06 16:00:00,1.595845446709019,1.6236258321151558,1.6226346878728222,1.6234896628524926
2022-11-06 20:00:00,1.6234896628524926,1.6249006443799319,1.624165344315098,1.6246033147228884
2022-11-07 00:00:00,1.6246033147228884,1.6290379124785066,1.6277663779055243,1.6287553249871358
2022-11-07 04:00:00,1.6287553249871358,1.6227873202467575,1.6208044615124317,1.6216379702710262
2022-11-07 08:00:00,1.6216379702710262,1.6232968861597277,1.6227822397874838,1.6228834597413027
2022-11-07 12:00:00,1.6228834597413027,1.6278698270027796,1.626425613048018,1.6274330143176083
2022-11-07 16:00:00,1.6274330143176083,1.6303655591087465,1.6293380578954546,1.629651224855053
2022-11-07 20:00:00,1.629651224855053,1.6211531802381942,1.620191563831153,1.6204373022620309
2022-11-08 00:00:00,1.6204373022620309,1.6218958117138638,1.6212690624086132,1.6216145967523272
2022-11-08 04:00:00,1.6216145967523272,1.634991617959914,1.6348329694396597,1.6348460676621004
2022-11-08 08:00:00,1.6348460676621004,1.6412001703434547,1.639611213695786,1.640096733739908
2022-11-08 12:00:00,1.640096733739908,1.6497320755980167,1.6492832837343148,1.6494166821791802
2022-11-08 16:00:00,1.6494166821791802,1.6488951343483098,1.6473284874171454,1.6479461756628686
2022-11-08 20:00:00,1.6479461756628686,1.654715008939233,1.6544245860588043,1.6546224683146915
2022-11-09 00:00:00,1.6546224683146915,1.6578436714430194,1.6567473849479177,1.6576855289559154
2022-11-09 04:00:00,1.6576855289559154,1.6501275546867402,1.6484314010158838,1.6495432356128505
2022-11-09 08:00:00,1.6495432356128505,1.6528899386984206,1.6503782708956232,1.6517128060671475
2022-11-09 12:00:00,1.6517128060671475,1.6442693960258667,1.642655141472075,1.643372327501874
2022-11-09 16:00:00,1.643372327501874,1.637288735179984,1.637090547783439,1.637254369959925
2022-11-09 20:00:00,1.637254369959925,1.6385676551469517,1.637781021213497,1.6383865575338428
2022-11-10 00:00:00,1.6383865575338428,1.6412234049286811,1.6405773752733974,1.6409387022699649
2022-11-10 04:00:00,1.6409387022699649,1.6316983856324094,1.6304036256884478,1.6315576352204513
2022-11-10 08:00:00,1.6315576352204513,1.6396854018820057,1.6390709114717148,1.6394542085134656
2022-11-10 12:00:00,1.6394542085134656,1.6451284268225246,1.6442192395014115,1.644838341692619
2022-11-10 16:00:00,1.644838341692619,1.6401942834766148,1.638551710769148,1.6394621319169265
2022-11-10 20:00:00,1.6394621319169265,1.627171574241539,1.6256710929330032,1.6265288600921146
2022-11-11 00:00:00,1.6265288600921146,1.6245778875674726,1.623889116401092,1.6242795371852479
2022-11-11 04:00:00,1.6242795371852479,1.6210499771970006,1.6203647057519424,1.6204550963356519
2022-11-11 08:00:00,1.6204550963356519,1.621259117262885,1.620550480150919,1.6210578492255239
2022-11-11 12:00:00,1.6210578492255239,1.6187230307900982,1.6178647434017777,1.6182978486197441
2022-11-11 16:00:00,1.6182978486197441,1.6036664100419042,1.6027051068089369,1.6029750052020884
2022-11-11 20:00:00,1.6029750052020884,1.5989005711864523,1.5986259891005168,1.5986710547255891
2022-11-12 00:00:00,1.5986710547255891,1.596599450360237,1.595609184561657,1.5959356731203596
2022-11-12 04:00:00,1.5959356731203596,1.6017515994704903,1.6004333775001196,1.6005680350641736
2022-11-12 08:00:00,1.6005680350641736,1.5964780166903378,1.5950260467293849,1.595643404186516
2022-11-12 12:00:00,1.595643404186516,1.6080956478326645,1.6076684914948391,1.6079196384406884
2022-11-12 16:00:00,1.6079196384406884,1.5948738548270276,1.5931894634735635,1.593874906666939
2022-11-12 20:00:00,1.593874906666939,1.60393912117725,1.603031058346758,1.6035548518611829
2022-11-13 00:00:00,1.6035548518611829,1.6025567375545176,1.6016228694191796,1.602444134630441
2022-11-13 04:00:00,1.602444134630441,1.6099779171858233,1.609281385262846,1.6093544637936834
2022-11-13 08:00:00,1.6093544637936834,1.6114517954042733,1.61040631661278,1.6105616256320383
2022-11-13 12:00:00,1.6105616256320383,1.6202045658053026,1.6186046337487245,1.6197056639961127
2022-11-13 16:00:00,1.6197056639961127,1.6182765741856393,1.6161330603422237,1.6173022160775414
2022-11-13 20:00:00,1.6173022160775414,1.6087513189019371,1.6083762455864337,1.6084689682653739
2022-11-14 00:00:00,1.6084689682653739,1.619862835898042,1.6186136526074846,1.619125122656749
2022-11-14 04:00:00,1.619125122656749,1.620637298629507,1.618610545369054,1.61904534352146
2022-11-14 08:00:00,1.61904534352146,1.6214288640294667,1.619710266692452,1.620793017305376
2022-11-14 12:00:00,1.620793017305376,1.630535437451096,1.6299819983480794,1.6304613122172706
2022-11-14 16:00:00,1.6304613122172706,1.6241200887890574,1.6224921607104004,1.6230818856030378
2022-11-14 20:00:00,1.6230818856030378,1.6276634040696016,1.6272051889162964,1.627225268008502
2022-11-15 00:00:00,1.627225268008502,1.6231306111436425,1.6213246023552224,1.6229325579291436
2022-11-15 04:00:00,1.6229325579291436,1.6218276727771936,1.6207621833768737,1.6215681442585306
2022-11-15 08:00:00,1.6215681442585306,1.622378760400483,1.6216576607678672,1.6220004023892634
2022-11-15 12:00:00,1.6220004023892634,1.6121462179497084,1.6110322759264282,1.6112402835362842
2022-11-15 16:00:00,1.6112402835362842,1.6047383977274972,1.604155837918177,1.6046095549352795
2022-11-15 20:00:00,1.6046095549352795,1.615518295895098,1.6133424883775374,1.614160721714958
2022-11-16 00:00:00,1.614160721714958,1.6221787731414528,1.6214912994272157,1.6217418501675558
2022-11-16 04:00:00,1.6217418501675558,1.6224190890282821,1.6211364370648647,1.6218623257285756
2022-11-16 08:00:00,1.6218623257285756,1.624046408137197,1.6222490026818774,1.6236916224190647
2022-11-16 12:00:00,1.6236916224190647,1.6220602897376002,1.6216521509765132,1.621695141944347
2022-11-16 16:00:00,1.621695141944347,1.6312581989818653,1.6306759734242762,1.6311880938570937
2022-11-16 20:00:00,1.6311880938570937,1.630529995435493,1.630094783721353,1.6304798644361365
2022-11-17 00:00:00,1.6304798644361365,1.6329238972718525,1.6320538541033869,1.6320664270920584
2022-11-17 04:00:00,1.6320664270920584,1.6405749753212322,1.6400021567511507,1.6401180639555515
2022-11-17 08:00:00,1.6401180639555515,1.6364938373702644,1.6347531626495153,1.6352744462313205
2022-11-17 12:00:00,1.6352744462313205,1.6463076460905905,1.6450725993192394,1.6458656932368916
2022-11-17 16:00:00,1.6458656932368916,1.635593616345009,1.6354635238777395,1.6355352616266756
2022-11-17 20:00:00,1.6355352616266756,1.6471805125066572,1.6459849082909708,1.6469952561116055
2022-11-18 00:00:00,1.6469952561116055,1.6450740748452182,1.6439860985575512,1.6449928654075927
2022-11-18 04:00:00,1.6449928654075927,1.6432753797059951,1.6424266502469658,1.6429831968350543
2022-11-18 08:00:00,1.6429831968350543,1.6291454507145222,1.62852657291718,1.6288627874831303
2022-11-18 12:00:00,1.6288627874831303,1.6246996276739545,1.6238128438159065,1.6242103392919167
2022-11-18 16:00:00,1.6242103392919167,1.6166052546709704,1.6153543726305324,1.6158794567673742
2022-11-18 20:00:00,1.6158794567673742,1.6121267722066568,1.6099027565269204,1.6105142147062146
2022-11-19 00:00:00,1.6105142147062146,1.6093424316265212,1.6082510243051138,1.609030933317058
2022-11-19 04:00:00,1.609030933317058,1.6165153346936527,1.6156258210467394,1.6160633460563552
2022-11-19 08:00:00,1.6160633460563552,1.6192348581539195,1.6174944897927968,1.6181942677725905
2022-11-19 12:00:00,1.6181942677725905,1.620812957643776,1.6200978319703498,1.6206316979489652
2022-11-19 16:00:00,1.6206316979489652,1.6130316486787974,1.6129384724739888,1.6129495822014972
2022-11-19 20:00:00,1.6129495822014972,1.6062452187493481,1.605084795212062,1.6059414934135448
2022-11-20 00:00:00,1.6059414934135448,1.6203503121941707,1.6178486821435554,1.6185876998797322
2022-11-20 04:00:00,1.6185876998797322,1.614042411993084,1.6130087149147834,1.6139351559225747
2022-11-20 08:00:00,1.6139351559225747,1.6269863490132646,1.6252881916836894,1.6262384475094986
2022-11-20 12:00:00,1.6262384475094986,1.6254936840938103,1.6251894463976873,1.6252828226886031
2022-11-20 16:00:00,1.6252828226886031,1.625897771233917,1.624470745023318,1.6252240643741913
2022-11-20 20:00:00,1.6252240643741913,1.633739884586689,1.6324934370742787,1.633181021345459
2022-11-21 00:00:00,1.633181021345459,1.643652034708564,1.6421002839853354,1.6434721549651596
2022-11-21 04:00:00,1.6434721549651596,1.644122196236527,1.642718052369807,1.6434304241299054
2022-11-21 08:00:00,1.6434304241299054,1.640821319674712,1.6404641098676178,1.6405092722070624
2022-11-21 12:00:00,1.6405092722070624,1.6406470588967987,1.6394971664260873,1.639864269183781
2022-11-21 16:00:00,1.639864269183781,1.6434196321202945,1.642097119197709,1.6422154477866122
2022-11-21 20:00:00,1.6422154477866122,1.6492899015323899,1.648293692430657,1.6486186123551045
2022-11-22 00:00:00,1.6486186123551045,1.6500166878253129,1.6489611491485658,1.6491617302634076
2022-11-22 04:00:00,1.6491617302634076,1.6535371243405261,1.6526770093950842,1.653418950594254
2022-11-22 08:00:00,1.653418950594254,1.665396392684206,1.6648595474589456,1.6648949988457042
2022-11-22 12:00:00,1.6648949988457042,1.6689522060454722,1.6679421145068063,1.668541782073997
2022-11-22 16:00:00,1.668541782073997,1.6715879282578154,1.6708553777295778,1.6710363753641415
2022-11-22 20:00:00,1.6710363753641415,1.6608972711611993,1.6598549763558776,1.66074698147206
2022-11-23 00:00:00,1.66074698147206,1.6420033419481495,1.6410918208817074,1.6412694097140186
2022-11-23 04:00:00,1.6412694097140186,1.6434991366499279,1.641567105975667,1.6427307885749245
2022-11-23 08:00:00,1.6427307885749245,1.6422330340533975,1.6411940333987878,1.6421344088848473
2022-11-23 12:00:00,1.6421344088848473,1.6394906338490318,1.6379756140388058,1.638355257197939
2022-11-23 16:00:00,1.638355257197939,1.6400528085002384,1.6390660948653166,1.6397949008998915
2022-11-23 20:00:00,1.6397949008998915,1.639512685216662,1.6394557891033783,1.6394902539178866
2022-11-24 00:00:00,1.6394902539178866,1.647602284820018,1.6462794142549158,1.647039244690238
2022-11-24 04:00:00,1.647039244690238,1.6485365594092765,1.6479120874105497,1.648235267386309
2022-11-24 08:00:00,1.648235267386309,1.64429003865579,1.6427674175025648,1.643364346790497
2022-11-24 12:00:00,1.643364346790497,1.6496053300206106,1.6487571168381467,1.6495544718733748
2022-11-24 16:00:00,1.6495544718733748,1.6492884844339617,1.6480818995640185,1.6485923206612916
2022-11-24 20:00:00,1.6485923206612916,1.652670660197542,1.6514989714891777,1.6519456913621533
2022-11-25 00:00:00,1.6519456913621533,1.649549980572653,1.6486691200307808,1.649139231597201
2022-11-25 04:00:00,1.649139231597201,1.6451339770260722,1.6447034373851797,1.6448033411279765
2022-11-25 08:00:00,1.6448033411279765,1.6457849212394342,1.6445359466498524,1.6449873716687933
2022-11-25 12:00:00,1.6449873716687933,1.6460626508734606,1.6448483381282049,1.6450800841446955
2022-11-25 16:00:00,1.6450800841446955,1.6480140952400582,1.647856355152423,1.6479028389008779
2022-11-25 20:00:00,1.6479028389008779,1.6467570657235286,1.6455399304616105,1.6465705877697197
2022-11-26 00:00:00,1.6465705877697197,1.6361763176815813,1.635608457115886,1.6361095275083608
2022-11-26 04:00:00,1.6361095275083608,1.6343244255236467,1.6323942497378638,1.6327068753490865
2022-11-26 08:00:00,1.6327068753490865,1.6374411933474018,1.6352901536778957,1.6371130569486234
2022-11-26 12:00:00,1.6371130569486234,1.6367035212284045,1.635693825713785,1.6357094441011064
2022-11-26 16:00:00,1.6357094441011064,1.6342548525829235,1.6336938501773959,1.6341785941283176
2022-11-26 20:00:00,1.6341785941283176,1.6402905095071834,1.6385066562488235,1.6396142630305122
2022-11-27 00:00:00,1.6396142630305122,1.6363197212649747,1.635600822633088,1.6359839340924958
2022-11-27 04:00:00,1.6359839340924958,1.6281049613564709,1.6262388093861093,1.6269531351107525
2022-11-27 08:00:00,1.6269531351107525,1.6258774700748966,1.6249556760428312,1.6252858903635288
2022-11-27 12:00:00,1.6252858903635288,1.6227801068830627,1.621936169614135,1.6223647642295285
2022-11-27 16:00:00,1.6223647642295285,1.6168716738682167,1.6161371569593035,1.6166411973618968
2022-11-27 20:00:00,1.6166411973618968,1.6156025964386334,1.614846281812885,1.6151754554641102
2022-11-28 00:00:00,1.6151754554641102,1.6179507266239532,1.6171476154066153,1.6178209313222394
2022-11-28 04:00:00,1.6178209313222394,1.618031559055863,1.6170379915386053,1.6179811280495535
2022-11-28 08:00:00,1.6179811280495535,1.619999083274891,1.6185248373302366,1.6196430375890303
2022-11-28 12:00:00,1.6196430375890303,1.6303453570075304,1.628984241736707,1.6293619270086255
2022-11-28 16:00:00,1.6293619270086255,1.6289485202269147,1.62804808359322,1.6282201599469293
2022-11-28 20:00:00,1.6282201599469293,1.6305744921207397,1.6296469860059997,1.6296492526588764
2022-11-29 00:00:00,1.6296492526588764,1.627190007267754,1.6267150019058252,1.627044227379309
2022-11-29 04:00:00,1.627044227379309,1.6228515007651565,1.6217417319634382,1.6223733786701244
2022-11-29 08:00:00,1.6223733786701244,1.6192950444791039,1.6184047590605137,1.6188942966955349
2022-11-29 12:00:00,1.6188942966955349,1.6164906352053439,1.6158471879903462,1.6160838773892963
2022-11-29 16:00:00,1.6160838773892963,1.6196302993228782,1.6174166983856433,1.6177445855606614
2022-11-29 20:00:00,1.6177445855606614,1.6308526243321533,1.6298967377239517,1.6300199550038226
2022-11-30 00:00:00,1.6300199550038226,1.6276846155153972,1.626875107663803,1.6269796852761766
2022-11-30 04:00:00,1.6269796852761766,1.6245705236978707,1.6244144016870363,1.6244187412067288
2022-11-30 08:00:00,1.6244187412067288,1.6252424820822242,1.6233897337145209,1.6238675189922005
2022-11-30 12:00:00,1.6238675189922005,1.6264755440562326,1.6256149179762809,1.6259317057682487
2022-11-30 16:00:00,1.6259317057682487,1.6276538920496408,1.6264990332243479,1.6274808398209322
2022-11-30 20:00:00,1.6274808398209322,1.6349352920780234,1.6333434746089468,1.634231073359793
2022-12-01 00:00:00,1.634231073359793,1.6218929012457697,1.6216414584948147,1.6218813131276797
2022-12-01 04:00:00,1.6218813131276797,1.607516602994669,1.606125818450771,1.6073014792865243
2022-12-01 08:00:00,1.6073014792865243,1.60343690832134,1.6025281417540467,1.6030742077149203
2022-12-01 12:00:00,1.6030742077149203,1.6096847476658331,1.6093752450150018,1.6095092995700033
2022-12-01 16:00:00,1.6095092995700033,1.6008811141460964,1.5998782330225747,1.6002215420090973
2022-12-01 20:00:00,1.6002215420090973,1.5809539561241939,1.5797874901019164,1.5801376766642532
2022-12-02 00:00:00,1.5801376766642532,1.582821086170952,1.5825139028766595,1.5826267376704275
2022-12-02 04:00:00,1.5826267376704275,1.5847192498331644,1.5836465137420421,1.5845343456239227
2022-12-02 08:00:00,1.5845343456239227,1.5773831758698564,1.576960423298673,1.5772480934144204
2022-12-02 12:00:00,1.5772480934144204,1.570181531619462,1.5693698051386245,1.5698743822072865
2022-12-02 16:00:00,1.5698743822072865,1.562569216923908,1.5608139278116266,1.5625347345087084
2022-12-02 20:00:00,1.5625347345087084,1.5627279174247042,1.5626784216534433,1.562727537067872
2022-12-03 00:00:00,1.562727537067872,1.5592481175607122,1.5581422991515408,1.5585021391896634
2022-12-03 04:00:00,1.5585021391896634,1.5624308666501905,1.56060192393401,1.561483910241518
2022-12-03 08:00:00,1.561483910241518,1.5438762248034197,1.5426562955971068,1.542945795812265
2022-12-03 12:00:00,1.542945795812265,1.5353190921362374,1.5342917007550279,1.5353129378946695
2022-12-03 16:00:00,1.5353129378946695,1.526960022276318,1.5260078663329475,1.5265394945753787
2022-12-03 20:00:00,1.5265394945753787,1.5241387351152738,1.5230774557800166,1.5239491732315738
2022-12-04 00:00:00,1.5239491732315738,1.5201141124770183,1.519747177170912,1.5198694036483587
2022-12-04 04:00:00,1.5198694036483587,1.525633061317771,1.5244369858843918,1.52522464375707
2022-12-04 08:00:00,1.52522464375707,1.5125336377336525,1.511315260529317,1.512465802769033
2022-12-04 12:00:00,1.512465802769033,1.5129440978048452,1.5111021681074643,1.5117870725314904
2022-12-04 16:00:00,1.5117870725314904,1.5163180852231928,1.5149594928840755,1.5157329846559227
2022-12-04 20:00:00,1.5157329846559227,1.5298185993666138,1.5284083653693359,1.5292702032734613
2022-12-05 00:00:00,1.5292702032734613,1.5283960259675997,1.5260829737633856,1.5267224777207755
2022-12-05 04:00:00,1.5267224777207755,1.529636152251672,1.5284186282784262,1.528909964569909
2022-12-05 08:00:00,1.528909964569909,1.5164803864172856,1.5158588399494415,1.516164278300248
2022-12-05 12:00:00,1.516164278300248,1.4981478492763798,1.4973397590996307,1.4973595337548682
2022-12-05 16:00:00,1.4973595337548682,1.5027793422966746,1.5025595300251748,1.5026599895077646
2022-12-05 20:00:00,1.5026599895077646,1.5042796969952748,1.502952427776121,1.5030403467859188
2022-12-06 00:00:00,1.5030403467859188,1.5124275486166745,1.5118095850044686,1.5121672365021543
2022-12-06 04:00:00,1.5121672365021543,1.5028655306798917,1.501698158151866,1.5020996682659828
2022-12-06 08:00:00,1.5020996682659828,1.5060275345738032,1.5048117835132981,1.505470677948419
2022-12-06 12:00:00,1.505470677948419,1.5209463169689867,1.5194362798779422,1.5205432565424326
2022-12-06 16:00:00,1.5205432565424326,1.5253388489184787,1.5252728812496221,1.5252859147399382
2022-12-06 20:00:00,1.5252859147399382,1.5282934212669415,1.5276492757578137,1.5279677586112155
2022-12-07 00:00:00,1.5279677586112155,1.5287528382156874,1.5278769648326738,1.528252019964173
2022-12-07 04:00:00,1.528252019964173,1.5166365458679298,1.5153632740977734,1.5160571763880992
2022-12-07 08:00:00,1.5160571763880992,1.5267507900042958,1.5256055204143673,1.5260198067937893
2022-12-07 12:00:00,1.5260198067937893,1.5223198757935894,1.5211674670120434,1.5217758005079272
2022-12-07 16:00:00,1.5217758005079272,1.5262110640333193,1.5254616260984801,1.5255373710883189
2022-12-07 20:00:00,1.5255373710883189,1.5142900847308385,1.5126565701039034,1.5133879556697474
2022-12-08 00:00:00,1.5133879556697474,1.5028534702434881,1.501869929871894,1.5027654597072526
2022-12-08 04:00:00,1.5027654597072526,1.5146549936955063,1.513922108053351,1.5139516099314305
2022-12-08 08:00:00,1.5139516099314305,1.5119643598466146,1.5111620056081003,1.5118525572879298
2022-12-08 12:00:00,1.5118525572879298,1.5248167408637479,1.5232109820315878,1.5238988978982309
2022-12-08 16:00:00,1.5238988978982309,1.5246981503624142,1.524118456653111,1.5241860576597412
2022-12-08 20:00:00,1.5241860576597412,1.509915212820696,1.507685296563887,1.5088977921587354
2022-12-09 00:00:00,1.5088977921587354,1.5158418467679724,1.5153865675541793,1.5154501075681153
2022-12-09 04:00:00,1.5154501075681153,1.511140380217727,1.5107674284857162,1.510851170508118
2022-12-09 08:00:00,1.510851170508118,1.5167764311109213,1.5149062695918114,1.5164636388727135
2022-12-09 12:00:00,1.5164636388727135,1.518112236069791,1.5168565172971322,1.5171280000396732
2022-12-09 16:00:00,1.5171280000396732,1.5049062148494976,1.5040805847826693,1.5045933592480703
2022-12-09 20:00:00,1.5045933592480703,1.505779723595643,1.5040361100536488,1.504977600765824
2022-12-10 00:00:00,1.504977600765824,1.5232712191575164,1.5223808463115938,1.5228865875868585
2022-12-10 04:00:00,1.5228865875868585,1.5291439247297036,1.5283726750698867,1.5286553248637285
2022-12-10 08:00:00,1.5286553248637285,1.52862016759903,1.5279763079538924,1.5286164185447082
2022-12-10 12:00:00,1.5286164185447082,1.5379703365748365,1.5376201626705768,1.5376270562544185
2022-12-10 16:00:00,1.5376270562544185,1.5407585821395682,1.538739352681483,1.5401459867748197
2022-12-10 20:00:00,1.5401459867748197,1.5424149545014865,1.5419367057451627,1.542089243044465
2022-12-11 00:00:00,1.542089243044465,1.5339257503745782,1.5329873583847713,1.533454406042916
2022-12-11 04:00:00,1.533454406042916,1.534698602153933,1.534086872483758,1.5346684644995698
2022-12-11 08:00:00,1.5346684644995698,1.5437732181061663,1.5427821192386175,1.542938977211386
2022-12-11 12:00:00,1.542938977211386,1.5373384758241584,1.536206452676464,1.536916813194355
2022-12-11 16:00:00,1.536916813194355,1.547972531153374,1.546218935826653,1.5478101760384981
2022-12-11 20:00:00,1.5478101760384981,1.5481990893372104,1.5472934174180417,1.5479293095100426
2022-12-12 00:00:00,1.5479293095100426,1.5409531435062138,1.5409305700605769,1.5409328805561726
2022-12-12 04:00:00,1.5409328805561726,1.548304277312982,1.5472898554228123,1.54827931428215
2022-12-12 08:00:00,1.54827931428215,1.547130862328035,1.546046864952798,1.5465772309454326
2022-12-12 12:00:00,1.5465772309454326,1.5527025818298497,1.5521156125284359,1.5523355534910066
2022-12-12 16:00:00,1.5523355534910066,1.550633175283162,1.5504845781368637,1.5505361679856513
2022-12-12 20:00:00,1.5505361679856513,1.550415734093521,1.5495912605632354,1.5499422774730371
2022-12-13 00:00:00,1.5499422774730371,1.5537272775304827,1.5528774499371174,1.5534782628853872
2022-12-13 04:00:00,1.5534782628853872,1.5561116093702438,1.5556453096751244,1.5558461200146776
2022-12-13 08:00:00,1.5558461200146776,1.542187448182263,1.5414285377823642,1.5421105165088966
2022-12-13 12:00:00,1.5421105165088966,1.5328829128469668,1.5326101423109715,1.532792034901603
2022-12-13 16:00:00,1.532792034901603,1.5393349337694004,1.538410038962125,1.5390238900582531
2022-12-13 20:00:00,1.5390238900582531,1.538753777772826,1.5384880236204663,1.5385279079585854
2022-12-14 00:00:00,1.5385279079585854,1.5349317228185668,1.5345661014181675,1.534692059667198
2022-12-14 04:00:00,1.534692059667198,1.5259109324008224,1.523977421327962,1.5247102186457313
2022-12-14 08:00:00,1.5247102186457313,1.5166074346957312,1.515226956621741,1.5160375649791424
2022-12-14 12:00:00,1.5160375649791424,1.5008799843706608,1.5001549875634848,1.5004234951277355
2022-12-14 16:00:00,1.5004234951277355,1.498731498144869,1.4981457490905923,1.498389301394049
2022-12-14 20:00:00,1.498389301394049,1.4937543891397214,1.4935845925735916,1.493683678115172
2022-12-15 00:00:00,1.493683678115172,1.486300468716552,1.485853909027764,1.4860677200916248
2022-12-15 04:00:00,1.4860677200916248,1.4850274817621303,1.4840426999549168,1.4849459039871857
2022-12-15 08:00:00,1.4849459039871857,1.488223247281279,1.486764646913605,1.48751540257779
2022-12-15 12:00:00,1.48751540257779,1.5029728392882253,1.5020213040444252,1.5027650848136078
2022-12-15 16:00:00,1.5027650848136078,1.4924174189777528,1.4920623029465692,1.49238035499636
2022-12-15 20:00:00,1.49238035499636,1.5013137453467473,1.5001779075986659,1.5006881441296265
2022-12-16 00:00:00,1.5006881441296265,1.5093041693500646,1.5087999752154428,1.5091633432570486
2022-12-16 04:00:00,1.5091633432570486,1.5035824758908172,1.5034844852408351,1.5035094182155642
2022-12-16 08:00:00,1.5035094182155642,1.5048864409901692,1.5040127397427994,1.5046974373880722
2022-12-16 12:00:00,1.5046974373880722,1.5012822477226317,1.5008161776461146,1.5012260364013836
2022-12-16 16:00:00,1.5012260364013836,1.5023738988577413,1.5020578038249044,1.5023683539208301
2022-12-16 20:00:00,1.5023683539208301,1.5140232224028547,1.513500287091529,1.513667998073394
2022-12-17 00:00:00,1.513667998073394,1.5197202492434687,1.5182283964196803,1.519263760789442
2022-12-17 04:00:00,1.519263760789442,1.5242545114206885,1.5232272994327778,1.523645924340876
2022-12-17 08:00:00,1.523645924340876,1.5215536318953593,1.5200827928955079,1.520706912452859
2022-12-17 12:00:00,1.520706912452859,1.5099465278188715,1.5093498234117864,1.5094153842512448
2022-12-17 16:00:00,1.5094153842512448,1.5070194356864235,1.5062924965573818,1.5069143934854043
2022-12-17 20:00:00,1.5069143934854043,1.5158448500603838,1.5149050646837003,1.515782328536691
2022-12-18 00:00:00,1.515782328536691,1.5049664422796987,1.5039281698156546,1.504803143111323
2022-12-18 04:00:00,1.504803143111323,1.4970652731953904,1.4955530245323165,1.4956559444240667
2022-12-18 08:00:00,1.4956559444240667,1.496873525300489,1.495491939150053,1.4959313360709185
2022-12-18 12:00:00,1.4959313360709185,1.489085836068745,1.487486258686712,1.4884389723257179
2022-12-18 16:00:00,1.4884389723257179,1.4820338648059084,1.4813508990184105,1.481769659436737
2022-12-18 20:00:00,1.481769659436737,1.4791208698915153,1.4778919706769897,1.4779931666197454
2022-12-19 00:00:00,1.4779931666197454,1.468019385069505,1.4673454931531926,1.467445693563407
2022-12-19 04:00:00,1.467445693563407,1.460227979004501,1.458600506418535,1.4591262656472204
2022-12-19 08:00:00,1.4591262656472204,1.4644962748658075,1.463744218274717,1.4639310721145284
2022-12-19 12:00:00,1.4639310721145284,1.4544035566384097,1.453981634216787,1.4542646813852662
2022-12-19 16:00:00,1.4542646813852662,1.4417722552715018,1.4409800126821686,1.441037996076966
2022-12-19 20:00:00,1.441037996076966,1.4349004004340937,1.4345076725564827,1.4348919666582323
2022-12-20 00:00:00,1.4348919666582323,1.4405222435277534,1.4394158931301215,1.4402997653211767
2022-12-20 04:00:00,1.4402997653211767,1.439244565143945,1.437584821583345,1.4391555157666298
2022-12-20 08:00:00,1.4391555157666298,1.435884419498815,1.434691665524626,1.4354745183467295
2022-12-20 12:00:00,1.4354745183467295,1.435573795309829,1.435412745550598,1.43551694054199
2022-12-20 16:00:00,1.43551694054199,1.4231628840932962,1.4218570107816668,1.4228655537245893
2022-12-20 20:00:00,1.4228655537245893,1.4259222993372191,1.4244602843242018,1.425599079919481
2022-12-21 00:00:00,1.425599079919481,1.4291225108101018,1.4286031987896375,1.42865910307288
2022-12-21 04:00:00,1.42865910307288,1.4263036678941954,1.4258313370932076,1.4259307915381856
2022-12-21 08:00:00,1.4259307915381856,1.4333979318910053,1.4321502420389085,1.4328732693121826
2022-12-21 12:00:00,1.4328732693121826,1.4260301995018214,1.425105295936712,1.425333090870253
2022-12-21 16:00:00,1.425333090870253,1.4338858152012834,1.4328434882988548,1.4329293555695228
2022-12-21 20:00:00,1.4329293555695228,1.43532959489914,1.43413449164228,1.4346794404209915
2022-12-22 00:00:00,1.4346794404209915,1.4335867796287323,1.4315473570080115,1.4324062347009834
2022-12-22 04:00:00,1.4324062347009834,1.4322299664114668,1.431553532226101,1.4320856100274308
2022-12-22 08:00:00,1.4320856100274308,1.4316814608368655,1.4306248962137464,1.4313384639418447
2022-12-22 12:00:00,1.4313384639418447,1.4398259491393177,1.4392070985053085,1.439228953904044
2022-12-22 16:00:00,1.439228953904044,1.4328488776328123,1.4326084522842348,1.4326910052187907
2022-12-22 20:00:00,1.4326910052187907,1.427168285429534,1.4268669272059737,1.4270642351944163
2022-12-23 00:00:00,1.4270642351944163,1.4343276278102257,1.433131424961864,1.4335740268855006
2022-12-23 04:00:00,1.4335740268855006,1.4301342274056787,1.4295791554951878,1.430054925123541
2022-12-23 08:00:00,1.430054925123541,1.436091085245138,1.4356956084382813,1.435805008565869
2022-12-23 12:00:00,1.435805008565869,1.448061447570988,1.4475998821878577,1.4477625349763747
2022-12-23 16:00:00,1.4477625349763747,1.446477727928468,1.4449946307139212,1.4458615452735746
2022-12-23 20:00:00,1.4458615452735746,1.4508862420612039,1.4498955119349222,1.4504367214487932
2022-12-24 00:00:00,1.4504367214487932,1.443166279828656,1.4428171269385908,1.442858889271315
2022-12-24 04:00:00,1.442858889271315,1.4486227455451977,1.4465818991900967,1.4475252276641795
2022-12-24 08:00:00,1.4475252276641795,1.449373895387408,1.4490873259013146,1.4492867478194413
2022-12-24 12:00:00,1.4492867478194413,1.452752076202981,1.4522302212772877,1.4526358457030604
2022-12-24 16:00:00,1.4526358457030604,1.4486295599049073,1.4469946620541168,1.4485907318547533
2022-12-24 20:00:00,1.4485907318547533,1.4378002878686604,1.4371830703734152,1.4373278779652854
2022-12-25 00:00:00,1.4373278779652854,1.4408229116852636,1.4396478358146503,1.4398878317031925
2022-12-25 04:00:00,1.4398878317031925,1.4265634425216767,1.4261363877906423,1.426262386251679
2022-12-25 08:00:00,1.426262386251679,1.4235742059189453,1.4224161286270314,1.4229325853970536
2022-12-25 12:00:00,1.4229325853970536,1.4294827500536056,1.429140347993152,1.4292250663325148
2022-12-25 16:00:00,1.4292250663325148,1.4322241204132191,1.4302814616545112,1.4310782812194365
2022-12-25 20:00:00,1.4310782812194365,1.445000793142529,1.444366495551233,1.444624446824999
2022-12-26 00:00:00,1.444624446824999,1.4538012022313318,1.4526771501140963,1.453238433556522
2022-12-26 04:00:00,1.453238433556522,1.4493918177233442,1.4485665871810445,1.4490339477047447
2022-12-26 08:00:00,1.4490339477047447,1.4492900248295908,1.4484599962823015,1.4488997409426927
2022-12-26 12:00:00,1.4488997409426927,1.4490674821079959,1.448552110223642,1.4485530696615398
2022-12-26 16:00:00,1.4485530696615398,1.438570009564146,1.43756328092466,1.4377657326190056
2022-12-26 20:00:00,1.4377657326190056,1.4307466035190226,1.4302955850664145,1.4302996775863706
2022-12-27 00:00:00,1.4302996775863706,1.4258513096131444,1.4253625621806523,1.4257284755264554
2022-12-27 04:00:00,1.4257284755264554,1.411213234921771,1.409684300125474,1.4111335823596673
2022-12-27 08:00:00,1.4111335823596673,1.411184067072188,1.4095228127031725,1.4103237780632787
2022-12-27 12:00:00,1.4103237780632787,1.4085574407760186,1.4082470902756326,1.4084820704369823
2022-12-27 16:00:00,1.4084820704369823,1.3972617107016025,1.3956392228731418,1.3967809730693257
2022-12-27 20:00:00,1.3967809730693257,1.399143594579498,1.3984582567528527,1.3987551175479456
2022-12-28 00:00:00,1.3987551175479456,1.405382714318683,1.4039074039960497,1.4039379204629943
2022-12-28 04:00:00,1.4039379204629943,1.4062273205775602,1.4054805034370261,1.4059462316393245
2022-12-28 08:00:00,1.4059462316393245,1.4050101235114043,1.403503634228552,1.4038919852327671
2022-12-28 12:00:00,1.4038919852327671,1.4078758704278762,1.4075195533933813,1.4076724729082966
2022-12-28 16:00:00,1.4076724729082966,1.412545354720021,1.411905906495078,1.4124761485158206
2022-12-28 20:00:00,1.4124761485158206,1.4149436499644217,1.4143517675665633,1.4148942093583636
2022-12-29 00:00:00,1.4148942093583636,1.4101664274204275,1.4094300443251886,1.4097543206358656
2022-12-29 04:00:00,1.4097543206358656,1.4112698262709453,1.4107186086018813,1.4111313707217397
2022-12-29 08:00:00,1.4111313707217397,1.4194777849080342,1.4173984994726505,1.4187726544238262
2022-12-29 12:00:00,1.4187726544238262,1.416073318535022,1.4154580573549502,1.4155382967414678
2022-12-29 16:00:00,1.4155382967414678,1.4290317100100884,1.42812850068355,1.4286626592197
2022-12-29 20:00:00,1.4286626592197,1.4267146463306324,1.425555308784757,1.426135257073484
2022-12-30 00:00:00,1.426135257073484,1.426456246916246,1.425652481776898,1.4261492188919374
2022-12-30 04:00:00,1.4261492188919374,1.4226295714493846,1.4211388111378003,1.4218507022375113
2022-12-30 08:00:00,1.4218507022375113,1.4239301115714769,1.4229133279469386,1.4229256251818643
2022-12-30 12:00:00,1.4229256251818643,1.4127524786107197,1.4118465950868127,1.41231507337781
2022-12-30 16:00:00,1.41231507337781,1.4081020163073958,1.407888839147946,1.4079760494369322
2022-12-30 20:00:00,1.4079760494369322,1.400890223318531,1.4005428944826916,1.4007049866611447
2022-12-31 00:00:00,1.4007049866611447,1.4013134014375075,1.4003566996075794,1.4009965800975026
2022-12-31 04:00:00,1.4009965800975026,1.4072849486226675,1.4067881815962724,1.4072042280327697
2022-12-31 08:00:00,1.4072042280327697,1.412105635923443,1.4116565050986243,1.411780724909993
2022-12-31 12:00:00,1.411780724909993,1.3978026064877251,1.3963521224193454,1.3972657137141582
2022-12-31 16:00:00,1.3972657137141582,1.4103392431009707,1.4097818794236794,1.4098928724635502
2022-12-31 20:00:00,1.4098928724635502,1.4131187651454293,1.4123053465514326,1.4130216563829707
2023-01-01 00:00:00,1.4130216563829707,1.407903504955241,1.4074439990334733,1.4078209324428972
2023-01-01 04:00:00,1.4078209324428972,1.4098270623027422,1.4079749993171662,1.4085035711855098
2023-01-01 08:00:00,1.4085035711855098,1.4102827683562833,1.4095457234306832,1.4097471270023092
2023-01-01 12:00:00,1.4097471270023092,1.4060061519596452,1.404984210087449,1.4054879071590487
2023-01-01 16:00:00,1.4054879071590487,1.4064873118532426,1.4062785848727744,1.406431061269531
2023-01-01 20:00:00,1.406431061269531,1.4028844296648266,1.4022833976273683,1.402696388036731
2023-01-02 00:00:00,1.402696388036731,1.399966695372168,1.3987019147771482,1.399890914106393
2023-01-02 04:00:00,1.399890914106393,1.3961770191486698,1.3953195654889001,1.3954907195157613
2023-01-02 08:00:00,1.3954907195157613,1.3867126985700367,1.3864019115172255,1.3864842485396034
2023-01-02 12:00:00,1.3864842485396034,1.3876808361559094,1.3863888348374012,1.3866760197762393
2023-01-02 16:00:00,1.3866760197762393,1.3905339247062187,1.3898376712595655,1.390211909198294
2023-01-02 20:00:00,1.390211909198294,1.3949606548441371,1.393137469175622,1.3935720097200992
2023-01-03 00:00:00,1.3935720097200992,1.3993862266629606,1.3984808779708577,1.398705491530708
2023-01-03 04:00:00,1.398705491530708,1.4016668078794128,1.4002048623308319,1.4010561550195078
2023-01-03 08:00:00,1.4010561550195078,1.3983204850505666,1.398113309841586,1.3981195555265808
2023-01-03 12:00:00,1.3981195555265808,1.403150588022,1.4025098976033883,1.4027481319835275
2023-01-03 16:00:00,1.4027481319835275,1.3957264507316856,1.3950673434471343,1.3952468211248974
2023-01-03 20:00:00,1.3952468211248974,1.389574663107366,1.3884554955089905,1.3893133300933016
2023-01-04 00:00:00,1.3893133300933016,1.383914814097539,1.3825505516965597,1.3830857668405818
2023-01-04 04:00:00,1.3830857668405818,1.389273433789312,1.3886176878257461,1.3891224472701198
2023-01-04 08:00:00,1.3891224472701198,1.3964457755546924,1.39500543826615,1.3954021645114334
2023-01-04 12:00:00,1.3954021645114334,1.3989847294024274,1.3988474932246966,1.398949306202591
2023-01-04 16:00:00,1.398949306202591,1.405927179132566,1.4055472282941956,1.4058829846988088
2023-01-04 20:00:00,1.4058829846988088,1.4015580294298942,1.4003856945399489,1.4008865180808834
2023-01-05 00:00:00,1.4008865180808834,1.4026952265567199,1.4017781524219026,1.402687182750467
2023-01-05 04:00:00,1.402687182750467,1.402296906105984,1.4015060831971027,1.4020604725480659
2023-01-05 08:00:00,1.4020604725480659,1.4076465516939063,1.4070224496199875,1.4070583696955266
2023-01-05 12:00:00,1.4070583696955266,1.4068363101619323,1.4060321769074637,1.406768340611957
2023-01-05 16:00:00,1.406768340611957,1.404944281279416,1.4044354614050172,1.4045229116632054
2023-01-05 20:00:00,1.4045229116632054,1.4080593958203482,1.4072647304028951,1.4074091741552148
2023-01-06 00:00:00,1.4074091741552148,1.4126701397773922,1.4121600971341934,1.4125607161770792
2023-01-06 04:00:00,1.4125607161770792,1.4091877619479618,1.4084229584128394,1.4091861126553176
2023-01-06 08:00:00,1.4091861126553176,1.4086738713317475,1.408520021903129,1.40857363250409
2023-01-06 12:00:00,1.40857363250409,1.4033863939793292,1.4016067328456767,1.4027856266983756
2023-01-06 16:00:00,1.4027856266983756,1.3889502398734965,1.387679929200192,1.3886571477983554
2023-01-06 20:00:00,1.3886571477983554,1.3887261380357994,1.3884912078637168,1.3887241479375283
2023-01-07 00:00:00,1.3887241479375283,1.3923252482225061,1.3917721571769035,1.3922168425925643
2023-01-07 04:00:00,1.3922168425925643,1.3946989608085743,1.3929260011605595,1.3939894601068195
2023-01-07 08:00:00,1.3939894601068195,1.3834282457676879,1.383196303630358,1.3833079500699001
2023-01-07 12:00:00,1.3833079500699001,1.3808776546018093,1.3796010131874124,1.3804056089338466
2023-01-07 16:00:00,1.3804056089338466,1.3674526289199005,1.3673591921887047,1.367447489858288
2023-01-07 20:00:00,1.367447489858288,1.375423729489031,1.3748237163259822,1.3748428372266617
2023-01-08 00:00:00,1.3748428372266617,1.3688234309975247,1.3679934705715235,1.3686058074790126
2023-01-08 04:00:00,1.3686058074790126,1.3760942758195247,1.3752570614629014,1.3760868887179314
2023-01-08 08:00:00,1.3760868887179314,1.382858371882023,1.3823485267375586,1.3828510244687533
2023-01-08 12:00:00,1.3828510244687533,1.3779744982621056,1.3773945818813633,1.3774486221938043
2023-01-08 16:00:00,1.3774486221938043,1.3698456447016742,1.3690043109663579,1.3695679424937361
2023-01-08 20:00:00,1.3695679424937361,1.3713070402800949,1.3710481658586888,1.3712849874205375
2023-01-09 00:00:00,1.3712849874205375,1.3662024818888723,1.3652003077131012,1.3659282078974526
2023-01-09 04:00:00,1.3659282078974526,1.3667718430379208,1.3655018752695416,1.3661671983269261
2023-01-09 08:00:00,1.3661671983269261,1.3638482433760817,1.3624621628332363,1.3631665423132162
2023-01-09 12:00:00,1.3631665423132162,1.3522414834028524,1.3517545910487379,1.3520129954263969
2023-01-09 16:00:00,1.3520129954263969,1.3374382305757566,1.336098860245762,1.3368886523625312
2023-01-09 20:00:00,1.3368886523625312,1.337407137822041,1.3369361761266865,1.3372383660692515
2023-01-10 00:00:00,1.3372383660692515,1.333594177055106,1.3332330497453426,1.3335686477889324
2023-01-10 04:00:00,1.3335686477889324,1.3298213542592563,1.328877570755433,1.3296878517144306
2023-01-10 08:00:00,1.3296878517144306,1.3339434552718799,1.3337515223622975,1.3338477307979093
2023-01-10 12:00:00,1.3338477307979093,1.3425134407233328,1.3413406745388206,1.3416994785843168
2023-01-10 16:00:00,1.3416994785843168,1.3407280654292013,1.339764277378843,1.3405407855083484
2023-01-10 20:00:00,1.3405407855083484,1.3391505207406333,1.338176032265688,1.338285173955188
2023-01-11 00:00:00,1.338285173955188,1.3415665146481686,1.3408287181691967,1.3412127970613785
2023-01-11 04:00:00,1.3412127970613785,1.3333316756234648,1.3315974603614738,1.333161936904872
2023-01-11 08:00:00,1.333161936904872,1.334203863738637,1.3332023210612198,1.3339148733418815
2023-01-11 12:00:00,1.3339148733418815,1.3373626161690852,1.3371268769813927,1.337316069426514
2023-01-11 16:00:00,1.337316069426514,1.3419867498383478,1.3412891597027838,1.3416738055870567
2023-01-11 20:00:00,1.3416738055870567,1.3307097700163562,1.3302310947130136,1.3304507357804838
2023-01-12 00:00:00,1.3304507357804838,1.3248941692125393,1.32387671177156,1.324789609709156
2023-01-12 04:00:00,1.324789609709156,1.3192379198812443,1.31854811354036,1.3188298488075334
2023-01-12 08:00:00,1.3188298488075334,1.3195387730419705,1.3189407289441801,1.3189843030813044
2023-01-12 12:00:00,1.3189843030813044,1.3220968390057588,1.32189989668925,1.3219168782742856
2023-01-12 16:00:00,1.3219168782742856,1.3312691938593215,1.330569898893904,1.33114900567667
2023-01-12 20:00:00,1.33114900567667,1.3290359675413554,1.3283887329335615,1.3287937832287662
2023-01-13 00:00:00,1.3287937832287662,1.3259846509645101,1.3245453754467555,1.325564064758741
2023-01-13 04:00:00,1.325564064758741,1.33274090799515,1.3321709659001353,1.3322529550005577
2023-01-13 08:00:00,1.3322529550005577,1.3352509944243474,1.334248628236713,1.334617629958922
2023-01-13 12:00:00,1.334617629958922,1.3430239747268502,1.342391773747893,1.3424929530635783
2023-01-13 16:00:00,1.3424929530635783,1.3451923742246783,1.3447046837127363,1.344928298685718
2023-01-13 20:00:00,1.344928298685718,1.338336516507468,1.3375081082753528,1.3380518157392605
2023-01-14 00:00:00,1.3380518157392605,1.3306659290234646,1.3284862406439146,1.32926627214461
2023-01-14 04:00:00,1.32926627214461,1.3189730890557518,1.318741813804087,1.3187463173835177
2023-01-14 08:00:00,1.3187463173835177,1.3231564841218968,1.3214178762303532,1.322269175158047
2023-01-14 12:00:00,1.322269175158047,1.3309879521206118,1.330186123553877,1.3303139448381844
2023-01-14 16:00:00,1.3303139448381844,1.3439319785017099,1.3428998909902286,1.3434001795874402
2023-01-14 20:00:00,1.3434001795874402,1.3508658144406924,1.3502285309853232,1.3504949120699463
2023-01-15 00:00:00,1.3504949120699463,1.3599808194535818,1.3590011215281157,1.3595209265270811
2023-01-15 04:00:00,1.3595209265270811,1.3560735973983638,1.3554891059158358,1.3559282968086337
2023-01-15 08:00:00,1.3559282968086337,1.3476011276505704,1.3467851547864689,1.3472191758161276
2023-01-15 12:00:00,1.3472191758161276,1.3532691609475025,1.3528148206369992,1.3528257903723921
2023-01-15 16:00:00,1.3528257903723921,1.3570019988199955,1.3555421645537573,1.35637347054704
2023-01-15 20:00:00,1.35637347054704,1.3581069257249325,1.3572959710292538,1.3574424339674853
2023-01-16 00:00:00,1.3574424339674853,1.3607830213701408,1.3601289110202932,1.3602665028789247
2023-01-16 04:00:00,1.3602665028789247,1.3630208966827615,1.3617624735871012,1.362735267939906
2023-01-16 08:00:00,1.362735267939906,1.37172910404649,1.3714572586818077,1.3716782185891883
2023-01-16 12:00:00,1.3716782185891883,1.3817825700035944,1.381162406040427,1.3815079092714722
2023-01-16 16:00:00,1.3815079092714722,1.3867896171528007,1.3856153800678688,1.386261087089317
2023-01-16 20:00:00,1.386261087089317,1.3929801519224363,1.3922405014444754,1.3927779229616877
2023-01-17 00:00:00,1.3927779229616877,1.3977172448935582,1.3969691391642776,1.3970613914098733
2023-01-17 04:00:00,1.3970613914098733,1.394621435249825,1.3927147229692713,1.3940671982238284
2023-01-17 08:00:00,1.3940671982238284,1.3998436878689047,1.3991541430278864,1.3991984261034984
2023-01-17 12:00:00,1.3991984261034984,1.390820227102972,1.3891430159790914,1.389763645926232
2023-01-17 16:00:00,1.389763645926232,1.3968610226342564,1.396102907289266,1.3966413057401323
2023-01-17 20:00:00,1.3966413057401323,1.3890981803588085,1.3876627265908772,1.388483661287658
2023-01-18 00:00:00,1.388483661287658,1.3900799194217492,1.3897706139115789,1.3899432333396455
2023-01-18 04:00:00,1.3899432333396455,1.3847604305093797,1.3839386428731846,1.3840198834409354
2023-01-18 08:00:00,1.3840198834409354,1.387842056985667,1.38731917374288,1.3875023011738485
2023-01-18 12:00:00,1.3875023011738485,1.3878582659964325,1.387123755603357,1.3875423007894625
2023-01-18 16:00:00,1.3875423007894625,1.3768419290775225,1.3761873486885008,1.3768024597010162
2023-01-18 20:00:00,1.3768024597010162,1.3790177411619005,1.3786215130595882,1.3788840580997983
2023-01-19 00:00:00,1.3788840580997983,1.3756478864332407,1.3750648330693778,1.375118624958145
2023-01-19 04:00:00,1.375118624958145,1.3812872605913917,1.380088379540899,1.380742843058963
2023-01-19 08:00:00,1.380742843058963,1.3816302268745646,1.3801986978715317,1.3812027277360714
2023-01-19 12:00:00,1.3812027277360714,1.3843738519385647,1.3830427847503968,1.3838158384382098
2023-01-19 16:00:00,1.3838158384382098,1.3779605638982018,1.377439625328633,1.377913729733453
2023-01-19 20:00:00,1.377913729733453,1.374267475929132,1.3731178609359485,1.3736697136561589
2023-01-20 00:00:00,1.3736697136561589,1.3707953767243448,1.3701961531284303,1.3704202969754549
2023-01-20 04:00:00,1.3704202969754549,1.375915402666073,1.3754115847199917,1.375527088308646
2023-01-20 08:00:00,1.375527088308646,1.3866704399950998,1.386175146670101,1.3865259039136768
2023-01-20 12:00:00,1.3865259039136768,1.3828908680660719,1.3817495115298088,1.3820686066545858
2023-01-20 16:00:00,1.3820686066545858,1.388864362488513,1.3884156687858076,1.3888159178160913
2023-01-20 20:00:00,1.3888159178160913,1.3755973823818775,1.3746164690433316,1.3749114095736765
2023-01-21 00:00:00,1.3749114095736765,1.3654894609819663,1.3648555663210438,1.3654154601761737
2023-01-21 04:00:00,1.3654154601761737,1.3586184343692025,1.3572900287214364,1.357781323543605
2023-01-21 08:00:00,1.357781323543605,1.3481312595597894,1.3469095194032992,1.3474122813442129
2023-01-21 12:00:00,1.3474122813442129,1.3353178965677035,1.3345311687753785,1.334902616347945
2023-01-21 16:00:00,1.334902616347945,1.3371150204932345,1.3365718354574836,1.3370750762617387
2023-01-21 20:00:00,1.3370750762617387,1.3356623107509749,1.3353660012634336,1.3356502896909437
2023-01-22 00:00:00,1.3356502896909437,1.3386904313199353,1.3376306871928174,1.3382815596596849
2023-01-22 04:00:00,1.3382815596596849,1.3436005864212834,1.3431278828520854,1.3433901198504659
2023-01-22 08:00:00,1.3433901198504659,1.3466938645749622,1.3456693577182857,1.3456805559463962
2023-01-22 12:00:00,1.3456805559463962,1.3506857013608036,1.3502524013633352,1.3504199365273983
2023-01-22 16:00:00,1.3504199365273983,1.350931172433488,1.3502465624711422,1.350320250483213
2023-01-22 20:00:00,1.350320250483213,1.3429899089726274,1.341868625844928,1.3424732494282205
2023-01-23 00:00:00,1.3424732494282205,1.3489652300825563,1.3482946087555137,1.3489651092433432
2023-01-23 04:00:00,1.3489651092433432,1.3455342963924906,1.3454406772709084,1.345483100826404
2023-01-23 08:00:00,1.345483100826404,1.3397213265070518,1.3389222683551139,1.338965038559588
2023-01-23 12:00:00,1.338965038559588,1.3373400619147477,1.337245478678954,1.3372515403751253
2023-01-23 16:00:00,1.3372515403751253,1.331689525797085,1.330815081529561,1.331175085378871
2023-01-23 20:00:00,1.331175085378871,1.3285644048571588,1.3278505873723565,1.3279650455912386
2023-01-24 00:00:00,1.3279650455912386,1.3305965107819244,1.3296201037605317,1.3299195905777728
2023-01-24 04:00:00,1.3299195905777728,1.33309519711701,1.3321867224038062,1.3322637734887002
2023-01-24 08:00:00,1.3322637734887002,1.3280597187219116,1.3259681051723122,1.3269358973565093
2023-01-24 12:00:00,1.3269358973565093,1.3237302590378348,1.323469805452111,1.3235125357037614
2023-01-24 16:00:00,1.3235125357037614,1.3298528976050026,1.328530388263899,1.3297754424424497
2023-01-24 20:00:00,1.3297754424424497,1.334356595351714,1.333159758548165,1.333347500058154
2023-01-25 00:00:00,1.333347500058154,1.3464448248239211,1.3462962815936164,1.3464113605416037
2023-01-25 04:00:00,1.3464113605416037,1.3554051142088146,1.3547936491726909,1.3552812511641399
2023-01-25 08:00:00,1.3552812511641399,1.363877327210191,1.3630431809380728,1.363830323014085
2023-01-25 12:00:00,1.363830323014085,1.3551058805950351,1.3542634528376383,1.3548007355320932
2023-01-25 16:00:00,1.3548007355320932,1.3600612229440665,1.3590681173078036,1.3595464635665855
2023-01-25 20:00:00,1.3595464635665855,1.3601636413639473,1.3593341280626405,1.3595488389027712
2023-01-26 00:00:00,1.3595488389027712,1.3558082788577812,1.3555062234060424,1.3557915716361906
2023-01-26 04:00:00,1.3557915716361906,1.3574576537625291,1.3565201308930686,1.3566215666014192
2023-01-26 08:00:00,1.3566215666014192,1.3631350263168445,1.362149163473683,1.3628480201428954
2023-01-26 12:00:00,1.3628480201428954,1.366888460603731,1.3666027742610145,1.366650775601761
2023-01-26 16:00:00,1.366650775601761,1.3616717753832202,1.3600956093256331,1.3612276915948802
2023-01-26 20:00:00,1.3612276915948802,1.3665290987146945,1.3650002422604788,1.3656425372566887
2023-01-27 00:00:00,1.3656425372566887,1.3625161702416149,1.3617731165210656,1.3618551457131514
2023-01-27 04:00:00,1.3618551457131514,1.3635420462842327,1.362649700918063,1.3629437221834741
2023-01-27 08:00:00,1.3629437221834741,1.3617818233211545,1.3606338670541147,1.361143755101493
2023-01-27 12:00:00,1.361143755101493,1.3606628351147048,1.358455354785822,1.3596735089239496
2023-01-27 16:00:00,1.3596735089239496,1.365100182421142,1.3632932434470584,1.3640806537058723
2023-01-27 20:00:00,1.3640806537058723,1.3590578693388804,1.3582422563105867,1.3583005800110657
2023-01-28 00:00:00,1.3583005800110657,1.3695499966716878,1.368599326656799,1.3694491398110225
2023-01-28 04:00:00,1.3694491398110225,1.3589095895425858,1.3587492823065757,1.3588720383679225
2023-01-28 08:00:00,1.3588720383679225,1.3556423305909597,1.3533878964765567,1.354119959430131
2023-01-28 12:00:00,1.354119959430131,1.3562970911676642,1.3555026661656946,1.3561520821526387
2023-01-28 16:00:00,1.3561520821526387,1.360282456509746,1.3591283806232197,1.3600385127941705
2023-01-28 20:00:00,1.3600385127941705,1.3599070974018057,1.3593765672049642,1.3597143935754736
2023-01-29 00:00:00,1.3597143935754736,1.359830194816499,1.3588261957604881,1.3593389184848388
2023-01-29 04:00:00,1.3593389184848388,1.3619328438445826,1.3609170735408938,1.361721781699092
2023-01-29 08:00:00,1.361721781699092,1.3609662480300702,1.3600282100144327,1.360578480745532
2023-01-29 12:00:00,1.360578480745532,1.3686984639865798,1.3676238454475267,1.3683211745625417
2023-01-29 16:00:00,1.3683211745625417,1.3746085200807043,1.3733113414556004,1.3738334211702485
2023-01-29 20:00:00,1.3738334211702485,1.3801440124200146,1.3785864539486656,1.3794279632959439
2023-01-30 00:00:00,1.3794279632959439,1.3749243265505675,1.374047485334588,1.374120680065358
2023-01-30 04:00:00,1.374120680065358,1.3737769161949855,1.373038280704103,1.373222361784085
2023-01-30 08:00:00,1.373222361784085,1.372242228315951,1.3712113793471337,1.3714113869732585
2023-01-30 12:00:00,1.3714113869732585,1.3657427050046997,1.3647855757312348,1.3655930147940707
2023-01-30 16:00:00,1.3655930147940707,1.3673304789292111,1.3662368997164105,1.3671850518959818
2023-01-30 20:00:00,1.3671850518959818,1.3643734278474808,1.363848250982917,1.3643174097531428
2023-01-31 00:00:00,1.3643174097531428,1.3684417274553093,1.3670957877516299,1.3676957275066528
2023-01-31 04:00:00,1.3676957275066528,1.3623590116798814,1.3616538896575259,1.3621201353819667
2023-01-31 08:00:00,1.3621201353819667,1.371538038675465,1.3709420820733986,1.3712025868181452
2023-01-31 12:00:00,1.3712025868181452,1.3667537162689456,1.3662881877328437,1.3667331806374623
2023-01-31 16:00:00,1.3667331806374623,1.3677296303656306,1.3673128146049631,1.3676464671179411
2023-01-31 20:00:00,1.3676464671179411,1.3734389320597693,1.3713830936184266,1.3721765465836295
2023-02-01 00:00:00,1.3721765465836295,1.3701071492905053,1.3692955433671528,1.3693176873921113
2023-02-01 04:00:00,1.3693176873921113,1.3745523246748825,1.3734192852631293,1.3738438983123882
2023-02-01 08:00:00,1.3738438983123882,1.3676936968811375,1.3669046327572927,1.3673346858951199
2023-02-01 12:00:00,1.3673346858951199,1.3753647516313379,1.374748936811552,1.375100993512725
2023-02-01 16:00:00,1.375100993512725,1.3767043053628512,1.3748786220504507,1.3758076538081363
2023-02-01 20:00:00,1.3758076538081363,1.373478856104198,1.3722631615127168,1.372464270065638
2023-02-02 00:00:00,1.372464270065638,1.3707958179079578,1.3702243457950591,1.3705097833845687
2023-02-02 04:00:00,1.3705097833845687,1.3754908039313072,1.3740562651473671,1.3748262227216586
2023-02-02 08:00:00,1.3748262227216586,1.3721597585022847,1.3715891734173395,1.3719336180387267
2023-02-02 12:00:00,1.3719336180387267,1.3682185259736659,1.366795488593572,1.36760963109974
2023-02-02 16:00:00,1.36760963109974,1.3662910365870102,1.3659450652748257,1.3660544010228621
2023-02-02 20:00:00,1.3660544010228621,1.3597707912281933,1.3588956699976928,1.3596693944727503
2023-02-03 00:00:00,1.3596693944727503,1.3693370693288365,1.3677307108090708,1.36907456081343
2023-02-03 04:00:00,1.36907456081343,1.3667972262689398,1.3657891537802471,1.366584778504685
2023-02-03 08:00:00,1.366584778504685,1.3712216381347526,1.3698875291006272,1.371074318050811
2023-02-03 12:00:00,1.371074318050811,1.3732179470809636,1.3725859478021776,1.3726202341956704
2023-02-03 16:00:00,1.3726202341956704,1.3688442627979251,1.3670109999192475,1.3673121222988018
2023-02-03 20:00:00,1.3673121222988018,1.3671215934388825,1.3666040240719222,1.366855238632397
2023-02-04 00:00:00,1.366855238632397,1.372255593499202,1.370555211824923,1.3710394217108692
2023-02-04 04:00:00,1.3710394217108692,1.3708197505652826,1.3696918680172327,1.3703581598409422
2023-02-04 08:00:00,1.3703581598409422,1.3772558558650176,1.3751577777123203,1.3765580638871955
2023-02-04 12:00:00,1.3765580638871955,1.3830114765593717,1.38211731974899,1.382554599990684
2023-02-04 16:00:00,1.382554599990684,1.3882736746313429,1.3872869466128155,1.3880950808415353
2023-02-04 20:00:00,1.3880950808415353,1.3861936193826174,1.3851532310077281,1.385972577378805
2023-02-05 00:00:00,1.385972577378805,1.3801081298054256,1.3789017074747025,1.3799038916291861
2023-02-05 04:00:00,1.3799038916291861,1.3761730283920701,1.3752470888863713,1.37601927186265
2023-02-05 08:00:00,1.37601927186265,1.3769968445877327,1.3760811967346847,1.3767925665132785
2023-02-05 12:00:00,1.3767925665132785,1.3798253117141988,1.3792554192259419,1.379780500205311
2023-02-05 16:00:00,1.379780500205311,1.3689768897235286,1.367660313566908,1.3685196216447635
2023-02-05 20:00:00,1.3685196216447635,1.3677608543922528,1.3673635224276954,1.3675770107890393
2023-02-06 00:00:00,1.3675770107890393,1.3686401797901822,1.3680488941164015,1.3683664447443267
2023-02-06 04:00:00,1.3683664447443267,1.3672307204202374,1.3665485788986853,1.366957570087703
2023-02-06 08:00:00,1.366957570087703,1.3740285956289215,1.3728675555117773,1.373542667858918
2023-02-06 12:00:00,1.373542667858918,1.3764838059122602,1.3762707382968684,1.3763251706502218
2023-02-06 16:00:00,1.3763251706502218,1.383695854045228,1.3831176725090961,1.383497267913969
2023-02-06 20:00:00,1.383497267913969,1.3835467483490975,1.3826273220911462,1.3828891534464993
2023-02-07 00:00:00,1.3828891534464993,1.3881903413960508,1.3877008080511368,1.387821155478303
2023-02-07 04:00:00,1.387821155478303,1.3975097317327319,1.396732429935444,1.3970315319857498
2023-02-07 08:00:00,1.3970315319857498,1.4058984292002576,1.405111938832989,1.405231831288022
2023-02-07 12:00:00,1.405231831288022,1.399561063051949,1.3983189273847678,1.3994586705031413
2023-02-07 16:00:00,1.3994586705031413,1.3985286825844077,1.3972594062205956,1.3974924518584595
2023-02-07 20:00:00,1.3974924518584595,1.3955919989973367,1.3947530352446242,1.3953340552577331
2023-02-08 00:00:00,1.3953340552577331,1.398004775482336,1.3976174742452168,1.39794371716217
2023-02-08 04:00:00,1.39794371716217,1.402644060830131,1.4019272622888497,1.402007751368467
2023-02-08 08:00:00,1.402007751368467,1.3980039248745806,1.3968371002275766,1.3976282886182931
2023-02-08 12:00:00,1.3976282886182931,1.397772574161371,1.3964113580254751,1.3976589063163984
2023-02-08 16:00:00,1.3976589063163984,1.3874207622461905,1.386602727522134,1.3867982543967146
2023-02-08 20:00:00,1.3867982543967146,1.394941892885841,1.3939598362973882,1.3941705620849978
2023-02-09 00:00:00,1.3941705620849978,1.3921285975731439,1.39166097642525,1.391749956762893
2023-02-09 04:00:00,1.391749956762893,1.3919799806544184,1.390915528555963,1.3918787736787819
2023-02-09 08:00:00,1.3918787736787819,1.3903330312078905,1.3892352621530417,1.3901693143165592
2023-02-09 12:00:00,1.3901693143165592,1.396475159391948,1.3961123315877935,1.3962664715030555
2023-02-09 16:00:00,1.3962664715030555,1.381222826924382,1.3799246978870912,1.3810777719617664
2023-02-09 20:00:00,1.3810777719617664,1.3804767473123993,1.379698495433624,1.3797695417987603
2023-02-10 00:00:00,1.3797695417987603,1.3800863183051193,1.3783624927340845,1.3790439246617192
2023-02-10 04:00:00,1.3790439246617192,1.376643983083441,1.376071656008887,1.3764121235791265
2023-02-10 08:00:00,1.3764121235791265,1.3861238075992866,1.3857608117369977,1.3858754971085057
2023-02-10 12:00:00,1.3858754971085057,1.3816717157202614,1.380683708928827,1.381419068090809
2023-02-10 16:00:00,1.381419068090809,1.3863463372542573,1.3854085129014881,1.3855965859364916
2023-02-10 20:00:00,1.3855965859364916,1.3886890927777542,1.387564861663123,1.3880238266195846
2023-02-11 00:00:00,1.3880238266195846,1.3956830558750868,1.3947224273712449,1.395523663837036
2023-02-11 04:00:00,1.395523663837036,1.3928756204221973,1.3913478231642593,1.3921517731995523
2023-02-11 08:00:00,1.3921517731995523,1.387970541648886,1.3873062585635256,1.3875742272805387
2023-02-11 12:00:00,1.3875742272805387,1.394178097523381,1.3928575128704197,1.393659161631591
2023-02-11 16:00:00,1.393659161631591,1.397704568814223,1.3966545924412115,1.3966930711339258
2023-02-11 20:00:00,1.3966930711339258,1.3885026701768497,1.387667333429683,1.3878282166915712
2023-02-12 00:00:00,1.3878282166915712,1.3838993414690672,1.3836868665651698,1.3838407937204722
2023-02-12 04:00:00,1.3838407937204722,1.3860415611470005,1.3852427601448452,1.3858576418884898
2023-02-12 08:00:00,1.3858576418884898,1.3918361003451447,1.3906460776733205,1.3909856009520098
2023-02-12 12:00:00,1.3909856009520098,1.3875198085305898,1.3869655217334447,1.3873474779772008
2023-02-12 16:00:00,1.3873474779772008,1.3705658824450373,1.3694994549181507,1.3699547635834817
2023-02-12 20:00:00,1.3699547635834817,1.3723957318027267,1.370872083364053,1.3719604720397334
2023-02-13 00:00:00,1.3719604720397334,1.3650701963041798,1.3639834972387903,1.3644203251951135
2023-02-13 04:00:00,1.3644203251951135,1.3511788745593294,1.3504532729121628,1.350930091416912
2023-02-13 08:00:00,1.350930091416912,1.3308207311470301,1.330513240883274,1.330805842402947
2023-02-13 12:00:00,1.330805842402947,1.335392929918271,1.3352041778226271,1.3352467927214937
2023-02-13 16:00:00,1.3352467927214937,1.3368699324452942,1.3363741481662352,1.336548889854529
2023-02-13 20:00:00,1.336548889854529,1.33561758252881,1.3349251753123181,1.335046565113068
2023-02-14 00:00:00,1.335046565113068,1.3446580362744112,1.3439596266369673,1.3445460596507195
2023-02-14 04:00:00,1.3445460596507195,1.3502993477217962,1.3490028847840119,1.3498740173035915
2023-02-14 08:00:00,1.3498740173035915,1.3620353998425674,1.3614253533843375,1.3619121237696576
2023-02-14 12:00:00,1.3619121237696576,1.3534925347090407,1.3516951533240487,1.3524303073641626
2023-02-14 16:00:00,1.3524303073641626,1.3515919893606856,1.3511252166844705,1.3514108135151337
2023-02-14 20:00:00,1.3514108135151337,1.3396593523767435,1.3392417719465326,1.3394649394203682
2023-02-15 00:00:00,1.3394649394203682,1.3375890709455367,1.3366667890398165,1.3367723237189726
2023-02-15 04:00:00,1.3367723237189726,1.33483379911937,1.3341144322493814,1.334716657807478
2023-02-15 08:00:00,1.334716657807478,1.3391952347654228,1.3384479396317117,1.3390694007399513
2023-02-15 12:00:00,1.3390694007399513,1.3399516043433584,1.3396404452350104,1.339743900689325
2023-02-15 16:00:00,1.339743900689325,1.3449966408346157,1.34328515058348,1.3441012625966282
2023-02-15 20:00:00,1.3441012625966282,1.3497406806847072,1.3483211137566413,1.349281619786114
2023-02-16 00:00:00,1.349281619786114,1.3653664633660538,1.3642690600001406,1.364572534072662
2023-02-16 04:00:00,1.364572534072662,1.3642422737352595,1.3631283605472553,1.363460192421468
2023-02-16 08:00:00,1.363460192421468,1.3571153553926643,1.356413605788268,1.3566342173784998
2023-02-16 12:00:00,1.3566342173784998,1.3582254815376156,1.3570393362630304,1.3578600777042784
2023-02-16 16:00:00,1.3578600777042784,1.3530161536127026,1.3518077082034288,1.352378602966238
2023-02-16 20:00:00,1.352378602966238,1.3630186927683696,1.3614518135454152,1.3622534788721359
2023-02-17 00:00:00,1.3622534788721359,1.3611413905826188,1.36088766041987,1.361007883413707
2023-02-17 04:00:00,1.361007883413707,1.3574912816341476,1.3568431379001638,1.3569758254115754
2023-02-17 08:00:00,1.3569758254115754,1.3543513326488217,1.3528604382945348,1.3534228340493804
2023-02-17 12:00:00,1.3534228340493804,1.3583638875272144,1.3579379213038292,1.357995796192911
2023-02-17 16:00:00,1.357995796192911,1.3573048253152389,1.3569559246998655,1.3573006589105607
2023-02-17 20:00:00,1.3573006589105607,1.3535459643423235,1.3530696265203648,1.3530848714074437
2023-02-18 00:00:00,1.3530848714074437,1.3639916557402871,1.363475135394927,1.363492689518454
2023-02-18 04:00:00,1.363492689518454,1.3585991397758308,1.3585169402022903,1.358563390707515
2023-02-18 08:00:00,1.358563390707515,1.3587344464886861,1.3583052506634934,1.3584079777786726
2023-02-18 12:00:00,1.3584079777786726,1.3630263293873714,1.3616821141899886,1.3626013633550353
2023-02-18 16:00:00,1.3626013633550353,1.3525459522460728,1.352097741208399,1.3525134083392658
2023-02-18 20:00:00,1.3525134083392658,1.3553624588117843,1.3547567908224947,1.3548894479622342
2023-02-19 00:00:00,1.3548894479622342,1.3487508468253349,1.3481202556149767,1.3482546070312416
2023-02-19 04:00:00,1.3482546070312416,1.3539044882676163,1.353020654435238,1.3531049848535521
2023-02-19 08:00:00,1.3531049848535521,1.3474910532840836,1.3470418134018614,1.3472160643050293
2023-02-19 12:00:00,1.3472160643050293,1.3518802076718153,1.350817400800586,1.35128418754158
2023-02-19 16:00:00,1.35128418754158,1.3589211036679714,1.3585564336350873,1.358824447876211
2023-02-19 20:00:00,1.358824447876211,1.3654707734762084,1.3650139294452912,1.3651814818514847
2023-02-20 00:00:00,1.3651814818514847,1.367828014879955,1.367384981738336,1.3673877948053774
2023-02-20 04:00:00,1.3673877948053774,1.366494427223353,1.3658246006773742,1.3660395488278536
2023-02-20 08:00:00,1.3660395488278536,1.362302596883707,1.3621522585950343,1.3622506404947945
2023-02-20 12:00:00,1.3622506404947945,1.371367194998856,1.370703892802466,1.3712686663981952
2023-02-20 16:00:00,1.3712686663981952,1.3678348148258817,1.3666439590455013,1.367408658840363
2023-02-20 20:00:00,1.367408658840363,1.3612601684975592,1.3589884792992084,1.3604019027068384
2023-02-21 00:00:00,1.3604019027068384,1.3646625164620516,1.3635820642142253,1.3641985810386745
2023-02-21 04:00:00,1.3641985810386745,1.3602374768647967,1.3590647028595777,1.3593466993330419
2023-02-21 08:00:00,1.3593466993330419,1.3529864156599665,1.3525661692080664,1.3528459379117284
2023-02-21 12:00:00,1.3528459379117284,1.343643404849483,1.3427987763104512,1.3429926295660302
2023-02-21 16:00:00,1.3429926295660302,1.3392582825939303,1.3387085945073245,1.3389875675820124
2023-02-21 20:00:00,1.3389875675820124,1.3383958714092048,1.337885564462413,1.338122528336181
2023-02-22 00:00:00,1.338122528336181,1.340069776208991,1.3394748412509776,1.3396026704623734
2023-02-22 04:00:00,1.3396026704623734,1.3462072233101083,1.3455990550860784,1.3456320734869214
2023-02-22 08:00:00,1.3456320734869214,1.3494803526704502,1.3492640643079892,1.3494325443981843
2023-02-22 12:00:00,1.3494325443981843,1.3489145386001515,1.3484128125798498,1.348545191030689
2023-02-22 16:00:00,1.348545191030689,1.3478578651874134,1.346708734451556,1.347277482546353
2023-02-22 20:00:00,1.347277482546353,1.3509152172016703,1.3501590271593473,1.350171016798647
2023-02-23 00:00:00,1.350171016798647,1.3589664628552152,1.357791013992011,1.3577994579587271
2023-02-23 04:00:00,1.3577994579587271,1.359451788278291,1.3585876959623384,1.359168420260881
2023-02-23 08:00:00,1.359168420260881,1.3576764536762935,1.3560238058275722,1.356545457439202
2023-02-23 12:00:00,1.356545457439202,1.350964328380976,1.3498069904847165,1.3506627360555523
2023-02-23 16:00:00,1.3506627360555523,1.3422006493944814,1.3409290619365128,1.3418717162080318
2023-02-23 20:00:00,1.3418717162080318,1.3453714158089523,1.3446576270874466,1.3451446335722401
2023-02-24 00:00:00,1.3451446335722401,1.3495114046707648,1.3485004448913693,1.3488250153769652
2023-02-24 04:00:00,1.3488250153769652,1.3528363773632346,1.352039035618443,1.352518180006094
2023-02-24 08:00:00,1.352518180006094,1.3524433853686224,1.3519252411777045,1.352061306093307
2023-02-24 12:00:00,1.352061306093307,1.360010699803364,1.3594213404849416,1.359993147834738
2023-02-24 16:00:00,1.359993147834738,1.3582788662193142,1.3573430792684327,1.357793409876709
2023-02-24 20:00:00,1.357793409876709,1.3632085734568826,1.3628677158833902,1.3631090202189946
2023-02-25 00:00:00,1.3631090202189946,1.3636125825585659,1.3628349793971721,1.3633101495211508
2023-02-25 04:00:00,1.3633101495211508,1.3605655560960235,1.3593439170425012,1.3599265202051993
2023-02-25 08:00:00,1.3599265202051993,1.364095333290704,1.3628641619916417,1.3629417328349294
2023-02-25 12:00:00,1.3629417328349294,1.3662173542030775,1.3652712947758696,1.3654356759593909
2023-02-25 16:00:00,1.3654356759593909,1.3686242817311038,1.3671367199250348,1.3675722268593982
2023-02-25 20:00:00,1.3675722268593982,1.3683110833119225,1.3676957727714365,1.3681769076135382
2023-02-26 00:00:00,1.3681769076135382,1.368860379068694,1.3679555860918464,1.3680294840906526
2023-02-26 04:00:00,1.3680294840906526,1.37999981743718,1.379531812221046,1.3799743091068406
2023-02-26 08:00:00,1.3799743091068406,1.3878183980229746,1.3870455202742091,1.3874027676081522
2023-02-26 12:00:00,1.3874027676081522,1.392917281673643,1.3916056284931864,1.3920852924896119
2023-02-26 16:00:00,1.3920852924896119,1.3932084585196292,1.392732820669331,1.393096233719134
2023-02-26 20:00:00,1.393096233719134,1.3988590571377293,1.3982832780784922,1.3987509867131904
2023-02-27 00:00:00,1.3987509867131904,1.4032296998497575,1.401217065933584,1.4021201265259404
2023-02-27 04:00:00,1.4021201265259404,1.4025512669472864,1.4023306037805698,1.4025365766954867
2023-02-27 08:00:00,1.4025365766954867,1.4009700676831243,1.400300839648196,1.4009301202949254
2023-02-27 12:00:00,1.4009301202949254,1.400732537947802,1.4000071901785593,1.4003746263838104
2023-02-27 16:00:00,1.4003746263838104,1.3846128577811452,1.384219705966634,1.384220576257877
2023-02-27 20:00:00,1.384220576257877,1.384371032371308,1.3838994547486012,1.3841301646004383
2023-02-28 00:00:00,1.3841301646004383,1.3822745106729077,1.3812424156043621,1.3814577915802826
2023-02-28 04:00:00,1.3814577915802826,1.3911131792779563,1.389778890281672,1.3898393676995826
2023-02-28 08:00:00,1.3898393676995826,1.3912377009767627,1.3900267845134795,1.390621101198731
2023-02-28 12:00:00,1.390621101198731,1.3850731163334316,1.3840109154561575,1.3842036560401263
2023-02-28 16:00:00,1.3842036560401263,1.3836009186138325,1.3832953047570038,1.3834145935325097
2023-02-28 20:00:00,1.3834145935325097,1.3780177296881058,1.3769876221918893,1.3777321897007258
2023-03-01 00:00:00,1.3777321897007258,1.3801549608013983,1.3793951087304328,1.379857884502332
2023-03-01 04:00:00,1.379857884502332,1.3821315220894732,1.3813606405644374,1.3815875009853122
2023-03-01 08:00:00,1.3815875009853122,1.388557699768832,1.38675930060206,1.3867645768751364
2023-03-01 12:00:00,1.3867645768751364,1.3837996351480029,1.3827944558699636,1.3829652586021253
2023-03-01 16:00:00,1.3829652586021253,1.3833957192300177,1.3823382884068667,1.3828424326208195
2023-03-01 20:00:00,1.3828424326208195,1.3760849160367081,1.374990134921774,1.3758579434650493
2023-03-02 00:00:00,1.3758579434650493,1.37979580956102,1.3785310678573615,1.3789932949446997
2023-03-02 04:00:00,1.3789932949446997,1.3825002732187641,1.3818239277269924,1.3819630045077267
2023-03-02 08:00:00,1.3819630045077267,1.3848613781227475,1.3845116940834468,1.3847819310025906
2023-03-02 12:00:00,1.3847819310025906,1.3854738614025688,1.384995950768325,1.3850160497293558
2023-03-02 16:00:00,1.3850160497293558,1.3873213051321147,1.3868497790144165,1.3871036798772138
2023-03-02 20:00:00,1.3871036798772138,1.3961176881792627,1.3944164397257564,1.3951811421870446
2023-03-03 00:00:00,1.3951811421870446,1.3943956004472766,1.3943512121762627,1.3943549023332509
2023-03-03 04:00:00,1.3943549023332509,1.3950866032161433,1.394320777442658,1.3949851969782359
2023-03-03 08:00:00,1.3949851969782359,1.3902749824946559,1.388772447820665,1.3897516678984596
2023-03-03 12:00:00,1.3897516678984596,1.3860990246397134,1.3849773589438716,1.3850493892535722
2023-03-03 16:00:00,1.3850493892535722,1.385250072747916,1.3851383069108394,1.3851614009905928
2023-03-03 20:00:00,1.3851614009905928,1.3906721357380134,1.3892611665169952,1.390491102076995
2023-03-04 00:00:00,1.390491102076995,1.3902678095288767,1.3890257296057626,1.3896565916093233
2023-03-04 04:00:00,1.3896565916093233,1.3897099785542915,1.3881183682079343,1.388461198477066
2023-03-04 08:00:00,1.388461198477066,1.3870899412847675,1.3861226983746513,1.3864659781729336
2023-03-04 12:00:00,1.3864659781729336,1.3841698574080081,1.3833189065829992,1.3838483943577264
2023-03-04 16:00:00,1.3838483943577264,1.384987504075375,1.3844254669687026,1.3849855757053489
2023-03-04 20:00:00,1.3849855757053489,1.3784878028329217,1.3778081041708814,1.3784078366021322
2023-03-05 00:00:00,1.3784078366021322,1.3838762909930062,1.3836238905263507,1.3838089334368653
2023-03-05 04:00:00,1.3838089334368653,1.3813131214320307,1.380801667750885,1.381087674857371
2023-03-05 08:00:00,1.381087674857371,1.3847691727003917,1.3841268569759917,1.3842690124354327
2023-03-05 12:00:00,1.3842690124354327,1.3790732608934102,1.3782108535250113,1.3785581535726976
2023-03-05 16:00:00,1.3785581535726976,1.3815594507995743,1.3805121642472238,1.3813199561964618
2023-03-05 20:00:00,1.3813199561964618,1.3849363828955474,1.3846225579337388,1.3847592266240583
2023-03-06 00:00:00,1.3847592266240583,1.387767249571732,1.3866511762953069,1.3868791432100724
2023-03-06 04:00:00,1.3868791432100724,1.3832042647403089,1.382299353214965,1.3823436640021791
2023-03-06 08:00:00,1.3823436640021791,1.383691372524164,1.3830684360523013,1.3831752294253838
2023-03-06 12:00:00,1.3831752294253838,1.379406233796737,1.3771746312314936,1.377742715955398
2023-03-06 16:00:00,1.377742715955398,1.3769792008046575,1.3757991497587667,1.3761100799015775
2023-03-06 20:00:00,1.3761100799015775,1.3812179706529133,1.3804376700089531,1.3807790162965723
2023-03-07 00:00:00,1.3807790162965723,1.3860471229462237,1.384467360704051,1.3849356242265738
2023-03-07 04:00:00,1.3849356242265738,1.3860272202059438,1.3848505515028802,1.3853414957865458
2023-03-07 08:00:00,1.3853414957865458,1.3817250883137082,1.3798835212937273,1.3808533044330082
2023-03-07 12:00:00,1.3808533044330082,1.3840124582389286,1.3824375906886381,1.3835262014360312
2023-03-07 16:00:00,1.3835262014360312,1.3845773004781898,1.3830168523262334,1.3838307552271292
2023-03-07 20:00:00,1.3838307552271292,1.3745011199515045,1.3726576459577537,1.3734056236475949
2023-03-08 00:00:00,1.3734056236475949,1.3764930007648832,1.3763648541242217,1.3763737766596371
2023-03-08 04:00:00,1.3763737766596371,1.3773599935040248,1.3762183403244541,1.3764943269342025
2023-03-08 08:00:00,1.3764943269342025,1.3822990033008877,1.381832424944277,1.3821290230475423
2023-03-08 12:00:00,1.3821290230475423,1.3775416080901106,1.3772958216381155,1.3773267750841678
2023-03-08 16:00:00,1.3773267750841678,1.3616450787178507,1.3615635628015499,1.361604291815337
2023-03-08 20:00:00,1.361604291815337,1.3625429683495889,1.3612949081098369,1.361863909248647
2023-03-09 00:00:00,1.361863909248647,1.3642978346510133,1.3633286893720138,1.3634083101891448
2023-03-09 04:00:00,1.3634083101891448,1.3553163853404968,1.354156437365616,1.3549147004624298
2023-03-09 08:00:00,1.3549147004624298,1.3494824316911274,1.3487115489823427,1.349046560383253
2023-03-09 12:00:00,1.349046560383253,1.3643684537991505,1.3631695846569818,1.3635065323588051
2023-03-09 16:00:00,1.3635065323588051,1.3633446115031607,1.3625739490448767,1.3628449556835687
2023-03-09 20:00:00,1.3628449556835687,1.3675947203578316,1.3666187295721182,1.3670165121330857
2023-03-10 00:00:00,1.3670165121330857,1.363640814293376,1.362932636550056,1.3635967343527158
2023-03-10 04:00:00,1.3635967343527158,1.3523787949229213,1.3512181086496255,1.351437068998683
2023-03-10 08:00:00,1.351437068998683,1.3496855451220888,1.3490088316117064,1.3494398280091398
2023-03-10 12:00:00,1.3494398280091398,1.3478516938355256,1.3475398103471723,1.3477121978538253
2023-03-10 16:00:00,1.3477121978538253,1.3455409699446834,1.345221214795598,1.3452735013289594
2023-03-10 20:00:00,1.3452735013289594,1.344460542718036,1.3442727184949763,1.3444311293261866
2023-03-11 00:00:00,1.3444311293261866,1.3460485499404353,1.3447935900489878,1.3458109229266515
2023-03-11 04:00:00,1.3458109229266515,1.3455786669022325,1.3446284280744243,1.345119703887264
2023-03-11 08:00:00,1.345119703887264,1.3386900774456174,1.3385267055948809,1.3385411674904368
2023-03-11 12:00:00,1.3385411674904368,1.341608512835846,1.3398324042984064,1.3405876502965086
2023-03-11 16:00:00,1.3405876502965086,1.3309113086337603,1.3303881804130573,1.3306542913100192
2023-03-11 20:00:00,1.3306542913100192,1.3187373521609111,1.3183392288866713,1.3187142955507603
2023-03-12 00:00:00,1.3187142955507603,1.3227044936457932,1.321438570926375,1.3220578445234725
2023-03-12 04:00:00,1.3220578445234725,1.325551602999475,1.3241156790495558,1.3252506079242596
2023-03-12 08:00:00,1.3252506079242596,1.3254501506340002,1.325170824114977,1.32517846592232
2023-03-12 12:00:00,1.32517846592232,1.3176777042323449,1.3174990814403744,1.3175248250286609
2023-03-12 16:00:00,1.3175248250286609,1.3129535149968428,1.312580356146142,1.3129304596579896
2023-03-12 20:00:00,1.3129304596579896,1.3115727261298562,1.310824216808519,1.3110847229222018
2023-03-13 00:00:00,1.3110847229222018,1.3025313034288364,1.3015839138793388,1.3021870878794164
2023-03-13 04:00:00,1.3021870878794164,1.2975731504601142,1.2961512963962651,1.297274680533031
2023-03-13 08:00:00,1.297274680533031,1.3006140440299052,1.2999225097276748,1.3006078527083171
2023-03-13 12:00:00,1.3006078527083171,1.3093225881382198,1.3084720379897188,1.3089874106517636
2023-03-13 16:00:00,1.3089874106517636,1.307451211591394,1.3064585655524719,1.3071855850538354
2023-03-13 20:00:00,1.3071855850538354,1.3117758423634496,1.3112939779875497,1.3114017297148235
2023-03-14 00:00:00,1.3114017297148235,1.300873154509115,1.300126317671936,1.3007554079402894
2023-03-14 04:00:00,1.3007554079402894,1.3039357395458242,1.3035741579617195,1.3038834940979127
2023-03-14 08:00:00,1.3038834940979127,1.299463394553206,1.2988308519241054,1.2993516887870873
2023-03-14 12:00:00,1.2993516887870873,1.3010529773533097,1.300475501818368,1.300813762179813
2023-03-14 16:00:00,1.300813762179813,1.2996757324496435,1.29926455811591,1.299499474425435
2023-03-14 20:00:00,1.299499474425435,1.3068806333668923,1.3065150098592693,1.3068304462330766
2023-03-15 00:00:00,1.3068304462330766,1.3024613414625872,1.3015596665185831,1.3023560722785263
2023-03-15 04:00:00,1.3023560722785263,1.3056312909696506,1.30462584425292,1.3056290965124522
2023-03-15 08:00:00,1.3056290965124522,1.305179546330812,1.3039476281527935,1.3042898316184819
2023-03-15 12:00:00,1.3042898316184819,1.303817547782357,1.3026273522517458,1.3033010563932357
2023-03-15 16:00:00,1.3033010563932357,1.302262343091004,1.3017281920892934,1.3022288998760965
2023-03-15 20:00:00,1.3022288998760965,1.2985296254371126,1.2966695553728973,1.2977127780411537
2023-03-16 00:00:00,1.2977127780411537,1.2974711223941295,1.2969931346371661,1.2972780451408181
2023-03-16 04:00:00,1.2972780451408181,1.2975035767062706,1.2961412979804534,1.2969250202515603
2023-03-16 08:00:00,1.2969250202515603,1.2982257871771499,1.297943774087343,1.2980812794439376
2023-03-16 12:00:00,1.2980812794439376,1.2987719076445192,1.2979561790435155,1.298578645729434
2023-03-16 16:00:00,1.298578645729434,1.3024740422057246,1.301797853442273,1.3023277172858396
2023-03-16 20:00:00,1.3023277172858396,1.307242638964689,1.3063099470810406,1.3069536501217132
2023-03-17 00:00:00,1.3069536501217132,1.302647946216235,1.3022836290965347,1.3023378305638924
2023-03-17 04:00:00,1.3023378305638924,1.3068914808446164,1.3050782402974506,1.3061413082684217
2023-03-17 08:00:00,1.3061413082684217,1.3008810408158442,1.3003055284300842,1.3007329826517893
2023-03-17 12:00:00,1.3007329826517893,1.3034763711534318,1.3028280614706755,1.3031839101761735
2023-03-17 16:00:00,1.3031839101761735,1.306521798852368,1.3059709135431006,1.3063907241395059
2023-03-17 20:00:00,1.3063907241395059,1.298270095636695,1.2970906127746142,1.2974162115611558
2023-03-18 00:00:00,1.2974162115611558,1.2972954876046887,1.297060981391104,1.2971734677484432
2023-03-18 04:00:00,1.2971734677484432,1.2952146571390384,1.2945884092708064,1.2948576510953542
2023-03-18 08:00:00,1.2948576510953542,1.2913650014905738,1.290657743292826,1.2910112663916744
2023-03-18 12:00:00,1.2910112663916744,1.2975342215042724,1.2971828094572524,1.2972492799314503
2023-03-18 16:00:00,1.2972492799314503,1.294797020375471,1.2940662246715615,1.2944891920249253
2023-03-18 20:00:00,1.2944891920249253,1.2909563683690948,1.2891877442965796,1.2902959186107013
2023-03-19 00:00:00,1.2902959186107013,1.2909156981474073,1.2898202009337896,1.2903354600476953
2023-03-19 04:00:00,1.2903354600476953,1.2940395824654245,1.2928330530245895,1.2936104554625436
2023-03-19 08:00:00,1.2936104554625436,1.2935034722503527,1.2931420196879664,1.2931974649937819
2023-03-19 12:00:00,1.2931974649937819,1.2987545927767195,1.2983836006620064,1.2985565695031482
2023-03-19 16:00:00,1.2985565695031482,1.301611242996002,1.3013333851899442,1.3015033943393888
2023-03-19 20:00:00,1.3015033943393888,1.2921519486743116,1.2913495851458754,1.2914958233223643
2023-03-20 00:00:00,1.2914958233223643,1.288715895348121,1.2879089490134665,1.288048682446826
2023-03-20 04:00:00,1.288048682446826,1.2851205099934857,1.284733428078983,1.2849755005374766
2023-03-20 08:00:00,1.2849755005374766,1.2874261162591023,1.2867229324811853,1.2871013221556222
2023-03-20 12:00:00,1.2871013221556222,1.274978903851618,1.2736544691831833,1.2745382040678055
2023-03-20 16:00:00,1.2745382040678055,1.2874004701708814,1.2869232498086045,1.2870438170624758
2023-03-20 20:00:00,1.2870438170624758,1.2912160931772347,1.2910772956728762,1.291110373324157
2023-03-21 00:00:00,1.291110373324157,1.2924926518525155,1.2918241622673763,1.2922928660167092
2023-03-21 04:00:00,1.2922928660167092,1.2994347062524967,1.2987854024700831,1.2990119222589671
2023-03-21 08:00:00,1.2990119222589671,1.3134869340842237,1.3127321481544367,1.3130826798318553
2023-03-21 12:00:00,1.3130826798318553,1.3198739876513,1.319603521296424,1.3197050346886172
2023-03-21 16:00:00,1.3197050346886172,1.3270232384142875,1.326036425412315,1.3263253587623143
2023-03-21 20:00:00,1.3263253587623143,1.3282360384564182,1.32755233013533,1.3277076805340724
2023-03-22 00:00:00,1.3277076805340724,1.327206690253165,1.3265671995607213,1.3269233418856377
2023-03-22 04:00:00,1.3269233418856377,1.3240355099660972,1.3234729671671428,1.3239562653877295
2023-03-22 08:00:00,1.3239562653877295,1.3194721535474914,1.3182928563723326,1.3187668886426749
2023-03-22 12:00:00,1.3187668886426749,1.3142384631339252,1.3141700125374083,1.3142319624494117
2023-03-22 16:00:00,1.3142319624494117,1.3059904122047878,1.3052757170892213,1.305818921125121
2023-03-22 20:00:00,1.305818921125121,1.304709548716468,1.3043640718618232,1.3046834129858118
2023-03-23 00:00:00,1.3046834129858118,1.2953855447695677,1.2943152194016068,1.2946234212459375
2023-03-23 04:00:00,1.2946234212459375,1.2950910211466669,1.2937304898628805,1.294998973631901
2023-03-23 08:00:00,1.294998973631901,1.2952247001991246,1.2946366582512165,1.294813126142148
2023-03-23 12:00:00,1.294813126142148,1.2960074884609911,1.295402602577751,1.295638842978636
2023-03-23 16:00:00,1.295638842978636,1.2931218073267003,1.2925265007197826,1.2928140497432645
2023-03-23 20:00:00,1.2928140497432645,1.3101739712053908,1.308983557431693,1.3094937189224456
2023-03-24 00:00:00,1.3094937189224456,1.3193977877744045,1.31889212812937,1.319249019745395
2023-03-24 04:00:00,1.319249019745395,1.312386776851146,1.310932431027991,1.3120253334238228
2023-03-24 08:00:00,1.3120253334238228,1.313287750477987,1.3122567176329363,1.3129675241463918
2023-03-24 12:00:00,1.3129675241463918,1.3099545306566411,1.3080435037702074,1.309211388540225
2023-03-24 16:00:00,1.309211388540225,1.303622663984723,1.3024693784003407,1.3026068441837844
2023-03-24 20:00:00,1.3026068441837844,1.2940346173316915,1.2930796951145562,1.2936893477179419
2023-03-25 00:00:00,1.2936893477179419,1.2962725610013082,1.295304306864847,1.295762685618033
2023-03-25 04:00:00,1.295762685618033,1.2923379647177793,1.290935109547096,1.2916463017081636
2023-03-25 08:00:00,1.2916463017081636,1.2978200950210546,1.2972561401130893,1.297360482659983
2023-03-25 12:00:00,1.297360482659983,1.3045373764211148,1.3035899895222844,1.3040935762941916
2023-03-25 16:00:00,1.3040935762941916,1.3138646797651137,1.3131720507030284,1.3134817787077366
2023-03-25 20:00:00,1.3134817787077366,1.308806832662306,1.3081540218026495,1.3085546914195307
2023-03-26 00:00:00,1.3085546914195307,1.3114427429947724,1.3112926506182065,1.3113154914639598
2023-03-26 04:00:00,1.3113154914639598,1.3161196881797312,1.315573126396711,1.3156641133507798
2023-03-26 08:00:00,1.3156641133507798,1.313504364035296,1.311940976130467,1.3129364838415156
2023-03-26 12:00:00,1.3129364838415156,1.3082601410300518,1.306819379700662,1.307821851707148
2023-03-26 16:00:00,1.307821851707148,1.3180947024010565,1.3176311452381653,1.3176494934097274
2023-03-26 20:00:00,1.3176494934097274,1.3206423897499069,1.3197810502292957,1.3199476633646534
2023-03-27 00:00:00,1.3199476633646534,1.324605617781744,1.3237616424571377,1.3242630341472506
2023-03-27 04:00:00,1.3242630341472506,1.3193485170248598,1.3191175421350327,1.3193047874318249
2023-03-27 08:00:00,1.3193047874318249,1.3113420543432073,1.310784210730618,1.3110938188273895
2023-03-27 12:00:00,1.3110938188273895,1.3067343474859276,1.306538397182936,1.3067187694214697
2023-03-27 16:00:00,1.3067187694214697,1.30583996184719,1.305079299500725,1.305566009874595
2023-03-27 20:00:00,1.305566009874595,1.2989880554116102,1.2981841770597233,1.2988134602320272
2023-03-28 00:00:00,1.2988134602320272,1.2983520434833162,1.2977978055118502,1.2982124571175468
2023-03-28 04:00:00,1.2982124571175468,1.2886710734669446,1.2874212631214794,1.2878929048506562
2023-03-28 08:00:00,1.2878929048506562,1.2803522152971467,1.2793528759964645,1.2800000697190155
2023-03-28 12:00:00,1.2800000697190155,1.2840430273119867,1.2834809298178438,1.2836953968594795
2023-03-28 16:00:00,1.2836953968594795,1.2880451496427594,1.2870893662374203,1.287852286018708
2023-03-28 20:00:00,1.287852286018708,1.2861727977498159,1.285502099958118,1.2856963118799845
2023-03-29 00:00:00,1.2856963118799845,1.2795028309682284,1.2791177304901062,1.2792298210014452
2023-03-29 04:00:00,1.2792298210014452,1.2730849367379058,1.2723108516241453,1.2723142125238118
2023-03-29 08:00:00,1.2723142125238118,1.2696886301221482,1.2693979127618409,1.2694100197691132
2023-03-29 12:00:00,1.2694100197691132,1.2732153960662367,1.272908864379228,1.2731733744601124
2023-03-29 16:00:00,1.2731733744601124,1.2800707604153405,1.2783632372486586,1.279198240986387
2023-03-29 20:00:00,1.279198240986387,1.2770137073314147,1.2764361152149948,1.2765874139887647
2023-03-30 00:00:00,1.2765874139887647,1.269526055118768,1.269307045707931,1.2693551484167516
2023-03-30 04:00:00,1.2693551484167516,1.2707132881176462,1.2702400267309015,1.2704373379752347
2023-03-30 08:00:00,1.2704373379752347,1.2659401367881387,1.2640788142405173,1.2655873206780563
2023-03-30 12:00:00,1.2655873206780563,1.2621387352223907,1.261529737695879,1.262101077823171
2023-03-30 16:00:00,1.262101077823171,1.2698534517718438,1.2692497773054476,1.2696789483489956
2023-03-30 20:00:00,1.2696789483489956,1.276071667395216,1.2746346545239982,1.2753389329112779
2023-03-31 00:00:00,1.2753389329112779,1.2770478127872529,1.2766480684625918,1.276766858462167
2023-03-31 04:00:00,1.276766858462167,1.2696843413249779,1.2691533709893255,1.2692780234551126
2023-03-31 08:00:00,1.2692780234551126,1.2699792109438437,1.2697337254756065,1.2699701037503643
2023-03-31 12:00:00,1.2699701037503643,1.276323691916118,1.2760300666104665,1.2763056091464215
2023-03-31 16:00:00,1.2763056091464215,1.2748262216869488,1.2744849099780164,1.2745575112549765
2023-03-31 20:00:00,1.2745575112549765,1.282873743264073,1.2820911168592883,1.2823486677793892
2023-04-01 00:00:00,1.2823486677793892,1.290968509887386,1.2906608492201088,1.2908210018089012
2023-04-01 04:00:00,1.2908210018089012,1.3028332136063723,1.3014064628531006,1.3019867501955293
2023-04-01 08:00:00,1.3019867501955293,1.3056238944753307,1.3045597610309294,1.304913147415427
2023-04-01 12:00:00,1.304913147415427,1.3098764404692242,1.3085290567149257,1.3089903519034607
2023-04-01 16:00:00,1.3089903519034607,1.3186721231685523,1.3179624139370036,1.3185351425720186
2023-04-01 20:00:00,1.3185351425720186,1.32234960636209,1.3221813003091136,1.3223308972750114
2023-04-02 00:00:00,1.3223308972750114,1.319855859998661,1.3191986716999569,1.3192823886246656
2023-04-02 04:00:00,1.3192823886246656,1.316504211147778,1.3156916402902488,1.3160981846361164
2023-04-02 08:00:00,1.3160981846361164,1.3176471247329693,1.317175982614958,1.3173821150615885
2023-04-02 12:00:00,1.3173821150615885,1.3099780212715237,1.309156023508427,1.309430315393315
2023-04-02 16:00:00,1.309430315393315,1.30799334802559,1.3075012748128905,1.3078840518397545
2023-04-02 20:00:00,1.3078840518397545,1.3147786906937733,1.3143823239710328,1.3145646712089774
2023-04-03 00:00:00,1.3145646712089774,1.3023022666994184,1.3009761820880106,1.3013388693237133
2023-04-03 04:00:00,1.3013388693237133,1.311146249230225,1.3099267643865746,1.3105350292248226
2023-04-03 08:00:00,1.3105350292248226,1.3190956953024977,1.318286099277629,1.3190415140806202
2023-04-03 12:00:00,1.3190415140806202,1.3165988769601407,1.3162435217839163,1.316468364244413
2023-04-03 16:00:00,1.316468364244413,1.3205896193464295,1.3194436600581172,1.3200244796163267
2023-04-03 20:00:00,1.3200244796163267,1.320693623198249,1.3200989222631594,1.3203308873756308
2023-04-04 00:00:00,1.3203308873756308,1.3286747392604192,1.3271432376067844,1.3284630741691963
2023-04-04 04:00:00,1.3284630741691963,1.3371059572311543,1.3355670883823607,1.3357742492648668
2023-04-04 08:00:00,1.3357742492648668,1.3271000577297452,1.326577346892213,1.3267498755734424
2023-04-04 12:00:00,1.3267498755734424,1.3307480357948778,1.3300515430457553,1.330153754550638
2023-04-04 16:00:00,1.330153754550638,1.3295615280334583,1.3289255221088812,1.3290045289739525
2023-04-04 20:00:00,1.3290045289739525,1.3298326456389966,1.329051249836148,1.3294668284388287
2023-04-05 00:00:00,1.3294668284388287,1.3250014643187555,1.3247416015974796,1.3248174940766844
2023-04-05 04:00:00,1.3248174940766844,1.3361714780424465,1.3351064769301226,1.3356811376623812
2023-04-05 08:00:00,1.3356811376623812,1.3442410998047054,1.3434218021519715,1.3435907126341144
2023-04-05 12:00:00,1.3435907126341144,1.3394678823117108,1.338527232496923,1.3391224270456878
2023-04-05 16:00:00,1.3391224270456878,1.33010443180812,1.3294993686074243,1.3296825168992468
2023-04-05 20:00:00,1.3296825168992468,1.3266430948293744,1.3259497416008343,1.3262423251934419
2023-04-06 00:00:00,1.3262423251934419,1.330134625172695,1.3289194060934668,1.3289475476040595
2023-04-06 04:00:00,1.3289475476040595,1.3311496487554315,1.3300725634055783,1.3307807792104518
2023-04-06 08:00:00,1.3307807792104518,1.3397185581398243,1.3390891646922112,1.3391689163772569
2023-04-06 12:00:00,1.3391689163772569,1.3456453290378967,1.3451438713700705,1.345191305435325
2023-04-06 16:00:00,1.345191305435325,1.3524714358116054,1.3513388935682973,1.3523004575290227
2023-04-06 20:00:00,1.3523004575290227,1.355503037886154,1.3546646134957068,1.3551395660586396
2023-04-07 00:00:00,1.3551395660586396,1.346019408263283,1.3456288285123401,1.3459378996143587
2023-04-07 04:00:00,1.3459378996143587,1.3450032533412626,1.342793046726612,1.3438456173623887
2023-04-07 08:00:00,1.3438456173623887,1.3509892293228223,1.3506032964535193,1.3508679645866375
2023-04-07 12:00:00,1.3508679645866375,1.351265712426192,1.3500031892959226,1.3510767695653774
2023-04-07 16:00:00,1.3510767695653774,1.35449776409866,1.3539743246214393,1.3544254380950007
2023-04-07 20:00:00,1.3544254380950007,1.3542205643917635,1.3517505248841628,1.352611872700378
2023-04-08 00:00:00,1.352611872700378,1.3466171105829363,1.3456923763913968,1.345935724460686
2023-04-08 04:00:00,1.345935724460686,1.3450152384956349,1.3436911527127724,1.3446128813868397
2023-04-08 08:00:00,1.3446128813868397,1.3465869207299743,1.346178406191035,1.34642984141351
2023-04-08 12:00:00,1.34642984141351,1.3427542453597525,1.3424034922481891,1.3425988589259288
2023-04-08 16:00:00,1.3425988589259288,1.3409683127102632,1.3404639590390957,1.3408770130423724
2023-04-08 20:00:00,1.3408770130423724,1.3355886062265745,1.3350630000007573,1.3352493217578145
2023-04-09 00:00:00,1.3352493217578145,1.3419547127491944,1.3408500374715058,1.3414040704693868
2023-04-09 04:00:00,1.3414040704693868,1.3404601315444185,1.3397502963667056,1.340133013113663
2023-04-09 08:00:00,1.340133013113663,1.3487687194284663,1.3482185893897156,1.3485126411366037
2023-04-09 12:00:00,1.3485126411366037,1.3586778935622368,1.3579480109555389,1.3584727344381096
2023-04-09 16:00:00,1.3584727344381096,1.3588560727132768,1.358654139659102,1.358757133219568
2023-04-09 20:00:00,1.358757133219568,1.3536080707406253,1.352442339977874,1.3526175522481707
2023-04-10 00:00:00,1.3526175522481707,1.339595951423508,1.3387978575181207,1.3393317303695575
2023-04-10 04:00:00,1.3393317303695575,1.3292215791645663,1.328009768528217,1.3287069253375432
2023-04-10 08:00:00,1.3287069253375432,1.3187590451692721,1.318368634404809,1.3186280761405662
2023-04-10 12:00:00,1.3186280761405662,1.3278061921669102,1.3268103378339917,1.3274066515909342
2023-04-10 16:00:00,1.3274066515909342,1.3292510743223112,1.3288964212525058,1.328938450270293
2023-04-10 20:00:00,1.328938450270293,1.3323435969097843,1.3315197227485578,1.331763335773329
2023-04-11 00:00:00,1.331763335773329,1.3171663494808366,1.3168830918369667,1.3169650994579387
2023-04-11 04:00:00,1.3169650994579387,1.3084315402105835,1.3071776893720257,1.3072066988606108
2023-04-11 08:00:00,1.3072066988606108,1.313105237414351,1.3128202885942863,1.3129478559422982
2023-04-11 12:00:00,1.3129478559422982,1.3157326283832358,1.3141885910018853,1.315518972760786
2023-04-11 16:00:00,1.315518972760786,1.3149488750348943,1.3141041839441812,1.3146663901358395
2023-04-11 20:00:00,1.3146663901358395,1.319019942638148,1.318076173658572,1.3185219554391385
2023-04-12 00:00:00,1.3185219554391385,1.3302202233337554,1.3300361194368218,1.330116388038865
2023-04-12 04:00:00,1.330116388038865,1.3303353972365572,1.3293510033740727,1.3294498495038358
2023-04-12 08:00:00,1.3294498495038358,1.3299748794571922,1.3295413985491988,1.3298798159856888
2023-04-12 12:00:00,1.3298798159856888,1.3315394320073917,1.3310695695086745,1.3312067273316293
2023-04-12 16:00:00,1.3312067273316293,1.3474154383230832,1.3462809145873893,1.3469817411433398
2023-04-12 20:00:00,1.3469817411433398,1.333425063968234,1.3326013857291108,1.3333731445679724
2023-04-13 00:00:00,1.3333731445679724,1.3377952463716225,1.3366982253734097,1.3373786399216987
2023-04-13 04:00:00,1.3373786399216987,1.3371731795085098,1.3361823718152317,1.3368551828425161
2023-04-13 08:00:00,1.3368551828425161,1.3410577067905385,1.340652629006136,1.3408310696444288
2023-04-13 12:00:00,1.3408310696444288,1.3372495482885982,1.3362295414281886,1.3365478667049409
2023-04-13 16:00:00,1.3365478667049409,1.3359961155364994,1.3357929178012597,1.3358671193361529
2023-04-13 20:00:00,1.3358671193361529,1.3407411334902382,1.3400019117759592,1.3405667248606958
2023-04-14 00:00:00,1.3405667248606958,1.3624915761516643,1.3606888324198443,1.3618491847232301
2023-04-14 04:00:00,1.3618491847232301,1.370138189051023,1.3692931263132972,1.369704737766142
2023-04-14 08:00:00,1.369704737766142,1.3639767344141027,1.3636604749897372,1.3638213703075728
2023-04-14 12:00:00,1.3638213703075728,1.3607597635166964,1.3599338989293117,1.3601187777901544
2023-04-14 16:00:00,1.3601187777901544,1.356665775023109,1.3563321010063851,1.3564309223548165
2023-04-14 20:00:00,1.3564309223548165,1.3436014832689969,1.3422743124755503,1.343004784538999
2023-04-15 00:00:00,1.343004784538999,1.3398206620860995,1.3393921058827085,1.3394160593334272
2023-04-15 04:00:00,1.3394160593334272,1.3452138789611214,1.3441539926283739,1.3446305902993552
2023-04-15 08:00:00,1.3446305902993552,1.335668189016925,1.3346897190136051,1.3355549929683854
2023-04-15 12:00:00,1.3355549929683854,1.343040600349667,1.3425144056286389,1.3427899718412122
2023-04-15 16:00:00,1.3427899718412122,1.3475117765729179,1.34698145012751,1.3471147003152084
2023-04-15 20:00:00,1.3471147003152084,1.3419311289253386,1.3415544279507705,1.3419011259127454
2023-04-16 00:00:00,1.3419011259127454,1.3404654078313718,1.3398731525749656,1.3404232698586864
2023-04-16 04:00:00,1.3404232698586864,1.3520768069339537,1.3517369475328478,1.3519650385627384
2023-04-16 08:00:00,1.3519650385627384,1.3585588101930304,1.3584153855641743,1.3584885505470314
2023-04-16 12:00:00,1.3584885505470314,1.3591517171771577,1.3590700137668108,1.3590790729167443
2023-04-16 16:00:00,1.3590790729167443,1.3577962448006355,1.3571839891812103,1.3573745389078256
2023-04-16 20:00:00,1.3573745389078256,1.3582975066055636,1.3576579979993557,1.3577860997224298
2023-04-17 00:00:00,1.3577860997224298,1.3543423459500465,1.3536770953610944,1.354300894557988
2023-04-17 04:00:00,1.354300894557988,1.3399567227249967,1.3392509225250382,1.339863230319676
2023-04-17 08:00:00,1.339863230319676,1.3537726634554268,1.3531035856907727,1.3533680447086156
2023-04-17 12:00:00,1.3533680447086156,1.356358455759597,1.3555428660866804,1.3556362198979157
2023-04-17 16:00:00,1.3556362198979157,1.3594839471172886,1.3586894844563384,1.3587730565157992
2023-04-17 20:00:00,1.3587730565157992,1.3589039207950557,1.3581287112917624,1.3586025073792327
2023-04-18 00:00:00,1.3586025073792327,1.354335407055159,1.353429557592885,1.3534562463561208
2023-04-18 04:00:00,1.3534562463561208,1.3521678027463397,1.3514955091710785,1.3517551701261292
2023-04-18 08:00:00,1.3517551701261292,1.3413748928287745,1.3404961627049203,1.340880118164556
2023-04-18 12:00:00,1.340880118164556,1.3560180469677492,1.3556770301013192,1.3559505878172915
2023-04-18 16:00:00,1.3559505878172915,1.348772792058074,1.3477498383727817,1.3479111474615686
2023-04-18 20:00:00,1.3479111474615686,1.3396067738944868,1.3393562852575893,1.3394906563202211
2023-04-19 00:00:00,1.3394906563202211,1.33622396624869,1.3353962408938183,1.3354671177553947
2023-04-19 04:00:00,1.3354671177553947,1.3450250464876945,1.3446553636474277,1.344828610599569
2023-04-19 08:00:00,1.344828610599569,1.3458240291212638,1.3454386348737506,1.3456922065651342
2023-04-19 12:00:00,1.3456922065651342,1.3369250336881597,1.3365588358524674,1.3366024864608994
2023-04-19 16:00:00,1.3366024864608994,1.3456658528992904,1.3451448752334842,1.3453571962958137
2023-04-19 20:00:00,1.3453571962958137,1.3526133529394708,1.3517022005278647,1.3517116718974196
2023-04-20 00:00:00,1.3517116718974196,1.3569376321537496,1.3555298581219841,1.3564001901405134
2023-04-20 04:00:00,1.3564001901405134,1.3627691049273385,1.3622735089902096,1.3622906021495924
2023-04-20 08:00:00,1.3622906021495924,1.3818700110470281,1.3812906918032897,1.3813257984499452
2023-04-20 12:00:00,1.3813257984499452,1.4015158477784657,1.401316045166346,1.4014520397947339
2023-04-20 16:00:00,1.4014520397947339,1.3969914904527125,1.3964178721462772,1.3967495885490733
2023-04-20 20:00:00,1.3967495885490733,1.4112118040723098,1.4104444973646897,1.411119277509836
2023-04-21 00:00:00,1.411119277509836,1.4163298912131228,1.415555521475484,1.4159092760124299
2023-04-21 04:00:00,1.4159092760124299,1.4212474800187775,1.420804313428019,1.4209598269981145
2023-04-21 08:00:00,1.4209598269981145,1.406477746573451,1.4057442990683586,1.4058405958019686
2023-04-21 12:00:00,1.4058405958019686,1.4031495955572517,1.4028655450412835,1.4030235030841889
2023-04-21 16:00:00,1.4030235030841889,1.3959353414274083,1.3953319520807672,1.3953353353926468
2023-04-21 20:00:00,1.3953353353926468,1.4023205205184417,1.4020661129250853,1.4023181293205447
2023-04-22 00:00:00,1.4023181293205447,1.4132116569590916,1.4121789554640114,1.4127260102105936
2023-04-22 04:00:00,1.4127260102105936,1.3950818759712607,1.3940059829207194,1.3942701868931984
2023-04-22 08:00:00,1.3942701868931984,1.3929168984801625,1.3922533917040758,1.3925893511490068
2023-04-22 12:00:00,1.3925893511490068,1.4031610033780677,1.4029642810043614,1.403056294267251
2023-04-22 16:00:00,1.403056294267251,1.4033214157719334,1.4018735176146233,1.4021037207363607
2023-04-22 20:00:00,1.4021037207363607,1.4095923735155853,1.408447793907248,1.408778469555009
2023-04-23 00:00:00,1.408778469555009,1.4135024716386955,1.4118773015152146,1.4125575245998512
2023-04-23 04:00:00,1.4125575245998512,1.41617393850602,1.4145805738236152,1.4159546647203938
2023-04-23 08:00:00,1.4159546647203938,1.4138263719784896,1.4135275842340018,1.4138260552857853
2023-04-23 12:00:00,1.4138260552857853,1.4037260564200746,1.4029122371831828,1.4032621642676708
2023-04-23 16:00:00,1.4032621642676708,1.3931371082117507,1.3916416353672598,1.3927220888576681
2023-04-23 20:00:00,1.3927220888576681,1.3985910606281107,1.3976797560128902,1.3981215108178655
2023-04-24 00:00:00,1.3981215108178655,1.399102262760324,1.3985559135961065,1.3987240082240286
2023-04-24 04:00:00,1.3987240082240286,1.3979312695515307,1.3975740149229727,1.3976115359779617
2023-04-24 08:00:00,1.3976115359779617,1.394555412821727,1.3936364598655206,1.3941007552070521
2023-04-24 12:00:00,1.3941007552070521,1.3920679145686496,1.3909197796159312,1.3914105002825434
2023-04-24 16:00:00,1.3914105002825434,1.399625959792798,1.3989605280113966,1.3992774759502273
2023-04-24 20:00:00,1.3992774759502273,1.3982884855586004,1.3970010583980534,1.3972885789262783
2023-04-25 00:00:00,1.3972885789262783,1.3875514954644177,1.386414553856437,1.3869927494168652
2023-04-25 04:00:00,1.3869927494168652,1.392642207777998,1.39119890315815,1.3919345315036067
2023-04-25 08:00:00,1.3919345315036067,1.3909368207793373,1.3902060695309875,1.3907548691927145
2023-04-25 12:00:00,1.3907548691927145,1.3910596147102665,1.3908268778369852,1.390893848334813
2023-04-25 16:00:00,1.390893848334813,1.402679595487665,1.402304751627836,1.4024253515334122
2023-04-25 20:00:00,1.4024253515334122,1.4040255948292135,1.4027360948024832,1.4031979987484362
2023-04-26 00:00:00,1.4031979987484362,1.4055801321918986,1.4045277417855182,1.4053504356750546
2023-04-26 04:00:00,1.4053504356750546,1.397623605046157,1.3966957549163628,1.3972337533875852
2023-04-26 08:00:00,1.3972337533875852,1.3959241928113548,1.394997418164485,1.3950208762981773
2023-04-26 12:00:00,1.3950208762981773,1.399708396684683,1.3985766152904817,1.39908433441069
2023-04-26 16:00:00,1.39908433441069,1.388768823538116,1.3885137682945397,1.3887281507733829
2023-04-26 20:00:00,1.3887281507733829,1.3896899577921225,1.3891941655720972,1.3893257724251775
2023-04-27 00:00:00,1.3893257724251775,1.3901708649299493,1.3896658464078238,1.3900624580145
2023-04-27 04:00:00,1.3900624580145,1.390701491484951,1.3899866776517595,1.3903939785958326
2023-04-27 08:00:00,1.3903939785958326,1.3976222299486263,1.396585235097976,1.3970309246337027
2023-04-27 12:00:00,1.3970309246337027,1.4003891684380951,1.399564876930986,1.3997301577696177
2023-04-27 16:00:00,1.3997301577696177,1.4102683814848163,1.4090411421566045,1.4093875962582285
2023-04-27 20:00:00,1.4093875962582285,1.4040729645782466,1.402951179383975,1.4035738605913906
2023-04-28 00:00:00,1.4035738605913906,1.404984966477967,1.4039542580186204,1.4040130985293244
2023-04-28 04:00:00,1.4040130985293244,1.404892947086012,1.404301087158964,1.4045895833217297
2023-04-28 08:00:00,1.4045895833217297,1.398274225448789,1.3972828858482609,1.398033768445035
2023-04-28 12:00:00,1.398033768445035,1.4042397415952064,1.4031294146824989,1.403496819684777
2023-04-28 16:00:00,1.403496819684777,1.4186881742195072,1.4183122015746197,1.4186694091947252
2023-04-28 20:00:00,1.4186694091947252,1.4198984872308096,1.4197398905823633,1.4197730691516088
2023-04-29 00:00:00,1.4197730691516088,1.423260268398718,1.4221874958107066,1.4232358887214331
2023-04-29 04:00:00,1.4232358887214331,1.4257499456933496,1.42342842562785,1.424071304998445
2023-04-29 08:00:00,1.424071304998445,1.4204991389437418,1.4180219076999048,1.4195879139723089
2023-04-29 12:00:00,1.4195879139723089,1.4080072210666899,1.4066134932982248,1.4077307405273118
2023-04-29 16:00:00,1.4077307405273118,1.4022987237542677,1.4018179932747576,1.4021137439755782
2023-04-29 20:00:00,1.4021137439755782,1.3925048791394408,1.3921768981704141,1.39247047060244
2023-04-30 00:00:00,1.39247047060244,1.4034319026793682,1.4029822681804962,1.4033401647496142
2023-04-30 04:00:00,1.4033401647496142,1.4037275759228292,1.4033093083089017,1.4033922892615873
2023-04-30 08:00:00,1.4033922892615873,1.4013753423684114,1.3996111603724801,1.4010298039487787
2023-04-30 12:00:00,1.4010298039487787,1.4075297775438924,1.4063964225623984,1.4067942501697697
2023-04-30 16:00:00,1.4067942501697697,1.3998252678345073,1.3995812718584395,1.3997210902708423
2023-04-30 20:00:00,1.3997210902708423,1.3942767694199563,1.3939381944280762,1.3939636442193426
2023-05-01 00:00:00,1.3939636442193426,1.3940761889563107,1.3939537928736665,1.3939654137957755
2023-05-01 04:00:00,1.3939654137957755,1.4008859301613406,1.4004017874593766,1.4006781435969093
2023-05-01 08:00:00,1.4006781435969093,1.4050998829929695,1.4045266969342627,1.4045429343065106
2023-05-01 12:00:00,1.4045429343065106,1.4070287736987963,1.4054310725106636,1.406485405195911
2023-05-01 16:00:00,1.406485405195911,1.4072756405707874,1.4059061818043737,1.4071424026914114
2023-05-01 20:00:00,1.4071424026914114,1.4100625028422051,1.4090027898161062,1.4096798877218293
2023-05-02 00:00:00,1.4096798877218293,1.4121723154251302,1.4103887743241896,1.411114055713509
2023-05-02 04:00:00,1.411114055713509,1.4054128422771706,1.4049254581267727,1.4051194417398172
2023-05-02 08:00:00,1.4051194417398172,1.4052222834375112,1.4047843788431298,1.4049170222237606
2023-05-02 12:00:00,1.4049170222237606,1.398824967489584,1.3981134928887946,1.3987170950214476
2023-05-02 16:00:00,1.3987170950214476,1.3994450333391344,1.397487538222101,1.3986956022076271
2023-05-02 20:00:00,1.3986956022076271,1.39647196629596,1.3957177789458752,1.3959964244470406
2023-05-03 00:00:00,1.3959964244470406,1.4104396188321897,1.408901839975058,1.4098947648167408
2023-05-03 04:00:00,1.4098947648167408,1.4107885817447823,1.4106091549949271,1.410770036679456
2023-05-03 08:00:00,1.410770036679456,1.4028080068064668,1.402328163218854,1.4025932538448846
2023-05-03 12:00:00,1.4025932538448846,1.4011965288873294,1.4010865779601496,1.4011312426992166
2023-05-03 16:00:00,1.4011312426992166,1.404343778380743,1.4037293093504581,1.404069023513164
2023-05-03 20:00:00,1.404069023513164,1.4143125697213563,1.4136386169801796,1.4140634148607676
2023-05-04 00:00:00,1.4140634148607676,1.4112965306955627,1.4109043805904304,1.4112541778284586
2023-05-04 04:00:00,1.4112541778284586,1.4021426290221362,1.4012750080944167,1.4015299030714339
2023-05-04 08:00:00,1.4015299030714339,1.4064028820632974,1.4055470744078677,1.4058571493287968
2023-05-04 12:00:00,1.4058571493287968,1.3978554616355119,1.3975254701567053,1.39762436610744
2023-05-04 16:00:00,1.39762436610744,1.3942258186241256,1.393876516714295,1.39419536282633
2023-05-04 20:00:00,1.39419536282633,1.3926724966955115,1.3922402281137967,1.3923064197432846
2023-05-05 00:00:00,1.3923064197432846,1.391904600678145,1.391450657717434,1.3917296505624945
2023-05-05 04:00:00,1.3917296505624945,1.3963519184223503,1.394544365112717,1.3957596696392394
2023-05-05 08:00:00,1.3957596696392394,1.392555807611205,1.391835461898491,1.3920549120779233
2023-05-05 12:00:00,1.3920549120779233,1.3907268978061358,1.3899887824889512,1.3901606831904334
2023-05-05 16:00:00,1.3901606831904334,1.390531577826969,1.3898932595515139,1.389927813660719
2023-05-05 20:00:00,1.389927813660719,1.3911227180774473,1.3906495558131595,1.3907326178315902
2023-05-06 00:00:00,1.3907326178315902,1.3918628313979535,1.3898914661862145,1.391319583047849
2023-05-06 04:00:00,1.391319583047849,1.3945032661851255,1.3933793568938364,1.3936245530167088
2023-05-06 08:00:00,1.3936245530167088,1.3983482296275198,1.397126715808221,1.3981274611690355
2023-05-06 12:00:00,1.3981274611690355,1.4007211984799774,1.4005108718164703,1.400518099215649
2023-05-06 16:00:00,1.400518099215649,1.4036795224471788,1.4028545774051615,1.403027031785263
2023-05-06 20:00:00,1.403027031785263,1.3953543280535796,1.3952442453921565,1.3952536807648064
2023-05-07 00:00:00,1.3952536807648064,1.3956458124446636,1.3946984087374161,1.394896357290262
2023-05-07 04:00:00,1.394896357290262,1.397830610966862,1.3969261840990514,1.3972944104372065
2023-05-07 08:00:00,1.3972944104372065,1.4018000938863129,1.4010093614760708,1.4011376385205954
2023-05-07 12:00:00,1.4011376385205954,1.3982693590696815,1.3977309378758083,1.3979685475715655
2023-05-07 16:00:00,1.3979685475715655,1.3945311126203266,1.3934939070486287,1.394429095313449
2023-05-07 20:00:00,1.394429095313449,1.3919405589069456,1.3907319756683654,1.3912919711316436
2023-05-08 00:00:00,1.3912919711316436,1.3945156176561313,1.3923910889154882,1.3936957555064686
2023-05-08 04:00:00,1.3936957555064686,1.3997011560784312,1.3985920319996978,1.3989595500657044
2023-05-08 08:00:00,1.3989595500657044,1.3980966672858184,1.3964073937905916,1.3973442793183362
2023-05-08 12:00:00,1.3973442793183362,1.4023325503202249,1.4012247634520953,1.4016680682494898
2023-05-08 16:00:00,1.4016680682494898,1.403130436853875,1.4024280751988194,1.402626443689624
2023-05-08 20:00:00,1.402626443689624,1.4024924344747849,1.4016925383676715,1.4021033414833526
2023-05-09 00:00:00,1.4021033414833526,1.4012645308845024,1.400786357091812,1.4010726114654675
2023-05-09 04:00:00,1.4010726114654675,1.40511943806237,1.4043524462254604,1.4044018611034585
2023-05-09 08:00:00,1.4044018611034585,1.4066741704234558,1.40564971509135,1.406161817346729
2023-05-09 12:00:00,1.406161817346729,1.4166652703466365,1.4162208723842258,1.4166233469191
2023-05-09 16:00:00,1.4166233469191,1.413505980702771,1.41233086907135,1.4132745879597257
2023-05-09 20:00:00,1.4132745879597257,1.4162407676175628,1.4147638747425244,1.4155478598580842
2023-05-10 00:00:00,1.4155478598580842,1.4145669549530062,1.4120700606998042,1.4131665034893917
2023-05-10 04:00:00,1.4131665034893917,1.4094067107018688,1.4082571873417664,1.4088214632419307
2023-05-10 08:00:00,1.4088214632419307,1.409048975352679,1.408371510949669,1.4084220595420711
2023-05-10 12:00:00,1.4084220595420711,1.4092586087306331,1.4088046178356723,1.409031566723892
2023-05-10 16:00:00,1.409031566723892,1.4224839210273532,1.422099104240412,1.4223875805219992
2023-05-10 20:00:00,1.4223875805219992,1.4228959855798304,1.4224457001600104,1.4225229691269596
2023-05-11 00:00:00,1.4225229691269596,1.4180095853983896,1.4169586551017403,1.4169861422872494
2023-05-11 04:00:00,1.4169861422872494,1.4186612551690214,1.4171978413372925,1.4179097603559156
2023-05-11 08:00:00,1.4179097603559156,1.4084602781481128,1.406804015792165,1.4079126930306125
2023-05-11 12:00:00,1.4079126930306125,1.4077344927959865,1.4065293102210363,1.4066414926487134
2023-05-11 16:00:00,1.4066414926487134,1.4079481615988738,1.4061447374996645,1.406620528856061
2023-05-11 20:00:00,1.406620528856061,1.4117616692775325,1.4101736263833948,1.4104815209817292
2023-05-12 00:00:00,1.4104815209817292,1.4156659704408503,1.4154555932046902,1.4155592635471808
2023-05-12 04:00:00,1.4155592635471808,1.4141754463012146,1.4128747206559842,1.4134571340314463
2023-05-12 08:00:00,1.4134571340314463,1.41309484927069,1.4118844810235602,1.4125506067807225
2023-05-12 12:00:00,1.4125506067807225,1.4088873596302771,1.4076447121560116,1.4088265075185835
2023-05-12 16:00:00,1.4088265075185835,1.4032133170520873,1.4029800604151075,1.4031499052712135
2023-05-12 20:00:00,1.4031499052712135,1.4047101606724979,1.403739801449738,1.404207758253727
2023-05-13 00:00:00,1.404207758253727,1.3984328543016642,1.3977891140444965,1.398245839062263
2023-05-13 04:00:00,1.398245839062263,1.3964157820593184,1.3950958674164038,1.3957537398206048
2023-05-13 08:00:00,1.3957537398206048,1.3909567282153594,1.390166347958514,1.3907760708903487
2023-05-13 12:00:00,1.3907760708903487,1.3934267634359754,1.3926108796218295,1.393058353591866
2023-05-13 16:00:00,1.393058353591866,1.4022376834105534,1.4010237248747968,1.4019515438541712
2023-05-13 20:00:00,1.4019515438541712,1.3961548285987393,1.395867308560603,1.3960085176509114
2023-05-14 00:00:00,1.3960085176509114,1.386427499572985,1.3845564489794704,1.385910043474018
2023-05-14 04:00:00,1.385910043474018,1.384620648884245,1.3837502455849207,1.3844203415419187
2023-05-14 08:00:00,1.3844203415419187,1.3844841992082466,1.3842156001491472,1.384385260086952
2023-05-14 12:00:00,1.384385260086952,1.3873811187823992,1.3844854092782628,1.3855103588582227
2023-05-14 16:00:00,1.3855103588582227,1.3836068274299234,1.383182781893092,1.3833580165498052
2023-05-14 20:00:00,1.3833580165498052,1.3826164763346978,1.381906080076446,1.382194131487794
2023-05-15 00:00:00,1.382194131487794,1.3840902570414515,1.3836504930367834,1.3838741543162387
2023-05-15 04:00:00,1.3838741543162387,1.3892081276135162,1.387949938419316,1.3889491011668502
2023-05-15 08:00:00,1.3889491011668502,1.3804923678912926,1.3794468204957395,1.3799175202214364
2023-05-15 12:00:00,1.3799175202214364,1.3778747470899628,1.377296224478075,1.3773219639371945
2023-05-15 16:00:00,1.3773219639371945,1.3784914751681336,1.377803465213879,1.3781891207214503
2023-05-15 20:00:00,1.3781891207214503,1.3742313752025475,1.3729303485572275,1.3737778007022015
2023-05-16 00:00:00,1.3737778007022015,1.3829185383730387,1.3814748050466534,1.3819643119369616
2023-05-16 04:00:00,1.3819643119369616,1.3794208248278572,1.3790766981850247,1.3793322992570198
2023-05-16 08:00:00,1.3793322992570198,1.3790654134251017,1.3787544472506326,1.3789109141747948
2023-05-16 12:00:00,1.3789109141747948,1.38178444346698,1.3813935186723052,1.3816293850212031
2023-05-16 16:00:00,1.3816293850212031,1.3792850244108097,1.3785671453017203,1.378945237111874
2023-05-16 20:00:00,1.378945237111874,1.369975719390922,1.3692350490108138,1.3697860838649019
2023-05-17 00:00:00,1.3697860838649019,1.3673322977516391,1.3668471733366487,1.3668677569283094
2023-05-17 04:00:00,1.3668677569283094,1.372902090151623,1.3712152259667427,1.3718524302405113
2023-05-17 08:00:00,1.3718524302405113,1.3714943627450782,1.3696384747365276,1.3705200355096412
2023-05-17 12:00:00,1.3705200355096412,1.3664391650459258,1.3657400803976325,1.3661747604326977
2023-05-17 16:00:00,1.3661747604326977,1.3705186908744043,1.370479491237601,1.3704954846056616
2023-05-17 20:00:00,1.3704954846056616,1.3696574843149747,1.3690130925560897,1.3691608435930358
2023-05-18 00:00:00,1.3691608435930358,1.3673199635525097,1.3665200380379086,1.3665263753637327
2023-05-18 04:00:00,1.3665263753637327,1.3674121229083933,1.3664876457343456,1.3670486515179736
2023-05-18 08:00:00,1.3670486515179736,1.3708258234834783,1.37074592311633,1.3707594373668452
2023-05-18 12:00:00,1.3707594373668452,1.3832527753204371,1.3817594637743564,1.382497621734654
2023-05-18 16:00:00,1.382497621734654,1.38781211642495,1.3877174284274503,1.3877863054975341
2023-05-18 20:00:00,1.3877863054975341,1.3946616168372907,1.393498031518398,1.3944105924370203
2023-05-19 00:00:00,1.3944105924370203,1.3924933622565165,1.3917068234095646,1.3921650457485768
2023-05-19 04:00:00,1.3921650457485768,1.3867373836261239,1.3859554375081173,1.3864673873655555
2023-05-19 08:00:00,1.3864673873655555,1.3872825389891263,1.386312276020647,1.3863524409076435
2023-05-19 12:00:00,1.3863524409076435,1.3874588701041117,1.3864437082909695,1.3869065890927916
2023-05-19 16:00:00,1.3869065890927916,1.3815150636840772,1.3814355077215743,1.3814700520810062
2023-05-19 20:00:00,1.3814700520810062,1.3805052619330407,1.3795576085903085,1.3801323552234532
2023-05-20 00:00:00,1.3801323552234532,1.3823552449129093,1.3816749930398173,1.3820359852275708
2023-05-20 04:00:00,1.3820359852275708,1.3842545391205123,1.3825989010094104,1.3839740974342287
2023-05-20 08:00:00,1.3839740974342287,1.3872075414863942,1.3859294204772639,1.386590811761084
2023-05-20 12:00:00,1.386590811761084,1.3888233203473375,1.3880967433911593,1.3882100215405233
2023-05-20 16:00:00,1.3882100215405233,1.3860010253726538,1.3855551390503122,1.3859305321799187
2023-05-20 20:00:00,1.3859305321799187,1.3836940394669415,1.3832268459616834,1.3833388649660014
2023-05-21 00:00:00,1.3833388649660014,1.3777810598409794,1.3769486774243613,1.377569963818307
2023-05-21 04:00:00,1.377569963818307,1.3861306511192293,1.3848953168882356,1.385619040444012
2023-05-21 08:00:00,1.385619040444012,1.3864819424815886,1.3857729802304368,1.3863324993008321
2023-05-21 12:00:00,1.3863324993008321,1.3853365441663872,1.3851607046819803,1.3852942770915586
2023-05-21 16:00:00,1.3852942770915586,1.3817272686382203,1.3806582366557596,1.3808095378870888
2023-05-21 20:00:00,1.3808095378870888,1.3950552862866044,1.3938831335597461,1.39457536684874
2023-05-22 00:00:00,1.39457536684874,1.391480325575525,1.3894712054359788,1.3899417571113686
2023-05-22 04:00:00,1.3899417571113686,1.3887771792420538,1.3864588178367658,1.3872707048383943
2023-05-22 08:00:00,1.3872707048383943,1.3900954797403433,1.3891254982640577,1.3892608789701335
2023-05-22 12:00:00,1.3892608789701335,1.3926950040382045,1.3924562429120064,1.3925496169986527
2023-05-22 16:00:00,1.3925496169986527,1.3978026630030307,1.3971750927560806,1.3977973925461438
2023-05-22 20:00:00,1.3977973925461438,1.4079769019536459,1.4072256882878562,1.4078062916697116
2023-05-23 00:00:00,1.4078062916697116,1.4117964055356285,1.4107193072450155,1.411463774117712
2023-05-23 04:00:00,1.411463774117712,1.4059465492942462,1.4052096013088125,1.4058382327494312
2023-05-23 08:00:00,1.4058382327494312,1.40401587314316,1.4034946698466433,1.403935006499308
2023-05-23 12:00:00,1.403935006499308,1.4055417729050448,1.4048624410642034,1.4054887732067696
2023-05-23 16:00:00,1.4054887732067696,1.4169628675458619,1.4165247138530213,1.4168600255750443
2023-05-23 20:00:00,1.4168600255750443,1.4103855733179358,1.4087870580820143,1.4096449301972866
2023-05-24 00:00:00,1.4096449301972866,1.4162490942502413,1.4159249674288257,1.4162266783706519
2023-05-24 04:00:00,1.4162266783706519,1.417939989740483,1.4175369432890015,1.4178472921625025
2023-05-24 08:00:00,1.4178472921625025,1.4230230066487857,1.421930955165424,1.4229496680384115
2023-05-24 12:00:00,1.4229496680384115,1.4228720177680712,1.4225806300216666,1.4227491885552064
2023-05-24 16:00:00,1.4227491885552064,1.418537257533669,1.417801021659173,1.4178919137978292
2023-05-24 20:00:00,1.4178919137978292,1.4220382213194067,1.4216270849283907,1.4218370867920591
2023-05-25 00:00:00,1.4218370867920591,1.4260576267074487,1.425020599923088,1.4259279665602236
2023-05-25 04:00:00,1.4259279665602236,1.4326130909122607,1.4316647049505875,1.4318700663098907
2023-05-25 08:00:00,1.4318700663098907,1.4323138952903631,1.4320343877311037,1.4322684201148985
2023-05-25 12:00:00,1.4322684201148985,1.4290277783935759,1.4284513311875702,1.4289051993223965
2023-05-25 16:00:00,1.4289051993223965,1.4199744792333826,1.4198780055183562,1.419919735854448
2023-05-25 20:00:00,1.419919735854448,1.4246784044503507,1.4234167543577234,1.4239736116767825
2023-05-26 00:00:00,1.4239736116767825,1.4269127908124888,1.426178518966387,1.4267657057860847
2023-05-26 04:00:00,1.4267657057860847,1.422180079365151,1.420422202012932,1.4214503894196908
2023-05-26 08:00:00,1.4214503894196908,1.4179792888900637,1.4178414092063802,1.4179205371287766
2023-05-26 12:00:00,1.4179205371287766,1.415458621090603,1.4146268476563313,1.414972176452419
2023-05-26 16:00:00,1.414972176452419,1.4067811353035513,1.4062064848618179,1.4063989474187515
2023-05-26 20:00:00,1.4063989474187515,1.4011350700783427,1.400562383423919,1.4009643385702624
2023-05-27 00:00:00,1.4009643385702624,1.3942593248830029,1.3935452177153276,1.3939133550869638
2023-05-27 04:00:00,1.3939133550869638,1.3924172064617883,1.3904057200781104,1.3908986764831575
2023-05-27 08:00:00,1.3908986764831575,1.38633733937466,1.3863220398328928,1.3863344528810997
2023-05-27 12:00:00,1.3863344528810997,1.3767425395339543,1.376130581562654,1.3764894827899645
2023-05-27 16:00:00,1.3764894827899645,1.3886323932961462,1.387785037225449,1.388042054187592
2023-05-27 20:00:00,1.388042054187592,1.39741274546098,1.3967263317036644,1.3971035714691584
2023-05-28 00:00:00,1.3971035714691584,1.3929296157966964,1.3919429807400552,1.3926100378936912
2023-05-28 04:00:00,1.3926100378936912,1.3940899689802158,1.3940148678026407,1.3940632108877173
2023-05-28 08:00:00,1.3940632108877173,1.3976454897322312,1.3964663419056023,1.3968814925210298
2023-05-28 12:00:00,1.3968814925210298,1.4048886649581056,1.4038517776859039,1.404710955660458
2023-05-28 16:00:00,1.404710955660458,1.4007551653450447,1.399364283403065,1.3999900904807423
2023-05-28 20:00:00,1.3999900904807423,1.4068876591565043,1.406099295316497,1.4067295829855602
2023-05-29 00:00:00,1.4067295829855602,1.4041036196188705,1.40354122303929,1.4036494050668507
2023-05-29 04:00:00,1.4036494050668507,1.3953673204530432,1.3943137226238371,1.3947566611431992
2023-05-29 08:00:00,1.3947566611431992,1.3995558733050326,1.398744484014969,1.3988640010385303
2023-05-29 12:00:00,1.3988640010385303,1.4087997917025905,1.4070657500382717,1.407746719058989
2023-05-29 16:00:00,1.407746719058989,1.4265420016550392,1.4260844892700382,1.4262572054762277
2023-05-29 20:00:00,1.4262572054762277,1.419085000894144,1.4185318047297528,1.4186772821312148
2023-05-30 00:00:00,1.4186772821312148,1.4238445590410695,1.4230661337185022,1.4233984855141584
2023-05-30 04:00:00,1.4233984855141584,1.421083667646618,1.42060844229381,1.4206811794512948
2023-05-30 08:00:00,1.4206811794512948,1.4266949734247103,1.4258180387648152,1.4262524499061469
2023-05-30 12:00:00,1.4262524499061469,1.416948121757695,1.4155063112380226,1.4158781242786722
2023-05-30 16:00:00,1.4158781242786722,1.4055591737216133,1.4048144319124487,1.4055527813188393
2023-05-30 20:00:00,1.4055527813188393,1.3990052857197304,1.3979506291146777,1.3987668482526108
2023-05-31 00:00:00,1.3987668482526108,1.3993814237259525,1.398703377927954,1.3988328640036891
2023-05-31 04:00:00,1.3988328640036891,1.395303639832013,1.3939759707564838,1.3941128883521308
2023-05-31 08:00:00,1.3941128883521308,1.398739503856475,1.398238764852817,1.3985512337305699
2023-05-31 12:00:00,1.3985512337305699,1.4065420431710518,1.4060363670217073,1.4063686570826601
2023-05-31 16:00:00,1.4063686570826601,1.4116277321707726,1.4106364924259702,1.4114319666185364
2023-05-31 20:00:00,1.4114319666185364,1.4241796579116246,1.4233430357621997,1.4238123736303283
2023-06-01 00:00:00,1.4238123736303283,1.4284527153833706,1.4278628845841654,1.4280360504224634
2023-06-01 04:00:00,1.4280360504224634,1.4193697147092896,1.418711852211947,1.4190724449824226
2023-06-01 08:00:00,1.4190724449824226,1.4297468115626197,1.4285376416318767,1.4289661411078804
2023-06-01 12:00:00,1.4289661411078804,1.4253801267694277,1.4247421155136208,1.4249325167531988
2023-06-01 16:00:00,1.4249325167531988,1.4328797185945694,1.4310197404712215,1.431763536867501
2023-06-01 20:00:00,1.431763536867501,1.4452230338421703,1.4438025533307102,1.444797884644026
2023-06-02 00:00:00,1.444797884644026,1.4501796136289786,1.4487809661480944,1.449642721528728
2023-06-02 04:00:00,1.449642721528728,1.4384524977931306,1.4375156956366102,1.4377754730246597
2023-06-02 08:00:00,1.4377754730246597,1.4301809234350462,1.4290047285875591,1.429132434956644
2023-06-02 12:00:00,1.429132434956644,1.4406726652361783,1.439539065214528,1.439652572023248
2023-06-02 16:00:00,1.439652572023248,1.4397370183759328,1.4385927319078182,1.439029083347127
2023-06-02 20:00:00,1.439029083347127,1.440106413053583,1.4386313251230562,1.4396435828092793
2023-06-03 00:00:00,1.4396435828092793,1.4460756031582793,1.4454740755372455,1.4458039482805236
2023-06-03 04:00:00,1.4458039482805236,1.4520892809702073,1.4512656646704225,1.451914720521116
2023-06-03 08:00:00,1.451914720521116,1.4549134796489462,1.453752888316321,1.454653400682059
2023-06-03 12:00:00,1.454653400682059,1.453356971152899,1.4521906396826865,1.4532294886810215
2023-06-03 16:00:00,1.4532294886810215,1.4507555068661804,1.4501497807753532,1.450735025162348
2023-06-03 20:00:00,1.450735025162348,1.4573393920760631,1.4567742869263383,1.4569181476237314
2023-06-04 00:00:00,1.4569181476237314,1.462825969276843,1.4606418332152822,1.4615540963860856
2023-06-04 04:00:00,1.4615540963860856,1.4605969430152537,1.4593675982395542,1.4600171008997331
2023-06-04 08:00:00,1.4600171008997331,1.4680190914485174,1.4671935743606794,1.4676966451569746
2023-06-04 12:00:00,1.4676966451569746,1.467512313019479,1.4670299173938197,1.4673672905059878
2023-06-04 16:00:00,1.4673672905059878,1.4620107571944396,1.4606024353346465,1.4613504211874537
2023-06-04 20:00:00,1.4613504211874537,1.4558228436514573,1.4546932892924354,1.455537088845285
2023-06-05 00:00:00,1.455537088845285,1.4488699425158171,1.4481492192940773,1.4482147774561684
2023-06-05 04:00:00,1.4482147774561684,1.4457770854034695,1.4454437131974924,1.4457043263711196
2023-06-05 08:00:00,1.4457043263711196,1.45467789581441,1.452739529688501,1.4540537628208676
2023-06-05 12:00:00,1.4540537628208676,1.4495125783310663,1.4486025548965842,1.4490205462155228
2023-06-05 16:00:00,1.4490205462155228,1.4507048002495757,1.449797129089385,1.4499457918301508
2023-06-05 20:00:00,1.4499457918301508,1.4456423832570313,1.444765194347332,1.44555362586221
2023-06-06 00:00:00,1.44555362586221,1.4439494180454082,1.443274820119799,1.4434491487270267
2023-06-06 04:00:00,1.4434491487270267,1.4339097798023452,1.433099969079324,1.4333898696496212
2023-06-06 08:00:00,1.4333898696496212,1.431328133447458,1.4310499226822067,1.4310958092011268
2023-06-06 12:00:00,1.4310958092011268,1.429672472622863,1.4290385700400723,1.4296325276217148
2023-06-06 16:00:00,1.4296325276217148,1.4334446569788766,1.43184563142636,1.432987542265744
2023-06-06 20:00:00,1.432987542265744,1.4348938831558842,1.4345102216304055,1.434675513890054
2023-06-07 00:00:00,1.434675513890054,1.4277963232947104,1.4266122886366635,1.4274019601733705
2023-06-07 04:00:00,1.4274019601733705,1.4337388286036283,1.4333634646201654,1.4336570021071193
2023-06-07 08:00:00,1.4336570021071193,1.4364241029854328,1.434615477743203,1.4355032552918165
2023-06-07 12:00:00,1.4355032552918165,1.43715412222706,1.43607681046482,1.436889942931165
2023-06-07 16:00:00,1.436889942931165,1.4374702608218946,1.4369074747440398,1.4369451394416373
2023-06-07 20:00:00,1.4369451394416373,1.4340019378601183,1.4335992315633037,1.4339253287271667
2023-06-08 00:00:00,1.4339253287271667,1.4353279428759242,1.4347751905493764,1.4349401276611993
2023-06-08 04:00:00,1.4349401276611993,1.4381472550368632,1.436156690750557,1.4376890455768914
2023-06-08 08:00:00,1.4376890455768914,1.4285187095518825,1.4271859615115454,1.4282568253154937
2023-06-08 12:00:00,1.4282568253154937,1.4245987437402972,1.424328247660761,1.4243996904053295
2023-06-08 16:00:00,1.4243996904053295,1.4228256115213942,1.4222848677754438,1.4226309389987226
2023-06-08 20:00:00,1.4226309389987226,1.4242136418035114,1.4238578583944566,1.4239245214346878
2023-06-09 00:00:00,1.4239245214346878,1.4311888408210127,1.4304196464256655,1.4305591699639677
2023-06-09 04:00:00,1.4305591699639677,1.4275758415183044,1.4260530121871047,1.426762603286821
2023-06-09 08:00:00,1.426762603286821,1.424238224333639,1.4236377182390179,1.4236832996063222
2023-06-09 12:00:00,1.4236832996063222,1.4207439325853362,1.4198620288266082,1.4206134789900091
2023-06-09 16:00:00,1.4206134789900091,1.4164151157583031,1.4149856756923391,1.4160048347963894
2023-06-09 20:00:00,1.4160048347963894,1.4156514674691365,1.4132739208414191,1.413741351214125
2023-06-10 00:00:00,1.413741351214125,1.4179951149240044,1.4169230381979252,1.4177026600936204
2023-06-10 04:00:00,1.4177026600936204,1.4124026937493066,1.4120417580957674,1.4123584412550279
2023-06-10 08:00:00,1.4123584412550279,1.414547996249115,1.4132979944035673,1.4142563939629746
2023-06-10 12:00:00,1.4142563939629746,1.4056318910379302,1.4049739009312738,1.405361970312979
2023-06-10 16:00:00,1.405361970312979,1.401560965300823,1.4012967891995192,1.4015440679147952
2023-06-10 20:00:00,1.4015440679147952,1.399485838349938,1.3992514323869776,1.3994231543061884
2023-06-11 00:00:00,1.3994231543061884,1.4085973538801038,1.4081671366867996,1.4083400787963343
2023-06-11 04:00:00,1.4083400787963343,1.4076465748211975,1.407145253297876,1.4074927908940802
2023-06-11 08:00:00,1.4074927908940802,1.3960917798259658,1.394951584871901,1.3953414854115562
2023-06-11 12:00:00,1.3953414854115562,1.3834690392618447,1.3822338369906504,1.3827032954320848
2023-06-11 16:00:00,1.3827032954320848,1.382048092449374,1.3818731670205395,1.381908777261758
2023-06-11 20:00:00,1.381908777261758,1.3862857142068414,1.3847886479066172,1.3855423653368388
2023-06-12 00:00:00,1.3855423653368388,1.3883804642962758,1.3878576165800214,1.388081469795013
2023-06-12 04:00:00,1.388081469795013,1.3901358631656622,1.389037617535478,1.389272134651459
2023-06-12 08:00:00,1.389272134651459,1.3968067627396976,1.3959208367494949,1.3960418540400126
2023-06-12 12:00:00,1.3960418540400126,1.3938250170116928,1.3923749410780322,1.393415672814163
2023-06-12 16:00:00,1.393415672814163,1.399177595370713,1.397507170943385,1.3983819591311428
2023-06-12 20:00:00,1.3983819591311428,1.389334897676151,1.3880730373137715,1.3893052308565508
2023-06-13 00:00:00,1.3893052308565508,1.383496295634872,1.3827444503259827,1.3831487916893592
2023-06-13 04:00:00,1.3831487916893592,1.3721122971813737,1.37134895194184,1.3717387586892549
2023-06-13 08:00:00,1.3717387586892549,1.3692459338794831,1.368507662482346,1.369085879275874
2023-06-13 12:00:00,1.369085879275874,1.3693137661059838,1.368048916160244,1.368585933360296
2023-06-13 16:00:00,1.368585933360296,1.3695541854917888,1.3687104953873952,1.3692313626834258
2023-06-13 20:00:00,1.3692313626834258,1.3701144928498619,1.3693891348957428,1.3696425450214127
2023-06-14 00:00:00,1.3696425450214127,1.3645356081071847,1.3642766021407482,1.3644823993306137
2023-06-14 04:00:00,1.3644823993306137,1.363122862558249,1.36257325156564,1.3629992863894782
2023-06-14 08:00:00,1.3629992863894782,1.355038284541459,1.354456126606308,1.354686527872526
2023-06-14 12:00:00,1.354686527872526,1.3620114679160744,1.3615581399752346,1.3617645748098224
2023-06-14 16:00:00,1.3617645748098224,1.3614970769724468,1.3601211576956513,1.3605618596128322
2023-06-14 20:00:00,1.3605618596128322,1.3583998842154907,1.3569691063477212,1.3576994871847563
2023-06-15 00:00:00,1.3576994871847563,1.367050817536183,1.3651944980362174,1.3663655935060741
2023-06-15 04:00:00,1.3663655935060741,1.360240019542188,1.3595883193223266,1.3598239954087787
2023-06-15 08:00:00,1.3598239954087787,1.3536355611241027,1.352160153333399,1.3526638167798493
2023-06-15 12:00:00,1.3526638167798493,1.3456471707889175,1.345381600371139,1.3455191445581647
2023-06-15 16:00:00,1.3455191445581647,1.3446719268284686,1.3440739317182642,1.3445349950895786
2023-06-15 20:00:00,1.3445349950895786,1.347608767069285,1.3459245165325837,1.347010904701875
2023-06-16 00:00:00,1.347010904701875,1.3524299573245282,1.3513504306358493,1.3515209908594485
2023-06-16 04:00:00,1.3515209908594485,1.366995755628998,1.3666336531746561,1.3669911839800015
2023-06-16 08:00:00,1.3669911839800015,1.354301883358557,1.353041989045635,1.353773458525065
2023-06-16 12:00:00,1.353773458525065,1.3571822446327606,1.3563968852920392,1.3568647635195341
2023-06-16 16:00:00,1.3568647635195341,1.3534156452875223,1.3533245757192194,1.3533849469175505
2023-06-16 20:00:00,1.3533849469175505,1.3495080409603306,1.347592007065297,1.34924960700034
2023-06-17 00:00:00,1.34924960700034,1.3449038294098035,1.3437179329120863,1.3448891894128299
2023-06-17 04:00:00,1.3448891894128299,1.339456399623192,1.337957687805591,1.3386908161376903
2023-06-17 08:00:00,1.3386908161376903,1.3499165290176993,1.3489370182076341,1.3491497295233612
2023-06-17 12:00:00,1.3491497295233612,1.3558392686758385,1.354852124231472,1.3557290920817024
2023-06-17 16:00:00,1.3557290920817024,1.3565037492235263,1.3561306758324332,1.3564165841107587
2023-06-17 20:00:00,1.3564165841107587,1.365944826069452,1.365328469184734,1.3654800261294187
2023-06-18 00:00:00,1.3654800261294187,1.3562485929087502,1.3552752255633567,1.3558378802073763
2023-06-18 04:00:00,1.3558378802073763,1.3460691449338815,1.3448164745955424,1.3457434034282196
2023-06-18 08:00:00,1.3457434034282196,1.3294961245872936,1.328591011609568,1.3293470873839843
2023-06-18 12:00:00,1.3293470873839843,1.323445062621078,1.3222038091701567,1.322714579119439
2023-06-18 16:00:00,1.322714579119439,1.3236359792577514,1.322819570292298,1.323417842339709
2023-06-18 20:00:00,1.323417842339709,1.3245080845034307,1.324022646042304,1.3242299065391832
2023-06-19 00:00:00,1.3242299065391832,1.3266203514036585,1.3250070591083227,1.3253540914251416
2023-06-19 04:00:00,1.3253540914251416,1.3162337353572584,1.3156830759557685,1.3157946082823027
2023-06-19 08:00:00,1.3157946082823027,1.3210407347355126,1.3203006824817187,1.3206756712540175
2023-06-19 12:00:00,1.3206756712540175,1.3228083648342546,1.322726120449226,1.3227457459442276
2023-06-19 16:00:00,1.3227457459442276,1.328354768362786,1.3275404731562872,1.3279280464227639
2023-06-19 20:00:00,1.3279280464227639,1.315476851344683,1.3149158728820871,1.3154567855937527
2023-06-20 00:00:00,1.3154567855937527,1.3167939638663086,1.316430741529075,1.3166830807487608
2023-06-20 04:00:00,1.3166830807487608,1.3086934951821065,1.3082810840533547,1.308610189334074
2023-06-20 08:00:00,1.308610189334074,1.3055703514781059,1.3050983970278283,1.3051963373947986
2023-06-20 12:00:00,1.3051963373947986,1.3089240162210078,1.307873670874674,1.3085895485556338
2023-06-20 16:00:00,1.3085895485556338,1.3100434498170614,1.309341204394225,1.3094776156035985
2023-06-20 20:00:00,1.3094776156035985,1.3041911131183361,1.3038349446857804,1.3039928710251292
2023-06-21 00:00:00,1.3039928710251292,1.3038937923921274,1.303251593234273,1.3035959975517981
2023-06-21 04:00:00,1.3035959975517981,1.2943794189564821,1.2939120106472894,1.2939805530999493
2023-06-21 08:00:00,1.2939805530999493,1.3014607186121012,1.3006254609564267,1.3006695784870144
2023-06-21 12:00:00,1.3006695784870144,1.3000201133470952,1.2985460552771677,1.299856538647685
2023-06-21 16:00:00,1.299856538647685,1.3077113298877199,1.3069026690428458,1.3069114030714977
2023-06-21 20:00:00,1.3069114030714977,1.3044020803075604,1.3031140150669036,1.3040671295314115
2023-06-22 00:00:00,1.3040671295314115,1.3015729887391732,1.2998836001391707,1.3005187477822506
2023-06-22 04:00:00,1.3005187477822506,1.2956693532143728,1.2947689973085315,1.2954609405853479
2023-06-22 08:00:00,1.2954609405853479,1.3006649596530568,1.299993296314732,1.300535662943834
2023-06-22 12:00:00,1.300535662943834,1.2965170544068134,1.2962145823554494,1.2964992177953283
2023-06-22 16:00:00,1.2964992177953283,1.3005164979843375,1.2999294785429492,1.3001824902150896
2023-06-22 20:00:00,1.3001824902150896,1.2981404689015903,1.2977775930677056,1.2981225173078397
2023-06-23 00:00:00,1.2981225173078397,1.2863961294651272,1.286018702245982,1.2861331103784233
2023-06-23 04:00:00,1.2861331103784233,1.2817370208195369,1.2806074733839496,1.2815820265115632
2023-06-23 08:00:00,1.2815820265115632,1.2742730563379354,1.273801771229743,1.2738442129865477
2023-06-23 12:00:00,1.2738442129865477,1.2735370490275086,1.2732811009617473,1.2734432129552469
2023-06-23 16:00:00,1.2734432129552469,1.2664356990961863,1.265960386032395,1.2661267887796446
2023-06-23 20:00:00,1.2661267887796446,1.271435563980804,1.2712866904036904,1.2713176525705845
2023-06-24 00:00:00,1.2713176525705845,1.271337430690606,1.2710667605843453,1.2711635267004118
2023-06-24 04:00:00,1.2711635267004118,1.270668751459715,1.2696943022543898,1.2700827441564482
2023-06-24 08:00:00,1.2700827441564482,1.2740145535995477,1.273023559459603,1.2738260086950444
2023-06-24 12:00:00,1.2738260086950444,1.2814365072014355,1.279611382097745,1.2797364466653005
2023-06-24 16:00:00,1.2797364466653005,1.2803940207118234,1.2793194819192921,1.2800918053908517
2023-06-24 20:00:00,1.2800918053908517,1.2757811958419403,1.2750164995280173,1.275739415795949
2023-06-25 00:00:00,1.275739415795949,1.2656640470228873,1.264948039758966,1.2653787427589005
2023-06-25 04:00:00,1.2653787427589005,1.2606365109322437,1.2602303762045495,1.2605010434342565
2023-06-25 08:00:00,1.2605010434342565,1.2566456177467653,1.255639280921913,1.256470881073985
2023-06-25 12:00:00,1.256470881073985,1.2578721469763419,1.2558122218461936,1.2567763442463054
2023-06-25 16:00:00,1.2567763442463054,1.2548820279057449,1.2547887085467286,1.2548534991365963
2023-06-25 20:00:00,1.2548534991365963,1.2593441165912762,1.258010644017664,1.2584986557883664
2023-06-26 00:00:00,1.2584986557883664,1.256030183460617,1.255287677931136,1.2554234104524205
2023-06-26 04:00:00,1.2554234104524205,1.2549621413557603,1.2533138162356996,1.2548681941185404
2023-06-26 08:00:00,1.2548681941185404,1.2616925455682642,1.2602571591576046,1.2610487731138333
2023-06-26 12:00:00,1.2610487731138333,1.263573198800647,1.2631478189369079,1.2633856078876395
2023-06-26 16:00:00,1.2633856078876395,1.2632637138860512,1.2625406663471932,1.2632545017303696
2023-06-26 20:00:00,1.2632545017303696,1.2601848535025346,1.2601121190982463,1.2601750088190469
2023-06-27 00:00:00,1.2601750088190469,1.2570917474802228,1.2561284264778616,1.256733011085121
2023-06-27 04:00:00,1.256733011085121,1.2524658038490706,1.2521388639648832,1.252193334887265
2023-06-27 08:00:00,1.252193334887265,1.24931926797669,1.2481313828117244,1.2491057328293014
2023-06-27 12:00:00,1.2491057328293014,1.2533340231005916,1.2523304174568668,1.2526398799671774
2023-06-27 16:00:00,1.2526398799671774,1.2521108184306586,1.2512018016243964,1.251813861118444
2023-06-27 20:00:00,1.251813861118444,1.245411452170976,1.2450267043880512,1.2452179417827818
2023-06-28 00:00:00,1.2452179417827818,1.253929836498458,1.25344814188678,1.2535158969315887
2023-06-28 04:00:00,1.2535158969315887,1.2563425010031115,1.2557776149637438,1.2558597015861532
2023-06-28 08:00:00,1.2558597015861532,1.249637162968081,1.2487110544863054,1.2488014230897746
2023-06-28 12:00:00,1.2488014230897746,1.246192909819575,1.2458840502733757,1.2459030725156468
2023-06-28 16:00:00,1.2459030725156468,1.2466772287237704,1.2458678413848057,1.246250747915387
2023-06-28 20:00:00,1.246250747915387,1.2558155107671323,1.2542866507042842,1.2549055897846806
2023-06-29 00:00:00,1.2549055897846806,1.2502303767830192,1.2493072856166851,1.249714228172483
2023-06-29 04:00:00,1.249714228172483,1.2557618989792076,1.2543816152248655,1.2545368408209059
2023-06-29 08:00:00,1.2545368408209059,1.2628308995320134,1.2620677652550796,1.2625230914046504
2023-06-29 12:00:00,1.2625230914046504,1.2605889737175966,1.2589066429630327,1.2596229497469846
2023-06-29 16:00:00,1.2596229497469846,1.258268932427935,1.2568602291404463,1.2578517792487554
2023-06-29 20:00:00,1.2578517792487554,1.2524800700919243,1.2519951739807316,1.2521085228341224
2023-06-30 00:00:00,1.2521085228341224,1.2507285661031557,1.250289318469432,1.2505375984089835
2023-06-30 04:00:00,1.2505375984089835,1.250511155323424,1.2498556734270834,1.2502168861838328
2023-06-30 08:00:00,1.2502168861838328,1.2538085360263005,1.253298998539219,1.2535891548135656
2023-06-30 12:00:00,1.2535891548135656,1.2597583998083342,1.259084567374391,1.2594675423964756
2023-06-30 16:00:00,1.2594675423964756,1.2567706246377357,1.2555764494224024,1.2560119968227885
2023-06-30 20:00:00,1.2560119968227885,1.247159504164479,1.2451760076631877,1.245521513248752
2023-07-01 00:00:00,1.245521513248752,1.2446396402717887,1.2439816871438931,1.2445693720481597
2023-07-01 04:00:00,1.2445693720481597,1.2462204180853405,1.2459257194948432,1.2460580622557242
2023-07-01 08:00:00,1.2460580622557242,1.2475326458412423,1.2470243389374958,1.247476093027547
2023-07-01 12:00:00,1.247476093027547,1.2460510220286503,1.2452047775827164,1.245930052891003
2023-07-01 16:00:00,1.245930052891003,1.2464868150461357,1.245991781113388,1.2464256260638864
2023-07-01 20:00:00,1.2464256260638864,1.2544114285053185,1.2535053205173614,1.2537660161965307
2023-07-02 00:00:00,1.2537660161965307,1.2563366910343303,1.256179411265138,1.2562741042224301
2023-07-02 04:00:00,1.2562741042224301,1.2552047689337928,1.253864438810294,1.2546212644371673
2023-07-02 08:00:00,1.2546212644371673,1.2521425292978525,1.251689992552205,1.252061574104349
2023-07-02 12:00:00,1.252061574104349,1.2512751157409046,1.2506643618576967,1.251042721153575
2023-07-02 16:00:00,1.251042721153575,1.2593387659412314,1.257319347171401,1.2586219057836152
2023-07-02 20:00:00,1.2586219057836152,1.2589208392225026,1.257336683003892,1.2583313768764157
2023-07-03 00:00:00,1.2583313768764157,1.2582685470794033,1.2581132165843874,1.2582144312764973
2023-07-03 04:00:00,1.2582144312764973,1.2566472726509832,1.2557977027157485,1.2560048332853238
2023-07-03 08:00:00,1.2560048332853238,1.2614044210787798,1.260475477641412,1.2607861858663376
2023-07-03 12:00:00,1.2607861858663376,1.270221234070534,1.2697819204262029,1.270213550161819
2023-07-03 16:00:00,1.270213550161819,1.2733696917612782,1.272757000350374,1.2731984094134425
2023-07-03 20:00:00,1.2731984094134425,1.2740352373543984,1.2737659616999846,1.2738443528892536
2023-07-04 00:00:00,1.2738443528892536,1.2743160863343814,1.2738053154564577,1.2740713782048123
2023-07-04 04:00:00,1.2740713782048123,1.2634591645964308,1.262543510115629,1.2631596445689577
2023-07-04 08:00:00,1.2631596445689577,1.2659883919623027,1.2656340408414974,1.265976545480313
2023-07-04 12:00:00,1.265976545480313,1.268068694061893,1.2666829322425759,1.266861242352462
2023-07-04 16:00:00,1.266861242352462,1.2695384042564475,1.2684993559880822,1.268979379943451
2023-07-04 20:00:00,1.268979379943451,1.2661167609347226,1.2652787564982604,1.265799272733069
2023-07-05 00:00:00,1.265799272733069,1.2643545310149331,1.2637093879872283,1.2637441409797991
2023-07-05 04:00:00,1.2637441409797991,1.2620961282498884,1.2607656315262963,1.2616854175280456
2023-07-05 08:00:00,1.2616854175280456,1.2662596991656379,1.2656172952074094,1.2661682979496474
2023-07-05 12:00:00,1.2661682979496474,1.2648940458502467,1.2645861104934992,1.2647794352052175
2023-07-05 16:00:00,1.2647794352052175,1.2747659835996852,1.273599610223323,1.274104511089733
2023-07-05 20:00:00,1.274104511089733,1.2775918481585764,1.2766687941129569,1.2769469504107842
2023-07-06 00:00:00,1.2769469504107842,1.2710614295970022,1.2707815028705194,1.2710321943471585
2023-07-06 04:00:00,1.2710321943471585,1.2701694389338356,1.2696336965396184,1.2699279063970748
2023-07-06 08:00:00,1.2699279063970748,1.2670582421617984,1.2663049605690124,1.266721885393959
2023-07-06 12:00:00,1.266721885393959,1.2561805567855377,1.2559510867788575,1.2560594408909658
2023-07-06 16:00:00,1.2560594408909658,1.2635762160025137,1.2631367110898637,1.263356880392712
2023-07-06 20:00:00,1.263356880392712,1.26794538941952,1.2670354125625716,1.2676646638580054
2023-07-07 00:00:00,1.2676646638580054,1.2710617677413774,1.270685529153309,1.2708481077668865
2023-07-07 04:00:00,1.2708481077668865,1.2722789133390588,1.2711948583031254,1.2719778101457972
2023-07-07 08:00:00,1.2719778101457972,1.2656134523022566,1.2645151766347413,1.2649762666990536
2023-07-07 12:00:00,1.2649762666990536,1.2628113013352695,1.2616068093302473,1.2618710211111026
2023-07-07 16:00:00,1.2618710211111026,1.2660835267453467,1.2653655354505557,1.266020396185862
2023-07-07 20:00:00,1.266020396185862,1.2614068969355756,1.2607193138835167,1.2608523923250001
2023-07-08 00:00:00,1.2608523923250001,1.2473199888067334,1.2469476713118879,1.247144560372586
2023-07-08 04:00:00,1.247144560372586,1.245350255475446,1.2446216262691119,1.2447602356465952
2023-07-08 08:00:00,1.2447602356465952,1.2443054533694047,1.243223946194675,1.2437773409546402
2023-07-08 12:00:00,1.2437773409546402,1.2449355749212494,1.2442071028658646,1.2444336122300068
2023-07-08 16:00:00,1.2444336122300068,1.2483612194887141,1.2474042804241572,1.2483142479994875
2023-07-08 20:00:00,1.2483142479994875,1.252316747447534,1.2514379117837986,1.2519820384808986
2023-07-09 00:00:00,1.2519820384808986,1.254335973372014,1.2533743395282184,1.253636680571291
2023-07-09 04:00:00,1.253636680571291,1.2599546616208535,1.2594173724933782,1.2599344839174953
2023-07-09 08:00:00,1.2599344839174953,1.2531949184505216,1.2523368832415742,1.2524269239774384
2023-07-09 12:00:00,1.2524269239774384,1.254726464255553,1.254535012187636,1.254570975287516
2023-07-09 16:00:00,1.254570975287516,1.2584881022214331,1.2577424264324057,1.258092997317763
2023-07-09 20:00:00,1.258092997317763,1.2522116209918501,1.2514699187393101,1.2517890413460109
2023-07-10 00:00:00,1.2517890413460109,1.2433241715970282,1.2430987941213363,1.2431831020305741
2023-07-10 04:00:00,1.2431831020305741,1.2389838943698241,1.238272252412325,1.2383318656664217
2023-07-10 08:00:00,1.2383318656664217,1.2356827277300557,1.2338910371044909,1.2342467257300018
2023-07-10 12:00:00,1.2342467257300018,1.2387271044751087,1.2376963254526459,1.238121539092294
2023-07-10 16:00:00,1.238121539092294,1.2354700937598522,1.2341801680360287,1.235017764899005
2023-07-10 20:00:00,1.235017764899005,1.2304837678310865,1.2290731696856347,1.2300804416641395
2023-07-11 00:00:00,1.2300804416641395,1.2264928351797195,1.2256139640314407,1.22632788772586
2023-07-11 04:00:00,1.22632788772586,1.2322902215177673,1.2321250037121687,1.2321472738024344
2023-07-11 08:00:00,1.2321472738024344,1.2328808708136654,1.2321922573708692,1.232686604053488
2023-07-11 12:00:00,1.232686604053488,1.232060207886897,1.2315872480116723,1.2317665145971195
2023-07-11 16:00:00,1.2317665145971195,1.2315877847662968,1.2309495037656961,1.2311199077065056
2023-07-11 20:00:00,1.2311199077065056,1.238201980708355,1.23732455744724,1.2375989353470167
2023-07-12 00:00:00,1.2375989353470167,1.234422298287021,1.2338272164210051,1.2342266389633891
2023-07-12 04:00:00,1.2342266389633891,1.241072315801847,1.2405963292288122,1.2407595292214482
2023-07-12 08:00:00,1.2407595292214482,1.2431839570939776,1.241889236400872,1.2424034916220292
2023-07-12 12:00:00,1.2424034916220292,1.2421834570889092,1.2411623741102737,1.2417010094174663
2023-07-12 16:00:00,1.2417010094174663,1.2550003612560559,1.2542977360423264,1.2543004104984508
2023-07-12 20:00:00,1.2543004104984508,1.2502657436341722,1.2490696688358338,1.2494874824182562
2023-07-13 00:00:00,1.2494874824182562,1.2472414440551176,1.2466517797864494,1.247148153521305
2023-07-13 04:00:00,1.247148153521305,1.2406028634157706,1.2400637227558875,1.2402923279052007
2023-07-13 08:00:00,1.2402923279052007,1.2457043389100635,1.2448262194906459,1.2450221324074364
2023-07-13 12:00:00,1.2450221324074364,1.255176296881417,1.2544042484651468,1.2548543435253703
2023-07-13 16:00:00,1.2548543435253703,1.266091947952026,1.265190868564281,1.2655297097091935
2023-07-13 20:00:00,1.2655297097091935,1.2742000154050697,1.2731671070468826,1.274059666911333
2023-07-14 00:00:00,1.274059666911333,1.2739324165886425,1.2734238537028162,1.2734669839398027
2023-07-14 04:00:00,1.2734669839398027,1.2712402497421174,1.2703627938213484,1.2711456292100722
2023-07-14 08:00:00,1.2711456292100722,1.2614804658927075,1.2602242083152502,1.2608267238524582
2023-07-14 12:00:00,1.2608267238524582,1.2730311501515608,1.2728951173454794,1.272917339242332
2023-07-14 16:00:00,1.272917339242332,1.277808862678461,1.2769793904201883,1.2770508160109266
2023-07-14 20:00:00,1.2770508160109266,1.2748379302377624,1.2730941572921868,1.2740979715269471
2023-07-15 00:00:00,1.2740979715269471,1.283068155587107,1.282049256982258,1.282582041222356
2023-07-15 04:00:00,1.282582041222356,1.2773514910764217,1.2766914207700752,1.2767115735087022
2023-07-15 08:00:00,1.2767115735087022,1.2790312791065446,1.2784431177033,1.2789851113858364
2023-07-15 12:00:00,1.2789851113858364,1.2786309349105731,1.2777778930807897,1.2780297441031832
2023-07-15 16:00:00,1.2780297441031832,1.2826087662601848,1.2811632857901298,1.2820268447294587
2023-07-15 20:00:00,1.2820268447294587,1.282165068983915,1.2813618132265283,1.281944501215651
2023-07-16 00:00:00,1.281944501215651,1.2733995015173347,1.2728415717480726,1.2731405267484732
2023-07-16 04:00:00,1.2731405267484732,1.2731256378548903,1.2727103961481407,1.272910450501488
2023-07-16 08:00:00,1.272910450501488,1.2802360028493076,1.27919319642639,1.27920556451563
2023-07-16 12:00:00,1.27920556451563,1.2795924487434533,1.279266031539382,1.2795318858281983
2023-07-16 16:00:00,1.2795318858281983,1.284703571170751,1.2835344555100061,1.2841303024395665
2023-07-16 20:00:00,1.2841303024395665,1.2784220072505983,1.2774875398153214,1.2783344734796918
2023-07-17 00:00:00,1.2783344734796918,1.27830013789065,1.276732233150074,1.277715995501269
2023-07-17 04:00:00,1.277715995501269,1.2746935116030045,1.2740656113741857,1.2740896176167282
2023-07-17 08:00:00,1.2740896176167282,1.2788681175063852,1.276808906369683,1.2780476444026303
2023-07-17 12:00:00,1.2780476444026303,1.2790904680279456,1.2783394641780164,1.2785435340107254
2023-07-17 16:00:00,1.2785435340107254,1.2823729476839847,1.2821654218297924,1.2823708227519595
2023-07-17 20:00:00,1.2823708227519595,1.288746240890421,1.2879129178585076,1.2886509999680582
2023-07-18 00:00:00,1.2886509999680582,1.2931693130121562,1.2928036821187832,1.2930410867692146
2023-07-18 04:00:00,1.2930410867692146,1.295227331859409,1.2942165464447746,1.2949321513627858
2023-07-18 08:00:00,1.2949321513627858,1.2899367359723313,1.2887566229350156,1.2895880033320506
2023-07-18 12:00:00,1.2895880033320506,1.2896583978643161,1.2880832848616068,1.289145967363323
2023-07-18 16:00:00,1.289145967363323,1.28638809239715,1.2859856935699736,1.2862578784198786
2023-07-18 20:00:00,1.2862578784198786,1.2844254380445117,1.2841143594125846,1.284209769399032
2023-07-19 00:00:00,1.284209769399032,1.2821184945625776,1.281536685988717,1.2821073591942618
2023-07-19 04:00:00,1.2821073591942618,1.2772707023916694,1.2764843521294191,1.2769687519798105
2023-07-19 08:00:00,1.2769687519798105,1.2667271383937773,1.2661646627697103,1.2665606199456398
2023-07-19 12:00:00,1.2665606199456398,1.2623924077458655,1.2618731076991196,1.2621211210764058
2023-07-19 16:00:00,1.2621211210764058,1.2630498110212882,1.2626618525855058,1.2628131479149889
2023-07-19 20:00:00,1.2628131479149889,1.256432975752792,1.255287639605319,1.2558221405789303
2023-07-20 00:00:00,1.2558221405789303,1.255709800227948,1.2552589272379888,1.255348600438828
2023-07-20 04:00:00,1.255348600438828,1.2652569579989825,1.2644812517360313,1.2651908768480586
2023-07-20 08:00:00,1.2651908768480586,1.2718756267608646,1.271423133612443,1.2716409679470775
2023-07-20 12:00:00,1.2716409679470775,1.2817120321239166,1.2814216982443491,1.2814886136288868
2023-07-20 16:00:00,1.2814886136288868,1.2848573543484507,1.2845083566913666,1.2846187643863993
2023-07-20 20:00:00,1.2846187643863993,1.2920732984886298,1.2915852440726265,1.2917863158294232
2023-07-21 00:00:00,1.2917863158294232,1.288532541743971,1.286946059065483,1.2879744563450104
2023-07-21 04:00:00,1.2879744563450104,1.284120813652167,1.283392561255121,1.2838096233110492
2023-07-21 08:00:00,1.2838096233110492,1.267750202320689,1.2671653807883734,1.2672723011414306
2023-07-21 12:00:00,1.2672723011414306,1.2738042497211015,1.273588950833058,1.2736475516454377
2023-07-21 16:00:00,1.2736475516454377,1.2848051026742588,1.2837897211851732,1.2843079458665345
2023-07-21 20:00:00,1.2843079458665345,1.281649123537648,1.2807943683246725,1.2813597934167988
2023-07-22 00:00:00,1.2813597934167988,1.2800096525429028,1.279398721540103,1.279415107676979
2023-07-22 04:00:00,1.279415107676979,1.2755208320855014,1.2741834552502536,1.2743316174511765
2023-07-22 08:00:00,1.2743316174511765,1.277082341242285,1.2762529421707318,1.276420681592539
2023-07-22 12:00:00,1.276420681592539,1.283779451737307,1.2826062283255977,1.2837729939639506
2023-07-22 16:00:00,1.2837729939639506,1.273490853543958,1.272240014460979,1.2730491592119513
2023-07-22 20:00:00,1.2730491592119513,1.275789655313382,1.2746463443093294,1.2749549158800921
2023-07-23 00:00:00,1.2749549158800921,1.2745761948468046,1.2730049680104112,1.2732909994263792
2023-07-23 04:00:00,1.2732909994263792,1.2741822691358409,1.2732704262523968,1.2738815237400314
2023-07-23 08:00:00,1.2738815237400314,1.2768194380376654,1.2763750854398632,1.276757899627633
2023-07-23 12:00:00,1.276757899627633,1.2767933840207695,1.275845148714075,1.2758462298258624
2023-07-23 16:00:00,1.2758462298258624,1.2754133198523407,1.2750557727641134,1.2751652811772678
2023-07-23 20:00:00,1.2751652811772678,1.2744619136634083,1.2732580801864195,1.2738981657464545
2023-07-24 00:00:00,1.2738981657464545,1.2792069745867383,1.2791321692844038,1.2791549611980415
2023-07-24 04:00:00,1.2791549611980415,1.2821969099804416,1.2805709463391328,1.281917823941769
2023-07-24 08:00:00,1.281917823941769,1.2839105326639317,1.2832736279866412,1.2833572804537887
2023-07-24 12:00:00,1.2833572804537887,1.2770567446378898,1.2766137254123915,1.2766459906833756
2023-07-24 16:00:00,1.2766459906833756,1.2741507559399734,1.2739124078046524,1.274035691134351
2023-07-24 20:00:00,1.274035691134351,1.279340748203433,1.2778853011641693,1.2786852987364448
2023-07-25 00:00:00,1.2786852987364448,1.2796464033388184,1.2791481925291976,1.2792632324433124
2023-07-25 04:00:00,1.2792632324433124,1.2831273555580829,1.28225264635821,1.2827870201643603
2023-07-25 08:00:00,1.2827870201643603,1.2937360872038197,1.2919707074810407,1.2923907188692871
2023-07-25 12:00:00,1.2923907188692871,1.2992197025918004,1.298598523896732,1.298971552875572
2023-07-25 16:00:00,1.298971552875572,1.300509697405341,1.2989853438619086,1.300032709350196
2023-07-25 20:00:00,1.300032709350196,1.2974714562612897,1.2972543054767682,1.2972809561726593
2023-07-26 00:00:00,1.2972809561726593,1.28318579561181,1.2827501931758378,1.283169581991082
2023-07-26 04:00:00,1.283169581991082,1.281233123628176,1.2809573919080826,1.2810540707260059
2023-07-26 08:00:00,1.2810540707260059,1.279467084234375,1.2785246686177643,1.2790050778420377
2023-07-26 12:00:00,1.2790050778420377,1.281156145677525,1.2807264981174038,1.281044708375674
2023-07-26 16:00:00,1.281044708375674,1.280821590076501,1.2789517750324146,1.2803566401447848
2023-07-26 20:00:00,1.2803566401447848,1.2787489764046454,1.2782223099037524,1.2785881587618972
2023-07-27 00:00:00,1.2785881587618972,1.269848986110449,1.2690480183839508,1.2691760688472002
2023-07-27 04:00:00,1.2691760688472002,1.2633877805435043,1.2625209503221064,1.2633036518048661
2023-07-27 08:00:00,1.2633036518048661,1.2659608341630235,1.264716954290732,1.2654692298047467
2023-07-27 12:00:00,1.2654692298047467,1.2761013700142947,1.273996411827687,1.2749909445066474
2023-07-27 16:00:00,1.2749909445066474,1.2761270024552684,1.2751944079883786,1.2751961206379985
2023-07-27 20:00:00,1.2751961206379985,1.277402158568544,1.2762664955626173,1.2770248034983362
2023-07-28 00:00:00,1.2770248034983362,1.2826577499849139,1.2808534154250504,1.2823361257984003
2023-07-28 04:00:00,1.2823361257984003,1.2795972734800798,1.2779548425032528,1.2783147115561053
2023-07-28 08:00:00,1.2783147115561053,1.2809246622929886,1.2798112049286272,1.2799995508689124
2023-07-28 12:00:00,1.2799995508689124,1.2769428506591638,1.275665071977861,1.276180242027194
2023-07-28 16:00:00,1.276180242027194,1.2806522838200722,1.279346497520225,1.2804829227119043
2023-07-28 20:00:00,1.2804829227119043,1.2828820661092506,1.2812646798310863,1.2816382730744444
2023-07-29 00:00:00,1.2816382730744444,1.2834755606035282,1.2828511550163308,1.2832864801449428
2023-07-29 04:00:00,1.2832864801449428,1.2799317930382992,1.2793276864867604,1.279431656361272
2023-07-29 08:00:00,1.279431656361272,1.2828178723384138,1.2825665187036464,1.2827256723869922
2023-07-29 12:00:00,1.2827256723869922,1.2936421271021765,1.2933351398816126,1.2936165307924226
2023-07-29 16:00:00,1.2936165307924226,1.2891120917515304,1.2885184394501616,1.2889822764522185
2023-07-29 20:00:00,1.2889822764522185,1.2868609598389353,1.286436933318444,1.286753057877901
2023-07-30 00:00:00,1.286753057877901,1.288132602820213,1.286967679626096,1.2878191519406275
2023-07-30 04:00:00,1.2878191519406275,1.2922091651729677,1.291482036251343,1.2920193934684496
2023-07-30 08:00:00,1.2920193934684496,1.2894350586284373,1.2892426310044967,1.28941882671754
2023-07-30 12:00:00,1.28941882671754,1.2754038380772506,1.274396445904271,1.2746342017134902
2023-07-30 16:00:00,1.2746342017134902,1.2826869495432538,1.280437727549108,1.2811665875811442
2023-07-30 20:00:00,1.2811665875811442,1.28636955286792,1.2859941343612211,1.286107244994447
2023-07-31 00:00:00,1.286107244994447,1.2767307411383322,1.2763066261196856,1.2763643027127902
2023-07-31 04:00:00,1.2763643027127902,1.2725011554607322,1.2718189576915246,1.2719176185487502
2023-07-31 08:00:00,1.2719176185487502,1.2810630710025561,1.28099744894547,1.2810298301021117
2023-07-31 12:00:00,1.2810298301021117,1.2909955383884313,1.2902447139003466,1.2908881777656689
2023-07-31 16:00:00,1.2908881777656689,1.2983766153901344,1.2977033938422502,1.297864764323676
2023-07-31 20:00:00,1.297864764323676,1.2980202702239716,1.2969640171325907,1.2972465060608087
2023-08-01 00:00:00,1.2972465060608087,1.2978882079961238,1.2971882709202598,1.2977322019058046
2023-08-01 04:00:00,1.2977322019058046,1.2970958974539495,1.2963190406533194,1.2969573949674678
2023-08-01 08:00:00,1.2969573949674678,1.3045640789579627,1.302990837135355,1.3036887437648035
2023-08-01 12:00:00,1.3036887437648035,1.2999654892272563,1.2980656121635985,1.298861962037178
2023-08-01 16:00:00,1.298861962037178,1.2939169146268612,1.2933711749711474,1.2935598855789956
2023-08-01 20:00:00,1.2935598855789956,1.3000888901742451,1.299179825915602,1.2993270500390774
2023-08-02 00:00:00,1.2993270500390774,1.3000828209023452,1.2989916637308236,1.299514913219133
2023-08-02 04:00:00,1.299514913219133,1.3080376924334265,1.307467809719114,1.3077643983346545
2023-08-02 08:00:00,1.3077643983346545,1.3045205063845882,1.3037886653071167,1.3042864668523206
2023-08-02 12:00:00,1.3042864668523206,1.3041351660812035,1.3034788469211822,1.3036753240742276
2023-08-02 16:00:00,1.3036753240742276,1.298525335115946,1.297452401135776,1.2982183243357326
2023-08-02 20:00:00,1.2982183243357326,1.2986297633551587,1.2973081794642112,1.2978261451384117
2023-08-03 00:00:00,1.2978261451384117,1.2897429124420883,1.2891263306788485,1.2894187821193355
2023-08-03 04:00:00,1.2894187821193355,1.285953749590553,1.2854152699169974,1.285901581610502
2023-08-03 08:00:00,1.285901581610502,1.2777324250822368,1.2765246759316153,1.277347326504185
2023-08-03 12:00:00,1.277347326504185,1.2812269296868115,1.2801858699298296,1.2807951613268742
2023-08-03 16:00:00,1.2807951613268742,1.285583768852286,1.2846212460626263,1.285306797432252
2023-08-03 20:00:00,1.285306797432252,1.2755223325785534,1.2754088805868735,1.2754725412477192
2023-08-04 00:00:00,1.2754725412477192,1.2837500136164046,1.2827538557058042,1.2828861785477266
2023-08-04 04:00:00,1.2828861785477266,1.3001389999410817,1.2986801037151934,1.2993004998787658
2023-08-04 08:00:00,1.2993004998787658,1.3009465743916666,1.3004243985699926,1.3009425814380957
2023-08-04 12:00:00,1.3009425814380957,1.297438266835807,1.2965538875874771,1.2967509073384598
2023-08-04 16:00:00,1.2967509073384598,1.3164929882052454,1.3150868979107564,1.3153853881228001
2023-08-04 20:00:00,1.3153853881228001,1.3081893346291167,1.3062287537208077,1.3071114784199687
2023-08-05 00:00:00,1.3071114784199687,1.307020611854344,1.306285706388228,1.3066024074656923
2023-08-05 04:00:00,1.3066024074656923,1.307865440070338,1.307790713105236,1.3078567031338564
2023-08-05 08:00:00,1.3078567031338564,1.3175740830294038,1.3172095351385393,1.3173816752528904
2023-08-05 12:00:00,1.3173816752528904,1.321332742080549,1.3202552319824032,1.3207494222909433
2023-08-05 16:00:00,1.3207494222909433,1.3179803899380371,1.3173767085812889,1.3174755713269857
2023-08-05 20:00:00,1.3174755713269857,1.3111199888631766,1.3103422239763323,1.3106006481127663
2023-08-06 00:00:00,1.3106006481127663,1.3078136685583315,1.3074934777052778,1.3076636943380535
2023-08-06 04:00:00,1.3076636943380535,1.3015721840534897,1.2998757802322425,1.3005567462352718
2023-08-06 08:00:00,1.3005567462352718,1.3003596264666908,1.2995332155049197,1.300319089124903
2023-08-06 12:00:00,1.300319089124903,1.297185415490136,1.295989627793048,1.296571929262276
2023-08-06 16:00:00,1.296571929262276,1.2868305362439618,1.286229367634436,1.2865696320956685
2023-08-06 20:00:00,1.2865696320956685,1.2947927203388625,1.2939216140404204,1.2942160888843537
2023-08-07 00:00:00,1.2942160888843537,1.2928651314320216,1.290941241432894,1.2914187608599788
2023-08-07 04:00:00,1.2914187608599788,1.2828755718787184,1.2816519906862587,1.282719358199724
2023-08-07 08:00:00,1.282719358199724,1.2815482044788997,1.2804710827908832,1.2808784918191363
2023-08-07 12:00:00,1.2808784918191363,1.2814777835995992,1.280648133186411,1.2811847839049912
2023-08-07 16:00:00,1.2811847839049912,1.2710086388242874,1.2700847285467716,1.2701132226357907
2023-08-07 20:00:00,1.2701132226357907,1.272183594406305,1.2708374710435197,1.2714289300580934
2023-08-08 00:00:00,1.2714289300580934,1.2650567179356833,1.2645057617134083,1.2648193716886384
2023-08-08 04:00:00,1.2648193716886384,1.2756606787889166,1.2750432456806726,1.2754039840861813
2023-08-08 08:00:00,1.2754039840861813,1.2803394456133834,1.2794532443949997,1.2798205521778423
2023-08-08 12:00:00,1.2798205521778423,1.2777951327165293,1.276980018197781,1.277473416758709
2023-08-08 16:00:00,1.277473416758709,1.2730118258208263,1.2723299721312307,1.272384494935276
2023-08-08 20:00:00,1.272384494935276,1.27150874446838,1.2709525407111084,1.2712906870043128
2023-08-09 00:00:00,1.2712906870043128,1.2758362259259899,1.274306690655478,1.275093587707162
2023-08-09 04:00:00,1.275093587707162,1.2755457690525513,1.275144809945622,1.2752378077853297
2023-08-09 08:00:00,1.2752378077853297,1.2742559281597179,1.2738816386077436,1.273935875365904
2023-08-09 12:00:00,1.273935875365904,1.2750212014498024,1.2735280916111587,1.274174535709125
2023-08-09 16:00:00,1.274174535709125,1.2715711768108275,1.2703071924828364,1.2707833833179958
2023-08-09 20:00:00,1.2707833833179958,1.268856188709958,1.26797651790879,1.2685955637210056
2023-08-10 00:00:00,1.2685955637210056,1.2574312124165057,1.2566920366021117,1.2570542479834808
2023-08-10 04:00:00,1.2570542479834808,1.2621657955923993,1.261615013250071,1.2617828872850052
2023-08-10 08:00:00,1.2617828872850052,1.264217956461372,1.2632819986393884,1.2639033056512896
2023-08-10 12:00:00,1.2639033056512896,1.2602316225763421,1.259588556183457,1.2596640716326872
2023-08-10 16:00:00,1.2596640716326872,1.2702048665436576,1.2698515591878523,1.2701547673724183
2023-08-10 20:00:00,1.2701547673724183,1.2725412953724298,1.2707818327053442,1.2715230991126032
2023-08-11 00:00:00,1.2715230991126032,1.2655885407501606,1.265218816622439,1.2655662340645355
2023-08-11 04:00:00,1.2655662340645355,1.2707413332235402,1.2695315451997844,1.270161740232526
2023-08-11 08:00:00,1.270161740232526,1.2730417178928093,1.2723670814410435,1.2728925304039682
2023-08-11 12:00:00,1.2728925304039682,1.2757183145804958,1.2752530725494162,1.2754196003247285
2023-08-11 16:00:00,1.2754196003247285,1.2740257613402186,1.272955946852576,1.2731746022222077
2023-08-11 20:00:00,1.2731746022222077,1.2757236160999783,1.2749419654011684,1.2755342993919738
2023-08-12 00:00:00,1.2755342993919738,1.2746479150396746,1.2741992669893145,1.274273291383129
2023-08-12 04:00:00,1.274273291383129,1.2776025192939584,1.277128002436903,1.2771701214431666
2023-08-12 08:00:00,1.2771701214431666,1.2681574782644771,1.2669250582060083,1.2672733760521724
2023-08-12 12:00:00,1.2672733760521724,1.2641726261156108,1.2634952690046908,1.2640645383596378
2023-08-12 16:00:00,1.2640645383596378,1.2738560534698298,1.2725263214680451,1.2733450337083163
2023-08-12 20:00:00,1.2733450337083163,1.2698212856826534,1.2691924245363144,1.2696388986887348
2023-08-13 00:00:00,1.2696388986887348,1.2665336360276134,1.2649036751026068,1.2658751529746244
2023-08-13 04:00:00,1.2658751529746244,1.263749015658289,1.2630195171619696,1.263024603113747
2023-08-13 08:00:00,1.263024603113747,1.2563535746397478,1.2551507550903678,1.2560040635031182
2023-08-13 12:00:00,1.2560040635031182,1.243165323921933,1.2426106151570302,1.2429021767059214
2023-08-13 16:00:00,1.2429021767059214,1.2411322988428444,1.2400867417672479,1.2404594207031958
2023-08-13 20:00:00,1.2404594207031958,1.2413211154729054,1.2410522800145019,1.2410728251124803
2023-08-14 00:00:00,1.2410728251124803,1.2410841492768676,1.2407444624035529,1.2408200916276033
2023-08-14 04:00:00,1.2408200916276033,1.2405091706656648,1.2392319747389455,1.2399982487040264
2023-08-14 08:00:00,1.2399982487040264,1.2413764004644718,1.239042336136207,1.2401631391578762
2023-08-14 12:00:00,1.2401631391578762,1.2459328686177185,1.2453685963890793,1.2454663766283554
2023-08-14 16:00:00,1.2454663766283554,1.2449874021294127,1.2442378999524089,1.2448914924826084
2023-08-14 20:00:00,1.2448914924826084,1.2423178371231771,1.2417629572275866,1.2419339137551433
2023-08-15 00:00:00,1.2419339137551433,1.240343336065542,1.2399774037985882,1.2402867806985292
2023-08-15 04:00:00,1.2402867806985292,1.243171228875956,1.2422147629213707,1.2430021886715577
2023-08-15 08:00:00,1.2430021886715577,1.2510959312351744,1.2499549665892113,1.2501193657123275
2023-08-15 12:00:00,1.2501193657123275,1.2481172626698294,1.247444512864789,1.2475057180403812
2023-08-15 16:00:00,1.2475057180403812,1.2478591667078873,1.247383345614973,1.2477918850590568
2023-08-15 20:00:00,1.2477918850590568,1.2494596653936059,1.2484398385915123,1.2494505003909933
2023-08-16 00:00:00,1.2494505003909933,1.2449442435546887,1.2446235818526186,1.244885778589425
2023-08-16 04:00:00,1.244885778589425,1.2446729169770836,1.24414907265279,1.2446188424429478
2023-08-16 08:00:00,1.2446188424429478,1.237911781442552,1.2372744159634248,1.2378543099415256
2023-08-16 12:00:00,1.2378543099415256,1.229358915475665,1.2283137698214255,1.2289297407338486
2023-08-16 16:00:00,1.2289297407338486,1.2303498864018854,1.2295398116439018,1.230050253812695
2023-08-16 20:00:00,1.230050253812695,1.228479174921061,1.22736255368852,1.2282733597321285
2023-08-17 00:00:00,1.2282733597321285,1.2305872865991654,1.2277404787487325,1.2290956613345463
2023-08-17 04:00:00,1.2290956613345463,1.2292259425394179,1.2283791614598218,1.2290785539592495
2023-08-17 08:00:00,1.2290785539592495,1.2255374121733955,1.2244878049682653,1.224726330126358
2023-08-17 12:00:00,1.224726330126358,1.2244915437600599,1.2241169880162348,1.2241750601502266
2023-08-17 16:00:00,1.2241750601502266,1.2194783227102675,1.218673962986899,1.2187594996406987
2023-08-17 20:00:00,1.2187594996406987,1.2249987257661874,1.2236189236216843,1.2245450371627689
2023-08-18 00:00:00,1.2245450371627689,1.2189011499015583,1.218428831487485,1.2187735293356057
2023-08-18 04:00:00,1.2187735293356057,1.217684109271517,1.2169524276466062,1.2173922488756566
2023-08-18 08:00:00,1.2173922488756566,1.2131007157978853,1.2116678582491673,1.2125015306302476
2023-08-18 12:00:00,1.2125015306302476,1.21481362815757,1.2146813034910438,1.2147674534446908
2023-08-18 16:00:00,1.2147674534446908,1.214262962144086,1.2134235636505215,1.213424083546214
2023-08-18 20:00:00,1.213424083546214,1.2111877463521423,1.210251109541688,1.210987325913817
2023-08-19 00:00:00,1.210987325913817,1.2147079060463655,1.214563202837858,1.2145901150092524
2023-08-19 04:00:00,1.2145901150092524,1.2150437228439135,1.2147316393998777,1.2150105740590793
2023-08-19 08:00:00,1.2150105740590793,1.2176845817340542,1.2172817660380024,1.2172862895071137
2023-08-19 12:00:00,1.2172862895071137,1.2140975779688061,1.2129019839144202,1.2132542758847393
2023-08-19 16:00:00,1.2132542758847393,1.2069010574928645,1.206139309803414,1.206859858215241
2023-08-19 20:00:00,1.206859858215241,1.206863265067611,1.206390701800241,1.2068294514231075
2023-08-20 00:00:00,1.2068294514231075,1.205802288886952,1.2051046406859558,1.2054525057097973
2023-08-20 04:00:00,1.2054525057097973,1.2080806449855341,1.2078116900172982,1.2079899483242622
2023-08-20 08:00:00,1.2079899483242622,1.2083588594497934,1.2078265126343863,1.2078570023858242
2023-08-20 12:00:00,1.2078570023858242,1.2086834427271083,1.2080358418911863,1.2086798888819301
2023-08-20 16:00:00,1.2086798888819301,1.2028479092613282,1.2021356154061185,1.2023271378398037
2023-08-20 20:00:00,1.2023271378398037,1.2105600567436121,1.2087301623925668,1.2096285159144287
2023-08-21 00:00:00,1.2096285159144287,1.209848878673369,1.2094814097075082,1.2094970976609687
2023-08-21 04:00:00,1.2094970976609687,1.2127117113842518,1.211657748005485,1.212430882530803
2023-08-21 08:00:00,1.212430882530803,1.2093662590280299,1.20912570799687,1.2091403476254727
2023-08-21 12:00:00,1.2091403476254727,1.2108098973108934,1.2095916628710905,1.210179186567763
2023-08-21 16:00:00,1.210179186567763,1.205214356774564,1.2044776184613946,1.2048938396434463
2023-08-21 20:00:00,1.2048938396434463,1.2070756059289829,1.2061317403611453,1.2063850160657352
2023-08-22 00:00:00,1.2063850160657352,1.2050586915234072,1.2049425561219351,1.2050249364724674
2023-08-22 04:00:00,1.2050249364724674,1.2052026154579132,1.2048754896046725,1.2050351154324055
2023-08-22 08:00:00,1.2050351154324055,1.208189824276692,1.2076803669471392,1.2077829001312643
2023-08-22 12:00:00,1.2077829001312643,1.2031927957736255,1.2031503852329215,1.2031543674305238
2023-08-22 16:00:00,1.2031543674305238,1.2003302265760882,1.199665963010152,1.2000366471404782
2023-08-22 20:00:00,1.2000366471404782,1.2025120630119754,1.2009625576434422,1.2016295837062465
2023-08-23 00:00:00,1.2016295837062465,1.2103285549107636,1.2095638224247185,1.2101150050973921
2023-08-23 04:00:00,1.2101150050973921,1.210754848402064,1.2100181841154394,1.2102047497523658
2023-08-23 08:00:00,1.2102047497523658,1.2127709359251035,1.2125775454163605,1.2126585719172207
2023-08-23 12:00:00,1.2126585719172207,1.2127326018227744,1.2122760954315426,1.2124144474152154
2023-08-23 16:00:00,1.2124144474152154,1.2207027839857565,1.2200030699429112,1.2201602365767668
2023-08-23 20:00:00,1.2201602365767668,1.2141363829504408,1.212788252925286,1.213357957488255
2023-08-24 00:00:00,1.213357957488255,1.213563618705366,1.2124206448426351,1.2132339192950157
2023-08-24 04:00:00,1.2132339192950157,1.2070522034873563,1.206019743164659,1.2063037999764805
2023-08-24 08:00:00,1.2063037999764805,1.195401016728904,1.1944926249337346,1.1946817246681423
2023-08-24 12:00:00,1.1946817246681423,1.1959418694952968,1.1948405413347678,1.1951885562752267
2023-08-24 16:00:00,1.1951885562752267,1.1958884140058303,1.1957096482736544,1.1958794255314829
2023-08-24 20:00:00,1.1958794255314829,1.1952788365917655,1.1936301173574424,1.1946466648616443
2023-08-25 00:00:00,1.1946466648616443,1.1943428830256269,1.193197952414388,1.1940793854617016
2023-08-25 04:00:00,1.1940793854617016,1.20827035794113,1.207004417027882,1.2073690589019146
2023-08-25 08:00:00,1.2073690589019146,1.207555677127804,1.20627273096926,1.207188554458829
2023-08-25 12:00:00,1.207188554458829,1.2103937415764279,1.2095354884879401,1.2095570663434847
2023-08-25 16:00:00,1.2095570663434847,1.2074689320222085,1.2064084094171017,1.2067491882272483
2023-08-25 20:00:00,1.2067491882272483,1.2078778799321366,1.207312956698482,1.2078776486389946
2023-08-26 00:00:00,1.2078776486389946,1.2069193792018496,1.2068762327468587,1.2069028958563501
2023-08-26 04:00:00,1.2069028958563501,1.2052860999994748,1.2048709483871198,1.2050388384446336
2023-08-26 08:00:00,1.2050388384446336,1.2129207770288308,1.2126123178193748,1.212705632571915
2023-08-26 12:00:00,1.212705632571915,1.2187158770743292,1.2183598478347164,1.2186806576253595
2023-08-26 16:00:00,1.2186806576253595,1.220076693775489,1.2193059477678543,1.219802402985265
2023-08-26 20:00:00,1.219802402985265,1.2100678172872688,1.2093249409695022,1.2093798937056095
2023-08-27 00:00:00,1.2093798937056095,1.2068892082582126,1.206297386741598,1.206785409293702
2023-08-27 04:00:00,1.206785409293702,1.2202258549553022,1.2196969628688294,1.219702179931113
2023-08-27 08:00:00,1.219702179931113,1.2199316893447198,1.2193346286700366,1.2195075092581829
2023-08-27 12:00:00,1.2195075092581829,1.2255838888780575,1.2247689944599176,1.225187057912066
2023-08-27 16:00:00,1.225187057912066,1.233872943200829,1.2326993016412013,1.2332557096125627
2023-08-27 20:00:00,1.2332557096125627,1.235248925881841,1.234908073286707,1.2351085247314912
2023-08-28 00:00:00,1.2351085247314912,1.2315030809784926,1.230485410895096,1.2307312689647634
2023-08-28 04:00:00,1.2307312689647634,1.217672622770047,1.2171184221173659,1.2173582531102016
2023-08-28 08:00:00,1.2173582531102016,1.2205952530038204,1.2200916388499912,1.220251647381198
2023-08-28 12:00:00,1.220251647381198,1.216272539439875,1.2156065917232364,1.21583977005122
2023-08-28 16:00:00,1.21583977005122,1.2166938138719796,1.21598881739901,1.2164890707021314
2023-08-28 20:00:00,1.2164890707021314,1.2097481253940607,1.2094468592047218,1.209689765823773
2023-08-29 00:00:00,1.209689765823773,1.2079856328367498,1.2068411669645918,1.2076656947093694
2023-08-29 04:00:00,1.2076656947093694,1.207952035672692,1.2075588097212826,1.2076881963297723
2023-08-29 08:00:00,1.2076881963297723,1.2097860611616995,1.2078669290409545,1.2091019691567626
2023-08-29 12:00:00,1.2091019691567626,1.2038591602072182,1.2028677562073864,1.20351110627097
2023-08-29 16:00:00,1.20351110627097,1.209887348848223,1.2088643525565372,1.209288635798072
2023-08-29 20:00:00,1.209288635798072,1.2071295755015492,1.2060605580359527,1.206589876566477
2023-08-30 00:00:00,1.206589876566477,1.198058189046388,1.1973347855921848,1.1976644345953802
2023-08-30 04:00:00,1.1976644345953802,1.1971662901529148,1.1960968859264354,1.1963619684819442
2023-08-30 08:00:00,1.1963619684819442,1.1964402683186548,1.1960901346973944,1.1964391933411274
2023-08-30 12:00:00,1.1964391933411274,1.1976525783843346,1.1968357471096793,1.1972608335933006
2023-08-30 16:00:00,1.1972608335933006,1.2041157816708212,1.2039791532716704,1.2040565330958002
2023-08-30 20:00:00,1.2040565330958002,1.2036591766795603,1.2027277918950745,1.203394172931827
2023-08-31 00:00:00,1.203394172931827,1.2030467954902713,1.2026500599934284,1.2027500866130045
2023-08-31 04:00:00,1.2027500866130045,1.1976383363280731,1.1973839653866805,1.197430853141177
2023-08-31 08:00:00,1.197430853141177,1.2017629340666034,1.2004004398377899,1.2009925072333474
2023-08-31 12:00:00,1.2009925072333474,1.2028687282347925,1.2019978847869395,1.2021743864881806
2023-08-31 16:00:00,1.2021743864881806,1.2002880498523707,1.2001444471852156,1.2002787880785644
2023-08-31 20:00:00,1.2002787880785644,1.1913104590851842,1.1910877569049056,1.1912998286217509
2023-09-01 00:00:00,1.1912998286217509,1.197833968091777,1.1975357591111833,1.1976693821725666
2023-09-01 04:00:00,1.1976693821725666,1.1928845963716015,1.1916425096506211,1.191990496035203
2023-09-01 08:00:00,1.191990496035203,1.1885644819075205,1.1884295417105062,1.188514795316243
2023-09-01 12:00:00,1.188514795316243,1.1903443928999087,1.1899635941586817,1.1900596486842767
2023-09-01 16:00:00,1.1900596486842767,1.1847103567280237,1.1840598381664622,1.1842482474602871
2023-09-01 20:00:00,1.1842482474602871,1.176631427980846,1.1759950955517595,1.1762701071337514
2023-09-02 00:00:00,1.1762701071337514,1.1648483242387673,1.1639796977908083,1.1646031096634049
2023-09-02 04:00:00,1.1646031096634049,1.1677129374968134,1.166724992047074,1.16767957883773
2023-09-02 08:00:00,1.16767957883773,1.1649823804225778,1.1645231137509708,1.1649316599387842
2023-09-02 12:00:00,1.1649316599387842,1.1811314405749875,1.1803505557548226,1.1806436108027574
2023-09-02 16:00:00,1.1806436108027574,1.176513486015865,1.175544539689209,1.1758973268444577
2023-09-02 20:00:00,1.1758973268444577,1.171049967752655,1.1698590127129915,1.1699814290324353
2023-09-03 00:00:00,1.1699814290324353,1.1661955021000248,1.1654011378048887,1.16609594889865
2023-09-03 04:00:00,1.16609594889865,1.1674587415179403,1.166858988247133,1.1672399861508118
2023-09-03 08:00:00,1.1672399861508118,1.1646775356110417,1.1642110365875455,1.1646066020428998
2023-09-03 12:00:00,1.1646066020428998,1.1684598535162005,1.1677807977467278,1.1678842247599772
2023-09-03 16:00:00,1.1678842247599772,1.162840732339844,1.162263361822698,1.162637330020591
2023-09-03 20:00:00,1.162637330020591,1.1546939638892835,1.1536942396275762,1.1544335937068617
2023-09-04 00:00:00,1.1544335937068617,1.144463787949248,1.142578349928414,1.1434002335702913
2023-09-04 04:00:00,1.1434002335702913,1.1292328596304284,1.1282124435730372,1.129125677495543
2023-09-04 08:00:00,1.129125677495543,1.125117775576603,1.1244104655721632,1.1246553357458762
2023-09-04 12:00:00,1.1246553357458762,1.1225541412324498,1.1219926328631122,1.1223781308894383
2023-09-04 16:00:00,1.1223781308894383,1.1182850306770902,1.1180294806317286,1.1182723627698195
2023-09-04 20:00:00,1.1182723627698195,1.1258099947495623,1.125323963733667,1.1256202780909106
2023-09-05 00:00:00,1.1256202780909106,1.1344497333046675,1.13387848037673,1.1339892010693366
2023-09-05 04:00:00,1.1339892010693366,1.1327631985288134,1.1321419147397416,1.1324808774347834
2023-09-05 08:00:00,1.1324808774347834,1.1218266277599571,1.120904019849461,1.1210924817877403
2023-09-05 12:00:00,1.1210924817877403,1.116555194821209,1.115937658155001,1.1164780178977736
2023-09-05 16:00:00,1.1164780178977736,1.1127258386939778,1.1121724615559339,1.1122235298872898
2023-09-05 20:00:00,1.1122235298872898,1.107709016007472,1.107013657906901,1.107679506970362
2023-09-06 00:00:00,1.107679506970362,1.1038787544235866,1.1028091562458184,1.1028974474014166
2023-09-06 04:00:00,1.1028974474014166,1.098556733953933,1.0978601297605097,1.0984087109619716
2023-09-06 08:00:00,1.0984087109619716,1.0958405716197803,1.095551720526697,1.0956423592333213
2023-09-06 12:00:00,1.0956423592333213,1.092280849562058,1.091252585796558,1.0915492337570167
2023-09-06 16:00:00,1.0915492337570167,1.0925651290400547,1.0923533735115043,1.0924803548401265
2023-09-06 20:00:00,1.0924803548401265,1.094840780311605,1.0941883328796989,1.0946619189739537
2023-09-07 00:00:00,1.0946619189739537,1.0900112120364287,1.0889430485671494,1.0896358158907644
2023-09-07 04:00:00,1.0896358158907644,1.096680464471529,1.095415324880769,1.0965241320959331
2023-09-07 08:00:00,1.0965241320959331,1.0920053436810901,1.090975390007181,1.091339545608524
2023-09-07 12:00:00,1.091339545608524,1.0815741867270188,1.0813588077070246,1.0814899215221248
2023-09-07 16:00:00,1.0814899215221248,1.0831468352508777,1.0828151568514324,1.0830145735457986
2023-09-07 20:00:00,1.0830145735457986,1.0784558346348534,1.0776149320029291,1.0783267805866459
2023-09-08 00:00:00,1.0783267805866459,1.08010749527954,1.0794139414650892,1.0798381418009435
2023-09-08 04:00:00,1.0798381418009435,1.0663560569844863,1.06626490681828,1.066320507841695
2023-09-08 08:00:00,1.066320507841695,1.0738825081238892,1.0737028636766415,1.07373932281383
2023-09-08 12:00:00,1.07373932281383,1.0786858810993123,1.0783799555236886,1.078542866579102
2023-09-08 16:00:00,1.078542866579102,1.069618495895274,1.06939429478465,1.0695841141883822
2023-09-08 20:00:00,1.0695841141883822,1.0594865767775923,1.0593259114737268,1.0594694036505798
2023-09-09 00:00:00,1.0594694036505798,1.0700243334562836,1.0696157815899614,1.0696986427217041
2023-09-09 04:00:00,1.0696986427217041,1.0655160890320972,1.0654409171720125,1.0654646726757493
2023-09-09 08:00:00,1.0654646726757493,1.0596494483740022,1.059219439892062,1.0595011667997454
2023-09-09 12:00:00,1.0595011667997454,1.0439444129246191,1.0429338934849508,1.0438689172158482
2023-09-09 16:00:00,1.0438689172158482,1.0404283436702957,1.039488482290261,1.04013100594759
2023-09-09 20:00:00,1.04013100594759,1.0383910447968463,1.0373260609660315,1.0382415749325982
2023-09-10 00:00:00,1.0382415749325982,1.0437985014303321,1.0425009364912015,1.042951141710814
2023-09-10 04:00:00,1.042951141710814,1.0342921583357594,1.0338209250099941,1.0339147055389126
2023-09-10 08:00:00,1.0339147055389126,1.022932159654757,1.0225429694817956,1.0228181537519772
2023-09-10 12:00:00,1.0228181537519772,1.0252781018909145,1.0238910108062877,1.02511921306149
2023-09-10 16:00:00,1.02511921306149,1.0323601377126508,1.03224646713087,1.0322580797551206
2023-09-10 20:00:00,1.0322580797551206,1.0220292639570459,1.0215699699371619,1.0218938673896933
2023-09-11 00:00:00,1.0218938673896933,1.028934507134071,1.0284103201702899,1.028819592059261
2023-09-11 04:00:00,1.028819592059261,1.030351730925664,1.0293601785383204,1.0296473800006678
2023-09-11 08:00:00,1.0296473800006678,1.0377818514659451,1.0372266581453609,1.037351486918257
2023-09-11 12:00:00,1.037351486918257,1.0377334448245323,1.0372152360092746,1.037470930318273
2023-09-11 16:00:00,1.037470930318273,1.0209470950134414,1.0202795044323598,1.020439784767931
2023-09-11 20:00:00,1.020439784767931,1.0189120374424971,1.0175679251442091,1.0179880799959151
2023-09-12 00:00:00,1.0179880799959151,1.025697842306925,1.0249324275265541,1.0252971266013564
2023-09-12 04:00:00,1.0252971266013564,1.0195930494778735,1.01931695278645,1.0194940906685024
2023-09-12 08:00:00,1.0194940906685024,1.0173262206437028,1.0162238007194935,1.0162773038061692
2023-09-12 12:00:00,1.0162773038061692,1.0150185675326249,1.0145985046777963,1.014798049089341
2023-09-12 16:00:00,1.014798049089341,0.996121109888664,0.9953161868932672,0.9954013989824314
2023-09-12 20:00:00,0.9954013989824314,1.006343336721973,1.005782356803108,1.0060658011947383
2023-09-13 00:00:00,1.0060658011947383,1.0001450410475483,0.9997724243668875,1.0001237534389504
2023-09-13 04:00:00,1.0001237534389504,1.0035445277679362,1.0027436198686053,1.0034427050031602
2023-09-13 08:00:00,1.0034427050031602,1.0035986027435944,1.0027283147913786,1.0030710881156302
2023-09-13 12:00:00,1.0030710881156302,1.012004937516068,1.0118566397681141,1.0119502961555964
2023-09-13 16:00:00,1.0119502961555964,1.0159083095191066,1.015607558311555,1.0156167709816386
2023-09-13 20:00:00,1.0156167709816386,1.0146790113593593,1.0139593740864628,1.0142312247998269
2023-09-14 00:00:00,1.0142312247998269,1.008074159356624,1.0076017767445065,1.0079694935596106
2023-09-14 04:00:00,1.0079694935596106,1.0132872242020114,1.0121714031097528,1.0129736573257302
2023-09-14 08:00:00,1.0129736573257302,1.0009132822044218,1.0005021639677942,1.0005766716917588
2023-09-14 12:00:00,1.0005766716917588,1.0044236419458097,1.0041590461949186,1.004192924062015
2023-09-14 16:00:00,1.004192924062015,0.9969987544060666,0.9964617477890462,0.9968004431376517
2023-09-14 20:00:00,0.9968004431376517,1.0053399753429835,1.0043026043510368,1.0050527112729442
2023-09-15 00:00:00,1.0050527112729442,1.0070033275047476,1.006867389443531,1.0068788553531955
2023-09-15 04:00:00,1.0068788553531955,1.011595994819182,1.0111456654295043,1.0115417996938476
2023-09-15 08:00:00,1.0115417996938476,1.0127345748382162,1.0122263683593995,1.012486842343306
2023-09-15 12:00:00,1.012486842343306,1.001058338867838,1.0003683717242002,1.0008594176072645
2023-09-15 16:00:00,1.0008594176072645,0.9940178688134225,0.9939146162524908,0.9939884917077444
2023-09-15 20:00:00,0.9939884917077444,0.9990868911196142,0.9980885547990387,0.9981127831616909
2023-09-16 00:00:00,0.9981127831616909,0.999710353933133,0.999226594496391,0.999589906356147
2023-09-16 04:00:00,0.999589906356147,1.0078551724803384,1.0067639926558536,1.0076088369059852
2023-09-16 08:00:00,1.0076088369059852,1.0113510001657635,1.0108207895179,1.0110143770872835
2023-09-16 12:00:00,1.0110143770872835,1.0049936457904034,1.0043323188224036,1.0047959957411088
2023-09-16 16:00:00,1.0047959957411088,0.9998384045620121,0.9989309757386834,0.9989683856338725
2023-09-16 20:00:00,0.9989683856338725,0.9993512739788527,0.9988288496823393,0.9991917004080679
2023-09-17 00:00:00,0.9991917004080679,0.984832464534294,0.984468490300748,0.984475347860284
2023-09-17 04:00:00,0.984475347860284,0.9948613327594129,0.9945185462687479,0.9947117566612403
2023-09-17 08:00:00,0.9947117566612403,0.9987727829440822,0.9983203081867176,0.9986684482398646
2023-09-17 12:00:00,0.9986684482398646,1.0079299056504945,1.0070111928392045,1.0076107972158002
2023-09-17 16:00:00,1.0076107972158002,0.9972238859308445,0.9967718026154219,0.9969958120323847
2023-09-17 20:00:00,0.9969958120323847,1.0055928961568215,1.0049137668838921,1.005335083341518
2023-09-18 00:00:00,1.005335083341518,1.023597027601037,1.0227688605589522,1.0229182723522732
2023-09-18 04:00:00,1.0229182723522732,1.013950385909282,1.0132167868941817,1.0135512117805892
2023-09-18 08:00:00,1.0135512117805892,1.0194949093251502,1.0188166602166628,1.0191725767074018
2023-09-18 12:00:00,1.0191725767074018,1.0199538275308464,1.0194323112002697,1.019632734459034
2023-09-18 16:00:00,1.019632734459034,1.007777737186446,1.0070498297524393,1.007592511258294
2023-09-18 20:00:00,1.007592511258294,1.011414674124661,1.0099684997629725,1.0105990092296042
2023-09-19 00:00:00,1.0105990092296042,1.01742904373038,1.016944359667918,1.0174111746115846
2023-09-19 04:00:00,1.0174111746115846,1.01344827689927,1.0131131062362286,1.0132143207003705
2023-09-19 08:00:00,1.0132143207003705,1.0225333653666175,1.0217641072994783,1.0219402668284607
2023-09-19 12:00:00,1.0219402668284607,1.0098743098654719,1.0092597043643756,1.0095411771524136
2023-09-19 16:00:00,1.0095411771524136,0.9970324949652041,0.9964402794244603,0.996553822659361
2023-09-19 20:00:00,0.996553822659361,0.9971601327473366,0.9961973561383172,0.9966522134311112
2023-09-20 00:00:00,0.9966522134311112,0.9978789441315294,0.9966810349985149,0.9968611329044383
2023-09-20 04:00:00,0.9968611329044383,0.9916169486191855,0.9913306861265753,0.991457399319634
2023-09-20 08:00:00,0.991457399319634,0.9982966258854779,0.9968972650441714,0.9971026128152717
2023-09-20 12:00:00,0.9971026128152717,1.0018719972479195,1.0013947582922578,1.0015389703587545
2023-09-20 16:00:00,1.0015389703587545,1.0084779698016844,1.0081137535689435,1.0082799642058993
2023-09-20 20:00:00,1.0082799642058993,1.0084584118248914,1.0073370879859682,1.0079000871464427
2023-09-21 00:00:00,1.0079000871464427,1.0123614714330929,1.0113598834349051,1.0122008845727224
2023-09-21 04:00:00,1.0122008845727224,1.0097178267800366,1.0090595510721219,1.0093814437425728
2023-09-21 08:00:00,1.0093814437425728,1.023915038000397,1.022848565624301,1.0234786415604673
2023-09-21 12:00:00,1.0234786415604673,1.0185939232979762,1.0180861945324027,1.018586657819359
2023-09-21 16:00:00,1.018586657819359,1.0337384607654263,1.0334595240848907,1.0337229272761659
2023-09-21 20:00:00,1.0337229272761659,1.035716564547411,1.0347143310031937,1.0352185534040126
2023-09-22 00:00:00,1.0352185534040126,1.0253181828811024,1.0246272759869433,1.0249123119833379
2023-09-22 04:00:00,1.0249123119833379,1.0350529532189856,1.034560733792021,1.034711458166843
2023-09-22 08:00:00,1.034711458166843,1.0365216261540058,1.03608809943173,1.0365023632662358
2023-09-22 12:00:00,1.0365023632662358,1.0432646211448984,1.0427092521508625,1.0432321199880685
2023-09-22 16:00:00,1.0432321199880685,1.0539739855263175,1.0532444224878197,1.053323413944002
2023-09-22 20:00:00,1.053323413944002,1.0570093864916654,1.0563375947083002,1.056846608792292
2023-09-23 00:00:00,1.056846608792292,1.0536218188474125,1.052035080776357,1.0524819532354968
2023-09-23 04:00:00,1.0524819532354968,1.0597902949909037,1.059629960146612,1.059678968514585
2023-09-23 08:00:00,1.059678968514585,1.060877696958051,1.0598531065522343,1.0602627376334894
2023-09-23 12:00:00,1.0602627376334894,1.0658666558824859,1.0652731931072967,1.0654549764709844
2023-09-23 16:00:00,1.0654549764709844,1.0502642828450102,1.0492973820867864,1.0499231966178302
2023-09-23 20:00:00,1.0499231966178302,1.0524601422992883,1.052118438645555,1.0521809615172706
2023-09-24 00:00:00,1.0521809615172706,1.0480973049070275,1.0474665713086213,1.047521105702365
2023-09-24 04:00:00,1.047521105702365,1.0596536370846839,1.0587120721261025,1.0595673959260774
2023-09-24 08:00:00,1.0595673959260774,1.0660368429228244,1.064929470332414,1.0654355953338186
2023-09-24 12:00:00,1.0654355953338186,1.0679401671239241,1.0672790344147651,1.0677878289919174
2023-09-24 16:00:00,1.0677878289919174,1.0726524523185414,1.0712344609048292,1.0716935133613958
2023-09-24 20:00:00,1.0716935133613958,1.0650849359687633,1.0641551100630977,1.0645188848395761
2023-09-25 00:00:00,1.0645188848395761,1.0763240001320196,1.075645451560561,1.0762015239627745
2023-09-25 04:00:00,1.0762015239627745,1.0940133336931175,1.0927875115149361,1.0929101688082998
2023-09-25 08:00:00,1.0929101688082998,1.0977288062961534,1.0973407554717156,1.0975966840642808
2023-09-25 12:00:00,1.0975966840642808,1.1116625305744916,1.1108902168497408,1.111376810198911
2023-09-25 16:00:00,1.111376810198911,1.107801177461293,1.1069800985719425,1.107481939487847
2023-09-25 20:00:00,1.107481939487847,1.1003850619552185,1.0998645177440687,1.1003510110516836
2023-09-26 00:00:00,1.1003510110516836,1.1005221273165713,1.1001112216370224,1.1001308048816787
2023-09-26 04:00:00,1.1001308048816787,1.1047885112263163,1.1033483398200095,1.1036645152082742
2023-09-26 08:00:00,1.1036645152082742,1.101552877984714,1.1007146561818877,1.1007989167266992
2023-09-26 12:00:00,1.1007989167266992,1.104991712797503,1.1043444330213061,1.1047608085397216
2023-09-26 16:00:00,1.1047608085397216,1.1080746971903124,1.1069781377151382,1.107431897653742
2023-09-26 20:00:00,1.107431897653742,1.100366812928489,1.0999989859297266,1.1001880757503035
2023-09-27 00:00:00,1.1001880757503035,1.1039186769461964,1.1033614728145007,1.1035006784964432
2023-09-27 04:00:00,1.1035006784964432,1.1103393811830387,1.1095577874713194,1.1101389577844847
2023-09-27 08:00:00,1.1101389577844847,1.112470688625155,1.1115072353112623,1.111945319574083
2023-09-27 12:00:00,1.111945319574083,1.1204608716117797,1.1200771781889374,1.1204282346879426
2023-09-27 16:00:00,1.1204282346879426,1.1125287439656804,1.1118066124752577,1.1121559430412387
2023-09-27 20:00:00,1.1121559430412387,1.1150204320673847,1.1144629441052496,1.1149755226940137
